statistic,source,condition,score,p_value,comparison
ulm,ADA2,avg_log2FC,-0.330336535496957,0.741182437992889,Micro-PVM_Frontal
ulm,ADNP,avg_log2FC,0.390376045801337,0.696302654186196,Micro-PVM_Frontal
ulm,AEBP2,avg_log2FC,1.10420143193074,0.269646848949328,Micro-PVM_Frontal
ulm,AHRR,avg_log2FC,1.45131369247634,0.146859103426762,Micro-PVM_Frontal
ulm,ALKBH3,avg_log2FC,1.33128990306629,0.183254789538497,Micro-PVM_Frontal
ulm,ARHGAP35,avg_log2FC,-0.176247416784366,0.860118522926935,Micro-PVM_Frontal
ulm,ARID3B,avg_log2FC,-0.349966504736734,0.726402974032721,Micro-PVM_Frontal
ulm,ARID5B,avg_log2FC,-0.965447012026139,0.334444937467902,Micro-PVM_Frontal
ulm,ARNT2,avg_log2FC,-0.0931096136387366,0.92582638519918,Micro-PVM_Frontal
ulm,ASH1L,avg_log2FC,-0.357183881787385,0.720994176773877,Micro-PVM_Frontal
ulm,ASXL2,avg_log2FC,0.896036791355852,0.370347645630313,Micro-PVM_Frontal
ulm,ATF5,avg_log2FC,-0.8987036879203,0.368925414440138,Micro-PVM_Frontal
ulm,ATF6,avg_log2FC,0.695027673386478,0.487123712667481,Micro-PVM_Frontal
ulm,ATXN7L3,avg_log2FC,0.521004442510544,0.602424938301146,Micro-PVM_Frontal
ulm,AUTS2,avg_log2FC,1.61220852732228,0.107084148634576,Micro-PVM_Frontal
ulm,BANP,avg_log2FC,-0.847526673294414,0.396809335798382,Micro-PVM_Frontal
ulm,BARHL1,avg_log2FC,1.23365661052287,0.217484850450268,Micro-PVM_Frontal
ulm,BARX1,avg_log2FC,0.513511947683083,0.607653501097788,Micro-PVM_Frontal
ulm,BARX2,avg_log2FC,-0.97720562817314,0.328592887087011,Micro-PVM_Frontal
ulm,BCL6B,avg_log2FC,-0.105204900671188,0.916224427177876,Micro-PVM_Frontal
ulm,BDP1,avg_log2FC,-0.513263427376062,0.607827275205017,Micro-PVM_Frontal
ulm,BPTF,avg_log2FC,-2.33969725666006,0.0194033795748739,Micro-PVM_Frontal
ulm,BRCA2,avg_log2FC,1.01787813029792,0.308866637556686,Micro-PVM_Frontal
ulm,CASP8AP2,avg_log2FC,0.361412849529344,0.717831390286685,Micro-PVM_Frontal
ulm,CAVIN1,avg_log2FC,-0.338578519163777,0.734965015333367,Micro-PVM_Frontal
ulm,CBX5,avg_log2FC,-2.95154223417972,0.00320100228969164,Micro-PVM_Frontal
ulm,CBX7,avg_log2FC,-1.35771883819187,0.174715595369449,Micro-PVM_Frontal
ulm,CC2D1A,avg_log2FC,-0.996499849646783,0.319135375336023,Micro-PVM_Frontal
ulm,CDC5L,avg_log2FC,0.417324047272515,0.676488976578637,Micro-PVM_Frontal
ulm,CDC73,avg_log2FC,0.720978162146257,0.471012450385261,Micro-PVM_Frontal
ulm,CDH4,avg_log2FC,-0.573349333214373,0.566476653130013,Micro-PVM_Frontal
ulm,CEBPZ,avg_log2FC,-1.29864935006578,0.194223305510251,Micro-PVM_Frontal
ulm,CENPT,avg_log2FC,-1.29640257487919,0.194995680118828,Micro-PVM_Frontal
ulm,CHAF1A,avg_log2FC,-0.0281311348908838,0.977560542827882,Micro-PVM_Frontal
ulm,CHAF1B,avg_log2FC,1.452740840167,0.146462337022577,Micro-PVM_Frontal
ulm,CHAMP1,avg_log2FC,-0.508423169201189,0.611216165544195,Micro-PVM_Frontal
ulm,CIC,avg_log2FC,0.768271900215976,0.442422001792891,Micro-PVM_Frontal
ulm,CIITA,avg_log2FC,0.148428525106683,0.882020482325448,Micro-PVM_Frontal
ulm,COBLL1,avg_log2FC,-0.525586740016446,0.599237256752095,Micro-PVM_Frontal
ulm,CREB3,avg_log2FC,1.27633855449599,0.201993261511313,Micro-PVM_Frontal
ulm,CREB3L2,avg_log2FC,0.259956221785606,0.794925962889134,Micro-PVM_Frontal
ulm,CREB3L4,avg_log2FC,-0.0487800138367265,0.961099783046088,Micro-PVM_Frontal
ulm,CSHL1,avg_log2FC,0.20551417946478,0.837192635416516,Micro-PVM_Frontal
ulm,CTR9,avg_log2FC,1.64042365545175,0.101084128817538,Micro-PVM_Frontal
ulm,CUX1,avg_log2FC,-1.4329555653319,0.152036535426482,Micro-PVM_Frontal
ulm,DACH1,avg_log2FC,1.20335248468608,0.228991212504921,Micro-PVM_Frontal
ulm,DBP,avg_log2FC,0.999583508239683,0.317640539654968,Micro-PVM_Frontal
ulm,DICER1,avg_log2FC,1.1020591482878,0.270576797129512,Micro-PVM_Frontal
ulm,DIDO1,avg_log2FC,-1.3428005941058,0.179498389507545,Micro-PVM_Frontal
ulm,DLX2,avg_log2FC,-0.449723710253986,0.652961435631306,Micro-PVM_Frontal
ulm,DLX4,avg_log2FC,-0.84006686416693,0.400977546325678,Micro-PVM_Frontal
ulm,DLX6,avg_log2FC,2.06115892871299,0.0394249017360997,Micro-PVM_Frontal
ulm,DMRT1,avg_log2FC,-0.193831623133054,0.846328631518837,Micro-PVM_Frontal
ulm,DNMT1,avg_log2FC,-0.373132215155201,0.709092041943263,Micro-PVM_Frontal
ulm,DNMT3A,avg_log2FC,0.245684540035424,0.805953215375751,Micro-PVM_Frontal
ulm,DROSHA,avg_log2FC,-0.392123159223213,0.69501159227658,Micro-PVM_Frontal
ulm,DYRK1A,avg_log2FC,-0.600779922419062,0.548058883297097,Micro-PVM_Frontal
ulm,E2F2,avg_log2FC,0.118943990453096,0.905332417165715,Micro-PVM_Frontal
ulm,E2F5,avg_log2FC,-0.749604876860161,0.453586351305164,Micro-PVM_Frontal
ulm,EBNA1BP2,avg_log2FC,-0.490474981725859,0.623854976054817,Micro-PVM_Frontal
ulm,EGFR,avg_log2FC,2.73868875813183,0.00622658464647571,Micro-PVM_Frontal
ulm,ELF2,avg_log2FC,-1.65086989693227,0.0989319011386589,Micro-PVM_Frontal
ulm,ELF5,avg_log2FC,-1.15071581142067,0.249995274460632,Micro-PVM_Frontal
ulm,EMX1,avg_log2FC,-1.63962911890602,0.101249342142395,Micro-PVM_Frontal
ulm,EPC1,avg_log2FC,2.4657349784538,0.0137618176705681,Micro-PVM_Frontal
ulm,EWSR1,avg_log2FC,0.174324579603227,0.861629122894138,Micro-PVM_Frontal
ulm,F10,avg_log2FC,1.5387332754515,0.124037439537788,Micro-PVM_Frontal
ulm,FEV,avg_log2FC,0.905662784410491,0.365230232793446,Micro-PVM_Frontal
ulm,FOXC1,avg_log2FC,-0.2923262110371,0.770069425019942,Micro-PVM_Frontal
ulm,FOXD2,avg_log2FC,1.54693134971468,0.12204784033012,Micro-PVM_Frontal
ulm,FOXD3,avg_log2FC,-0.237560528713673,0.812247811789889,Micro-PVM_Frontal
ulm,FOXE1,avg_log2FC,2.05945724281492,0.0395876621308574,Micro-PVM_Frontal
ulm,FOXG1,avg_log2FC,0.627711548656685,0.530269031443106,Micro-PVM_Frontal
ulm,FOXJ2,avg_log2FC,0.163236605856063,0.870349662135023,Micro-PVM_Frontal
ulm,FOXN3,avg_log2FC,-0.914117544020286,0.360772117697011,Micro-PVM_Frontal
ulm,FOXO4,avg_log2FC,0.184878039765123,0.853344605249749,Micro-PVM_Frontal
ulm,FOXR2,avg_log2FC,2.67327284098145,0.00757638274095971,Micro-PVM_Frontal
ulm,FXR1,avg_log2FC,0.527678606346373,0.597784594391099,Micro-PVM_Frontal
ulm,GLI1,avg_log2FC,0.0442888885209789,0.964678824581288,Micro-PVM_Frontal
ulm,GLI3,avg_log2FC,-0.583181804518333,0.559840754923249,Micro-PVM_Frontal
ulm,GLI4,avg_log2FC,1.18273721083622,0.237062626460381,Micro-PVM_Frontal
ulm,GREB1,avg_log2FC,0.122468383384083,0.902541152603926,Micro-PVM_Frontal
ulm,GTF2A2,avg_log2FC,4.51309266252489,6.78377190023321e-06,Micro-PVM_Frontal
ulm,GTF2E2,avg_log2FC,3.03823750571658,0.00241237543274253,Micro-PVM_Frontal
ulm,GUCY1B1,avg_log2FC,0.55494583515811,0.57899762160557,Micro-PVM_Frontal
ulm,H1_6,avg_log2FC,0.0322045355028586,0.974312352300444,Micro-PVM_Frontal
ulm,HAND1,avg_log2FC,0.477400834046175,0.633132126135795,Micro-PVM_Frontal
ulm,HBZ,avg_log2FC,0.0205371000108633,0.983617092645007,Micro-PVM_Frontal
ulm,HDAC4,avg_log2FC,0.202365090897855,0.839653178398376,Micro-PVM_Frontal
ulm,HDAC8,avg_log2FC,-0.490066512757166,0.62414392585429,Micro-PVM_Frontal
ulm,HDGF,avg_log2FC,0.956434501656941,0.33897553458116,Micro-PVM_Frontal
ulm,HES2,avg_log2FC,0.912583101909172,0.361578666583039,Micro-PVM_Frontal
ulm,HES4,avg_log2FC,1.17361236187428,0.240698749099082,Micro-PVM_Frontal
ulm,HEY2,avg_log2FC,0.351824312050152,0.725009390921306,Micro-PVM_Frontal
ulm,HHEX,avg_log2FC,-0.224562488914558,0.822344013319948,Micro-PVM_Frontal
ulm,HJURP,avg_log2FC,3.43634705753546,0.000602419767185245,Micro-PVM_Frontal
ulm,HMG20B,avg_log2FC,-0.285810084518033,0.775055020786872,Micro-PVM_Frontal
ulm,HMGA1,avg_log2FC,-0.96309649628365,0.335622761311878,Micro-PVM_Frontal
ulm,HMGB2,avg_log2FC,0.732857710910513,0.463736435030838,Micro-PVM_Frontal
ulm,HOXA1,avg_log2FC,-0.699163274945514,0.484536348682665,Micro-PVM_Frontal
ulm,HOXA10,avg_log2FC,1.48079444072072,0.138828656688457,Micro-PVM_Frontal
ulm,HOXA7,avg_log2FC,-0.0201220373535104,0.98394815230749,Micro-PVM_Frontal
ulm,HOXB4,avg_log2FC,1.21064539218012,0.226183273052573,Micro-PVM_Frontal
ulm,HOXB6,avg_log2FC,0.902226903736491,0.367051736952777,Micro-PVM_Frontal
ulm,HOXC13,avg_log2FC,1.28763621263688,0.198030856633518,Micro-PVM_Frontal
ulm,HOXC6,avg_log2FC,-0.631970605132658,0.52748280333225,Micro-PVM_Frontal
ulm,HOXD1,avg_log2FC,-1.40978384049922,0.158768660948407,Micro-PVM_Frontal
ulm,HOXD11,avg_log2FC,0.420186189768907,0.674397384230597,Micro-PVM_Frontal
ulm,HSD17B8,avg_log2FC,-3.08093747857175,0.00209336050826993,Micro-PVM_Frontal
ulm,HSF2,avg_log2FC,3.89797619682452,0.000100396789249175,Micro-PVM_Frontal
ulm,ID1,avg_log2FC,1.04025227025387,0.298356260253451,Micro-PVM_Frontal
ulm,ID2,avg_log2FC,-1.5277498152302,0.12674261737459,Micro-PVM_Frontal
ulm,IGLV5_37,avg_log2FC,-0.560561188122415,0.575163404833519,Micro-PVM_Frontal
ulm,INSM2,avg_log2FC,0.661914015090417,0.508107322490631,Micro-PVM_Frontal
ulm,IRF5,avg_log2FC,-1.29597356636556,0.195143416505123,Micro-PVM_Frontal
ulm,IRX2,avg_log2FC,0.650596597736801,0.515386300764695,Micro-PVM_Frontal
ulm,KAT2A,avg_log2FC,0.346066560340967,0.729331354866172,Micro-PVM_Frontal
ulm,KAT5,avg_log2FC,1.73863624730595,0.0822622108360444,Micro-PVM_Frontal
ulm,KDM1B,avg_log2FC,-1.66061443192285,0.0969573960727692,Micro-PVM_Frontal
ulm,KLF14,avg_log2FC,-0.501613302710756,0.615998200429788,Micro-PVM_Frontal
ulm,KLF7,avg_log2FC,0.779188974102652,0.435966317004618,Micro-PVM_Frontal
ulm,KMT2D,avg_log2FC,1.64260013841406,0.100632658709468,Micro-PVM_Frontal
ulm,LCORL,avg_log2FC,0.285483998718159,0.775304760321961,Micro-PVM_Frontal
ulm,LHX2,avg_log2FC,0.436708218627873,0.662373038618045,Micro-PVM_Frontal
ulm,LHX9,avg_log2FC,-0.385166664599743,0.700157441218615,Micro-PVM_Frontal
ulm,LMTK3,avg_log2FC,-1.07516493739429,0.282438633964456,Micro-PVM_Frontal
ulm,MAFG,avg_log2FC,-1.11100505330043,0.26670801480196,Micro-PVM_Frontal
ulm,MAML1,avg_log2FC,1.59057127148254,0.111873955386648,Micro-PVM_Frontal
ulm,MAPK3,avg_log2FC,2.75913718404404,0.00585150149989831,Micro-PVM_Frontal
ulm,MCM3,avg_log2FC,0.243711028338914,0.807481179703643,Micro-PVM_Frontal
ulm,MED16,avg_log2FC,1.09575806717234,0.273324788849271,Micro-PVM_Frontal
ulm,MED25,avg_log2FC,-0.0401654644661701,0.967965468741574,Micro-PVM_Frontal
ulm,MEF2C,avg_log2FC,0.0277018248651852,0.977902903688775,Micro-PVM_Frontal
ulm,MEF2D,avg_log2FC,-0.61885632289532,0.536085871141947,Micro-PVM_Frontal
ulm,METHYLCYTOSINE_DIOXYGENASE_TET_UNIPROT_A0A023HHK9_UNREVIEWED,avg_log2FC,-0.0999304291050738,0.920410195968611,Micro-PVM_Frontal
ulm,METTL14,avg_log2FC,1.09613598783024,0.273159435807592,Micro-PVM_Frontal
ulm,MIER1,avg_log2FC,-1.39848370682927,0.162132531491247,Micro-PVM_Frontal
ulm,MSX1,avg_log2FC,-1.07172698054786,0.283980017682821,Micro-PVM_Frontal
ulm,MXD1,avg_log2FC,1.03637415233722,0.30016069394193,Micro-PVM_Frontal
ulm,MYBL1,avg_log2FC,0.191114888343614,0.848456187015763,Micro-PVM_Frontal
ulm,MYOCD,avg_log2FC,0.0265906905097288,0.978789016162571,Micro-PVM_Frontal
ulm,MZF1,avg_log2FC,0.909942464599217,0.362969311027081,Micro-PVM_Frontal
ulm,NAB2,avg_log2FC,-1.50053121970271,0.133644500549452,Micro-PVM_Frontal
ulm,NCOA2,avg_log2FC,0.911369482430442,0.362217381991629,Micro-PVM_Frontal
ulm,NCOA4,avg_log2FC,-0.603331953712135,0.546360544048178,Micro-PVM_Frontal
ulm,NCOA6,avg_log2FC,1.25361052527779,0.210139224766575,Micro-PVM_Frontal
ulm,NFE2L1,avg_log2FC,0.0655102073424599,0.947774733559462,Micro-PVM_Frontal
ulm,NFKBIA,avg_log2FC,-0.345730842074844,0.72958362371182,Micro-PVM_Frontal
ulm,NFXL1,avg_log2FC,-0.565289915737488,0.571943930767404,Micro-PVM_Frontal
ulm,NKX2_2,avg_log2FC,-1.46314362294297,0.143594976757126,Micro-PVM_Frontal
ulm,NKX2_3,avg_log2FC,-1.48863586539661,0.13675073207216,Micro-PVM_Frontal
ulm,NKX2_5,avg_log2FC,-1.28134125997569,0.200231594588887,Micro-PVM_Frontal
ulm,NKX2_8,avg_log2FC,-0.69863014477891,0.484869472806492,Micro-PVM_Frontal
ulm,NME2,avg_log2FC,-0.44308433341045,0.657755634436252,Micro-PVM_Frontal
ulm,NOTCH3,avg_log2FC,0.0667361527608234,0.94679883746748,Micro-PVM_Frontal
ulm,NPAT,avg_log2FC,0.851658921759685,0.394511722400967,Micro-PVM_Frontal
ulm,NPM1,avg_log2FC,-0.514457362685396,0.606992636583218,Micro-PVM_Frontal
ulm,NR0B1,avg_log2FC,1.79564624774445,0.0727110729155711,Micro-PVM_Frontal
ulm,NR1D1,avg_log2FC,0.0331169914689058,0.973584802807771,Micro-PVM_Frontal
ulm,NR1H4,avg_log2FC,0.538955145137354,0.589981516795052,Micro-PVM_Frontal
ulm,NR1I2,avg_log2FC,0.658973670424046,0.509993248398605,Micro-PVM_Frontal
ulm,NUFIP1,avg_log2FC,1.30760718560574,0.191166204384109,Micro-PVM_Frontal
ulm,OVOL3,avg_log2FC,0.501244782782811,0.61625745144317,Micro-PVM_Frontal
ulm,PAF1,avg_log2FC,-0.00364122059557227,0.997095118425229,Micro-PVM_Frontal
ulm,PAX3,avg_log2FC,-1.45759365045287,0.145119328846195,Micro-PVM_Frontal
ulm,PAX6,avg_log2FC,1.46226125279522,0.143836502926963,Micro-PVM_Frontal
ulm,PAX7,avg_log2FC,-1.95713152283615,0.0504795653722804,Micro-PVM_Frontal
ulm,PAX8,avg_log2FC,-0.25092474837268,0.801899667167886,Micro-PVM_Frontal
ulm,PBXIP1,avg_log2FC,1.33580066888675,0.181775858442173,Micro-PVM_Frontal
ulm,PCGF1,avg_log2FC,-0.88096294851185,0.378450302418475,Micro-PVM_Frontal
ulm,PCGF6,avg_log2FC,0.20202017842688,0.839922771822905,Micro-PVM_Frontal
ulm,PER1,avg_log2FC,1.60208369898071,0.109304828826179,Micro-PVM_Frontal
ulm,PGM3,avg_log2FC,1.67577868357635,0.0939475689210106,Micro-PVM_Frontal
ulm,PHB2,avg_log2FC,-0.080934134259757,0.935502934718409,Micro-PVM_Frontal
ulm,PHF21A,avg_log2FC,-0.836183400462107,0.403157830654036,Micro-PVM_Frontal
ulm,PIAS4,avg_log2FC,-1.33913373448979,0.180688763147252,Micro-PVM_Frontal
ulm,PITX1,avg_log2FC,-2.09176971561032,0.0365927800909131,Micro-PVM_Frontal
ulm,POU2AF1,avg_log2FC,-0.804109685653663,0.421435133810882,Micro-PVM_Frontal
ulm,PPARA,avg_log2FC,-0.590166993226791,0.555149512424099,Micro-PVM_Frontal
ulm,PPARGC1A,avg_log2FC,1.08052084336768,0.280048680183457,Micro-PVM_Frontal
ulm,PRDM12,avg_log2FC,0.0338424481261903,0.973006373439842,Micro-PVM_Frontal
ulm,PRDM4,avg_log2FC,1.78318953649244,0.0747164891155196,Micro-PVM_Frontal
ulm,PRDM5,avg_log2FC,0.0771628696091541,0.938502177050258,Micro-PVM_Frontal
ulm,PRKDC,avg_log2FC,-0.43935737792791,0.660453018692646,Micro-PVM_Frontal
ulm,PRMT5,avg_log2FC,0.257405859440168,0.796893605060955,Micro-PVM_Frontal
ulm,PSIP1,avg_log2FC,1.21637989358831,0.223992689957501,Micro-PVM_Frontal
ulm,PSMB5,avg_log2FC,5.47658586543574,4.91825686495811e-08,Micro-PVM_Frontal
ulm,PTPRA,avg_log2FC,0.154905450312802,0.876912458568253,Micro-PVM_Frontal
ulm,PTTG1,avg_log2FC,-0.521674445064778,0.60195837317095,Micro-PVM_Frontal
ulm,RAG1,avg_log2FC,-0.52714224604306,0.598156908378996,Micro-PVM_Frontal
ulm,RBM15,avg_log2FC,0.936755262001615,0.349004588075203,Micro-PVM_Frontal
ulm,RBM34,avg_log2FC,-0.60858882598438,0.54287041822884,Micro-PVM_Frontal
ulm,RFX7,avg_log2FC,-0.464738274122424,0.642172627548189,Micro-PVM_Frontal
ulm,RLF,avg_log2FC,-1.94245168951594,0.0522313583444669,Micro-PVM_Frontal
ulm,RORA,avg_log2FC,0.11837157375558,0.905785873753728,Micro-PVM_Frontal
ulm,RPA1,avg_log2FC,1.5992666479112,0.109929129868157,Micro-PVM_Frontal
ulm,RUVBL1,avg_log2FC,0.456998452773352,0.647724872208244,Micro-PVM_Frontal
ulm,RYBP,avg_log2FC,0.014071007228949,0.988774821673023,Micro-PVM_Frontal
ulm,SAFB2,avg_log2FC,2.24170850974151,0.0250962671489875,Micro-PVM_Frontal
ulm,SALL4,avg_log2FC,0.68547825125279,0.493126558104739,Micro-PVM_Frontal
ulm,SETBP1,avg_log2FC,-0.425003409691303,0.670882749152152,Micro-PVM_Frontal
ulm,SETD1A,avg_log2FC,-0.0427874423513129,0.965875510802654,Micro-PVM_Frontal
ulm,SETD7,avg_log2FC,2.04041959385617,0.0414477901915218,Micro-PVM_Frontal
ulm,SFMBT1,avg_log2FC,-0.588655892981904,0.556162733763802,Micro-PVM_Frontal
ulm,SIPA1,avg_log2FC,-0.505335282211028,0.613382507241079,Micro-PVM_Frontal
ulm,SIRT3,avg_log2FC,0.105727622652003,0.915809724799166,Micro-PVM_Frontal
ulm,SIX1,avg_log2FC,0.867015514883914,0.386043976658443,Micro-PVM_Frontal
ulm,SIX4,avg_log2FC,0.813146225805409,0.41623702613888,Micro-PVM_Frontal
ulm,SKIL,avg_log2FC,0.535814660325825,0.592149930531927,Micro-PVM_Frontal
ulm,SMARCA1,avg_log2FC,0.879783606632051,0.379088809724562,Micro-PVM_Frontal
ulm,SMN1_SMN2,avg_log2FC,2.53043343895475,0.011473047149871,Micro-PVM_Frontal
ulm,SNAI1,avg_log2FC,1.051970609989,0.292948011120544,Micro-PVM_Frontal
ulm,SNAPC4,avg_log2FC,0.256460806705096,0.797623056105077,Micro-PVM_Frontal
ulm,SNIP1,avg_log2FC,0.632216331057418,0.527322280417876,Micro-PVM_Frontal
ulm,SNRNP70,avg_log2FC,1.31130673431909,0.189914027702193,Micro-PVM_Frontal
ulm,SOX10,avg_log2FC,1.74538122726617,0.0810816410407305,Micro-PVM_Frontal
ulm,SOX11,avg_log2FC,-0.0856660602001021,0.931740990287947,Micro-PVM_Frontal
ulm,SOX3,avg_log2FC,-0.503789088026266,0.614468529657112,Micro-PVM_Frontal
ulm,SQSTM1,avg_log2FC,1.76291163000242,0.0780775844669281,Micro-PVM_Frontal
ulm,SRPK1,avg_log2FC,-0.61623120214306,0.537816423262044,Micro-PVM_Frontal
ulm,SRPK2,avg_log2FC,0.207718695177797,0.835471081590336,Micro-PVM_Frontal
ulm,SRSF9,avg_log2FC,-2.4742393424081,0.0134395697419289,Micro-PVM_Frontal
ulm,SS18_SSX1_FUSION_UNIPROT_Q8IZH1_UNREVIEWED,avg_log2FC,-0.390006190988469,0.696576078404937,Micro-PVM_Frontal
ulm,SUMO1,avg_log2FC,0.577579713651163,0.56361696025708,Micro-PVM_Frontal
ulm,SUPT16H,avg_log2FC,0.93251286771702,0.35119108907085,Micro-PVM_Frontal
ulm,SUPT20H,avg_log2FC,0.965385796181043,0.334475578358052,Micro-PVM_Frontal
ulm,TAF9B,avg_log2FC,0.797072688626408,0.425509307307589,Micro-PVM_Frontal
ulm,TAFAZZIN,avg_log2FC,-1.2217714415672,0.221947000491987,Micro-PVM_Frontal
ulm,TASOR,avg_log2FC,0.558214819547365,0.576764066387828,Micro-PVM_Frontal
ulm,TBPL1,avg_log2FC,0.656467341158992,0.511603687418801,Micro-PVM_Frontal
ulm,TBX1,avg_log2FC,0.790271192424895,0.429468917741104,Micro-PVM_Frontal
ulm,TBX3,avg_log2FC,0.988194468720181,0.323184376781994,Micro-PVM_Frontal
ulm,TEAD2,avg_log2FC,0.491582570418564,0.62307176242508,Micro-PVM_Frontal
ulm,TERF1,avg_log2FC,1.75498751033591,0.0794240585855525,Micro-PVM_Frontal
ulm,TERF2,avg_log2FC,0.372602242784237,0.709486436338006,Micro-PVM_Frontal
ulm,TERT,avg_log2FC,1.1077900797288,0.268093967760498,Micro-PVM_Frontal
ulm,TET1,avg_log2FC,0.505330455722014,0.613385895971594,Micro-PVM_Frontal
ulm,TFCP2,avg_log2FC,0.551030032845008,0.581678458641012,Micro-PVM_Frontal
ulm,TFEB,avg_log2FC,0.605450028207634,0.544952981284137,Micro-PVM_Frontal
ulm,THRA,avg_log2FC,-1.51132111374624,0.130874449828404,Micro-PVM_Frontal
ulm,TOP2B,avg_log2FC,1.00976553752445,0.312737368957302,Micro-PVM_Frontal
ulm,TOX4,avg_log2FC,-0.780437234032332,0.435231651676567,Micro-PVM_Frontal
ulm,TSHZ1,avg_log2FC,1.05625459521912,0.290987408514996,Micro-PVM_Frontal
ulm,UBE2I,avg_log2FC,0.912398620021017,0.361675711929611,Micro-PVM_Frontal
ulm,UBN1,avg_log2FC,-1.63972876208346,0.101228610869671,Micro-PVM_Frontal
ulm,WDHD1,avg_log2FC,-0.196346280441586,0.844360327241987,Micro-PVM_Frontal
ulm,WIZ,avg_log2FC,-1.16051868403474,0.245984801137836,Micro-PVM_Frontal
ulm,WRNIP1,avg_log2FC,0.966839438014598,0.333748463668846,Micro-PVM_Frontal
ulm,XPO1,avg_log2FC,1.05400712905215,0.29201487672742,Micro-PVM_Frontal
ulm,YBX1,avg_log2FC,-0.147863683527812,0.88246618040454,Micro-PVM_Frontal
ulm,ZA_UNIPROT_Q9UM89_UNREVIEWED_GENES,avg_log2FC,0.705654315290092,0.480490424203038,Micro-PVM_Frontal
ulm,ZBED4,avg_log2FC,0.696077774707935,0.486466029295089,Micro-PVM_Frontal
ulm,ZBED5,avg_log2FC,-0.0487140453555692,0.961152348765411,Micro-PVM_Frontal
ulm,ZBTB1,avg_log2FC,-1.36489428306632,0.172449340768551,Micro-PVM_Frontal
ulm,ZBTB12,avg_log2FC,-0.258117808335905,0.796344195400872,Micro-PVM_Frontal
ulm,ZBTB18,avg_log2FC,1.66311603493715,0.0964556248906173,Micro-PVM_Frontal
ulm,ZBTB44,avg_log2FC,0.70667644131716,0.479855007010879,Micro-PVM_Frontal
ulm,ZBTB5,avg_log2FC,-0.208940357061121,0.834517398561626,Micro-PVM_Frontal
ulm,ZC3H11A,avg_log2FC,0.424979526001473,0.670900156965908,Micro-PVM_Frontal
ulm,ZFHX3,avg_log2FC,1.12847267523999,0.259264103999524,Micro-PVM_Frontal
ulm,ZFP28,avg_log2FC,-0.438849393155168,0.660821015842245,Micro-PVM_Frontal
ulm,ZFP3,avg_log2FC,-1.63900215257398,0.101379863348693,Micro-PVM_Frontal
ulm,ZFP36L1,avg_log2FC,-0.0757423902146705,0.939632096292858,Micro-PVM_Frontal
ulm,ZFP91,avg_log2FC,-1.12804698350441,0.25944378505469,Micro-PVM_Frontal
ulm,ZIM3,avg_log2FC,-1.24855534379583,0.211982963852529,Micro-PVM_Frontal
ulm,ZMYM2,avg_log2FC,-1.23035756497476,0.218716915195186,Micro-PVM_Frontal
ulm,ZMYND11,avg_log2FC,1.22585279225031,0.220407364093117,Micro-PVM_Frontal
ulm,ZNF10,avg_log2FC,-1.04400711080412,0.2966161075925,Micro-PVM_Frontal
ulm,ZNF101,avg_log2FC,-0.881296135912894,0.378270031605965,Micro-PVM_Frontal
ulm,ZNF133,avg_log2FC,1.3648370294445,0.172467335943734,Micro-PVM_Frontal
ulm,ZNF134,avg_log2FC,0.40847154082906,0.682973965448804,Micro-PVM_Frontal
ulm,ZNF140,avg_log2FC,-0.114456608927737,0.908888043860919,Micro-PVM_Frontal
ulm,ZNF146,avg_log2FC,1.35510384164599,0.17554701042925,Micro-PVM_Frontal
ulm,ZNF16,avg_log2FC,-1.40234502918711,0.160977074666252,Micro-PVM_Frontal
ulm,ZNF165,avg_log2FC,0.489553222853244,0.624507107735654,Micro-PVM_Frontal
ulm,ZNF169,avg_log2FC,-0.0383381544603437,0.969422134247663,Micro-PVM_Frontal
ulm,ZNF175,avg_log2FC,-0.783688576046627,0.433321429363541,Micro-PVM_Frontal
ulm,ZNF184,avg_log2FC,-0.801574905061266,0.422900036791725,Micro-PVM_Frontal
ulm,ZNF197,avg_log2FC,-0.652032846787432,0.514459561902028,Micro-PVM_Frontal
ulm,ZNF2,avg_log2FC,0.328529636634517,0.742547769781117,Micro-PVM_Frontal
ulm,ZNF202,avg_log2FC,0.297474060931489,0.766137422393032,Micro-PVM_Frontal
ulm,ZNF213,avg_log2FC,0.283260452290684,0.777008328051682,Micro-PVM_Frontal
ulm,ZNF22,avg_log2FC,-0.783976948416756,0.433152240002589,Micro-PVM_Frontal
ulm,ZNF223,avg_log2FC,-2.18480372388142,0.0290261489469812,Micro-PVM_Frontal
ulm,ZNF224,avg_log2FC,-0.753431897087112,0.451284613144689,Micro-PVM_Frontal
ulm,ZNF236,avg_log2FC,0.0840996110358959,0.932986173532922,Micro-PVM_Frontal
ulm,ZNF239,avg_log2FC,-0.559883751890334,0.575625327011527,Micro-PVM_Frontal
ulm,ZNF250,avg_log2FC,2.06458865089721,0.0390985878287053,Micro-PVM_Frontal
ulm,ZNF257,avg_log2FC,0.115418955197788,0.908125361726472,Micro-PVM_Frontal
ulm,ZNF260,avg_log2FC,1.7056467367411,0.0882387913602015,Micro-PVM_Frontal
ulm,ZNF274,avg_log2FC,-1.20363038136421,0.22888376274571,Micro-PVM_Frontal
ulm,ZNF282,avg_log2FC,-0.0374149107995263,0.970158149863765,Micro-PVM_Frontal
ulm,ZNF30,avg_log2FC,-0.1882923449424,0.850667775081406,Micro-PVM_Frontal
ulm,ZNF318,avg_log2FC,0.994124357759436,0.320290056874173,Micro-PVM_Frontal
ulm,ZNF320,avg_log2FC,-0.425439224834207,0.67056513293501,Micro-PVM_Frontal
ulm,ZNF322,avg_log2FC,0.704062690386562,0.481480790287946,Micro-PVM_Frontal
ulm,ZNF329,avg_log2FC,0.250091868804859,0.802543585279433,Micro-PVM_Frontal
ulm,ZNF331,avg_log2FC,-0.142334912580125,0.886830698308519,Micro-PVM_Frontal
ulm,ZNF33A,avg_log2FC,-0.679106296305298,0.497153974574802,Micro-PVM_Frontal
ulm,ZNF34,avg_log2FC,-0.888100139438322,0.374600313745697,Micro-PVM_Frontal
ulm,ZNF350,avg_log2FC,0.381112570527682,0.703162714326746,Micro-PVM_Frontal
ulm,ZNF354B,avg_log2FC,-0.577509255611922,0.563664532079315,Micro-PVM_Frontal
ulm,ZNF362,avg_log2FC,0.872222694394698,0.383198102154358,Micro-PVM_Frontal
ulm,ZNF37A,avg_log2FC,0.890378747779611,0.373376293910966,Micro-PVM_Frontal
ulm,ZNF391,avg_log2FC,0.965914734458541,0.334210884138511,Micro-PVM_Frontal
ulm,ZNF394,avg_log2FC,0.070704611648159,0.943640358537856,Micro-PVM_Frontal
ulm,ZNF407,avg_log2FC,0.56893353098026,0.56946909910587,Micro-PVM_Frontal
ulm,ZNF41,avg_log2FC,-1.63171786370693,0.102906149279203,Micro-PVM_Frontal
ulm,ZNF410,avg_log2FC,0.65505237947013,0.512514041337639,Micro-PVM_Frontal
ulm,ZNF418,avg_log2FC,-0.691914886722406,0.489076086224946,Micro-PVM_Frontal
ulm,ZNF423,avg_log2FC,2.18564546203125,0.0289643616583275,Micro-PVM_Frontal
ulm,ZNF426,avg_log2FC,-0.76636028815835,0.443558015536947,Micro-PVM_Frontal
ulm,ZNF433,avg_log2FC,0.22647098916324,0.820859701269498,Micro-PVM_Frontal
ulm,ZNF436,avg_log2FC,0.993593452154354,0.320548493275153,Micro-PVM_Frontal
ulm,ZNF486,avg_log2FC,-0.264066285348298,0.791757738925208,Micro-PVM_Frontal
ulm,ZNF488,avg_log2FC,0.124716852057567,0.900761027802041,Micro-PVM_Frontal
ulm,ZNF490,avg_log2FC,-1.03830668722441,0.29926060446516,Micro-PVM_Frontal
ulm,ZNF507,avg_log2FC,0.812514440964876,0.416599213166436,Micro-PVM_Frontal
ulm,ZNF510,avg_log2FC,0.309215731460875,0.75719163813361,Micro-PVM_Frontal
ulm,ZNF512,avg_log2FC,0.484750128134032,0.627909986192305,Micro-PVM_Frontal
ulm,ZNF512B,avg_log2FC,-1.04679088154339,0.295330384637893,Micro-PVM_Frontal
ulm,ZNF513,avg_log2FC,-1.31791947114642,0.18769091435694,Micro-PVM_Frontal
ulm,ZNF524,avg_log2FC,-0.47069770231968,0.637911143486164,Micro-PVM_Frontal
ulm,ZNF528,avg_log2FC,-0.233271194440791,0.81557617972359,Micro-PVM_Frontal
ulm,ZNF532,avg_log2FC,-1.3027639689063,0.192814651818096,Micro-PVM_Frontal
ulm,ZNF547,avg_log2FC,1.05591512003008,0.291142449290852,Micro-PVM_Frontal
ulm,ZNF548,avg_log2FC,-0.715208139433492,0.474569106217879,Micro-PVM_Frontal
ulm,ZNF549,avg_log2FC,0.0402964975688125,0.967861017939431,Micro-PVM_Frontal
ulm,ZNF555,avg_log2FC,-0.461460847586222,0.644521305536348,Micro-PVM_Frontal
ulm,ZNF558,avg_log2FC,-0.421404897061118,0.673507541703543,Micro-PVM_Frontal
ulm,ZNF561,avg_log2FC,0.275937882610138,0.7826260562229,Micro-PVM_Frontal
ulm,ZNF563,avg_log2FC,-0.603580587285663,0.54619522168552,Micro-PVM_Frontal
ulm,ZNF577,avg_log2FC,1.74607024962781,0.0809618206769657,Micro-PVM_Frontal
ulm,ZNF579,avg_log2FC,-0.126701575089721,0.899190126508924,Micro-PVM_Frontal
ulm,ZNF581,avg_log2FC,0.755039736700444,0.450319564386105,Micro-PVM_Frontal
ulm,ZNF582,avg_log2FC,0.679485982890058,0.49691350197768,Micro-PVM_Frontal
ulm,ZNF584,avg_log2FC,-0.461845842157318,0.6442452249935,Micro-PVM_Frontal
ulm,ZNF585B,avg_log2FC,-0.298074711406619,0.765679027159602,Micro-PVM_Frontal
ulm,ZNF586,avg_log2FC,0.854376033446076,0.393005352186326,Micro-PVM_Frontal
ulm,ZNF589,avg_log2FC,-0.264026477954427,0.791788407865876,Micro-PVM_Frontal
ulm,ZNF592,avg_log2FC,-0.439871966640745,0.660080321247644,Micro-PVM_Frontal
ulm,ZNF595,avg_log2FC,0.473642820669374,0.635809542082218,Micro-PVM_Frontal
ulm,ZNF596,avg_log2FC,-0.0313538283583361,0.974990685466412,Micro-PVM_Frontal
ulm,ZNF597,avg_log2FC,2.28895218937449,0.0221923923576704,Micro-PVM_Frontal
ulm,ZNF610,avg_log2FC,1.65068602741483,0.0989694645399316,Micro-PVM_Frontal
ulm,ZNF618,avg_log2FC,-0.148755618566651,0.881762400621573,Micro-PVM_Frontal
ulm,ZNF622,avg_log2FC,-1.22573585848413,0.220451368881597,Micro-PVM_Frontal
ulm,ZNF623,avg_log2FC,-0.631563333702336,0.527748912377385,Micro-PVM_Frontal
ulm,ZNF660,avg_log2FC,0.885883432132747,0.375793461293536,Micro-PVM_Frontal
ulm,ZNF664,avg_log2FC,-0.307741086847864,0.758313387374762,Micro-PVM_Frontal
ulm,ZNF667,avg_log2FC,-0.234552728705754,0.814581403744105,Micro-PVM_Frontal
ulm,ZNF669,avg_log2FC,-0.273231980434111,0.784704861346922,Micro-PVM_Frontal
ulm,ZNF677,avg_log2FC,-1.06917147596059,0.285129446248333,Micro-PVM_Frontal
ulm,ZNF680,avg_log2FC,0.101936712473879,0.918817762753616,Micro-PVM_Frontal
ulm,ZNF697,avg_log2FC,-0.395972025269357,0.692170526798526,Micro-PVM_Frontal
ulm,ZNF7,avg_log2FC,2.56344986077528,0.0104408109775676,Micro-PVM_Frontal
ulm,ZNF704,avg_log2FC,-0.734247752843941,0.462889172327454,Micro-PVM_Frontal
ulm,ZNF707,avg_log2FC,-0.23641278132239,0.813138092223896,Micro-PVM_Frontal
ulm,ZNF708,avg_log2FC,-1.07939741970383,0.28054883970845,Micro-PVM_Frontal
ulm,ZNF711,avg_log2FC,-1.97936040634743,0.0479208801822094,Micro-PVM_Frontal
ulm,ZNF740,avg_log2FC,-1.87957721753129,0.0603200216194276,Micro-PVM_Frontal
ulm,ZNF746,avg_log2FC,-1.2193484888381,0.222864666940546,Micro-PVM_Frontal
ulm,ZNF766,avg_log2FC,-0.161328428532182,0.871852040651509,Micro-PVM_Frontal
ulm,ZNF768,avg_log2FC,-0.1567250142207,0.875478373524864,Micro-PVM_Frontal
ulm,ZNF777,avg_log2FC,-0.129610770768207,0.896888224251183,Micro-PVM_Frontal
ulm,ZNF781,avg_log2FC,-0.479212004244734,0.631843461367878,Micro-PVM_Frontal
ulm,ZNF784,avg_log2FC,0.793837306430062,0.427390175764639,Micro-PVM_Frontal
ulm,ZNF785,avg_log2FC,0.16167330375972,0.871580473222004,Micro-PVM_Frontal
ulm,ZNF791,avg_log2FC,-0.433567988874984,0.664651848703214,Micro-PVM_Frontal
ulm,ZNF8,avg_log2FC,1.74051383892532,0.0819321845516895,Micro-PVM_Frontal
ulm,ZNF816,avg_log2FC,-0.155345024104837,0.876565972280873,Micro-PVM_Frontal
ulm,ZNF830,avg_log2FC,0.353605850780227,0.723673874208574,Micro-PVM_Frontal
ulm,ZNF843,avg_log2FC,1.18148860121963,0.237557872435525,Micro-PVM_Frontal
ulm,ZNF85,avg_log2FC,1.04360901885626,0.296800277651924,Micro-PVM_Frontal
ulm,ZNF92,avg_log2FC,-0.193920375477828,0.846259145748834,Micro-PVM_Frontal
ulm,ZSCAN18,avg_log2FC,1.09481221877884,0.273738929626212,Micro-PVM_Frontal
ulm,ZSCAN2,avg_log2FC,-0.679133450209999,0.497136774725524,Micro-PVM_Frontal
ulm,ZSCAN21,avg_log2FC,0.970348551158366,0.33199740634603,Micro-PVM_Frontal
ulm,ZSCAN23,avg_log2FC,-0.72058715773432,0.471253000584149,Micro-PVM_Frontal
ulm,ZSCAN30,avg_log2FC,-0.323767454014005,0.746150053293384,Micro-PVM_Frontal
ulm,ZSCAN31,avg_log2FC,0.250697114307426,0.802075642882686,Micro-PVM_Frontal
ulm,ZSCAN4,avg_log2FC,-0.691624008980565,0.48925874317202,Micro-PVM_Frontal
ulm,ZSCAN5B,avg_log2FC,0.279826400842505,0.77964143002419,Micro-PVM_Frontal
ulm,ZSCAN5C,avg_log2FC,0.412379810525403,0.680108002169451,Micro-PVM_Frontal
ulm,ZSCAN5DP,avg_log2FC,1.58821636461851,0.112405306218167,Micro-PVM_Frontal
ulm,ZZZ3,avg_log2FC,0.326607283412821,0.744001231791713,Micro-PVM_Frontal
ulm,ADA2,avg_log2FC,1.24733985442771,0.212346932588753,Micro-PVM_Hippo
ulm,ADNP,avg_log2FC,-2.02731782231721,0.0426970084711085,Micro-PVM_Hippo
ulm,AEBP2,avg_log2FC,2.98681180664674,0.00283637052850284,Micro-PVM_Hippo
ulm,AHRR,avg_log2FC,5.46562394167588,4.89793433106169e-08,Micro-PVM_Hippo
ulm,ALKBH3,avg_log2FC,2.0082072661967,0.0446892966744029,Micro-PVM_Hippo
ulm,ALX4,avg_log2FC,-0.0348299026285806,0.9722171379123,Micro-PVM_Hippo
ulm,ARHGAP35,avg_log2FC,1.67095174885443,0.0948105071906582,Micro-PVM_Hippo
ulm,ARID3B,avg_log2FC,-0.0155060722283467,0.987629224043005,Micro-PVM_Hippo
ulm,ARID5B,avg_log2FC,0.413503545354727,0.679260195726394,Micro-PVM_Hippo
ulm,ARNT2,avg_log2FC,1.69260203987057,0.0906101841133587,Micro-PVM_Hippo
ulm,ASH1L,avg_log2FC,3.54206819352057,0.000401595068215695,Micro-PVM_Hippo
ulm,ASXL2,avg_log2FC,1.30416677409415,0.192252792173422,Micro-PVM_Hippo
ulm,ATF5,avg_log2FC,2.1190872557024,0.0341453905978921,Micro-PVM_Hippo
ulm,ATF6,avg_log2FC,4.75163669071537,2.08959739224478e-06,Micro-PVM_Hippo
ulm,ATOH8,avg_log2FC,-1.65292277464682,0.098426132450979,Micro-PVM_Hippo
ulm,ATXN7L3,avg_log2FC,6.30087266895625,3.28461558583343e-10,Micro-PVM_Hippo
ulm,AUTS2,avg_log2FC,2.57851259895706,0.00995858096529319,Micro-PVM_Hippo
ulm,BAHD1,avg_log2FC,-0.390053436935965,0.696518085445299,Micro-PVM_Hippo
ulm,BANP,avg_log2FC,3.12461232660848,0.00179331614983333,Micro-PVM_Hippo
ulm,BARHL1,avg_log2FC,6.202262658287,6.13843835893137e-10,Micro-PVM_Hippo
ulm,BARX1,avg_log2FC,1.64549790163564,0.0999468182381871,Micro-PVM_Hippo
ulm,BARX2,avg_log2FC,4.33581638200665,1.48844606551685e-05,Micro-PVM_Hippo
ulm,BCL6B,avg_log2FC,2.10091532276642,0.0357116798495188,Micro-PVM_Hippo
ulm,BDP1,avg_log2FC,-0.170204745728909,0.864857845169407,Micro-PVM_Hippo
ulm,BPTF,avg_log2FC,0.282579888176918,0.777513720019368,Micro-PVM_Hippo
ulm,BRCA2,avg_log2FC,1.68301873004971,0.0924505722591756,Micro-PVM_Hippo
ulm,BRF1,avg_log2FC,0.970636213735575,0.331788956684972,Micro-PVM_Hippo
ulm,CARM1,avg_log2FC,1.38446742158927,0.166293658730745,Micro-PVM_Hippo
ulm,CASP8AP2,avg_log2FC,-0.3558633903903,0.721961896519777,Micro-PVM_Hippo
ulm,CAVIN1,avg_log2FC,1.01296256897543,0.311140146388127,Micro-PVM_Hippo
ulm,CBX5,avg_log2FC,-1.38555657132612,0.165960653271329,Micro-PVM_Hippo
ulm,CBX7,avg_log2FC,-0.724101984314508,0.469046052728834,Micro-PVM_Hippo
ulm,CC2D1A,avg_log2FC,-0.106798872391901,0.914953971119486,Micro-PVM_Hippo
ulm,CDC5L,avg_log2FC,-0.766229834347958,0.443585392327604,Micro-PVM_Hippo
ulm,CDC73,avg_log2FC,1.36207849904335,0.173250859090803,Micro-PVM_Hippo
ulm,CDH4,avg_log2FC,1.64575886163203,0.0998930551342839,Micro-PVM_Hippo
ulm,CDX1,avg_log2FC,1.11284650936774,0.265842144276505,Micro-PVM_Hippo
ulm,CEBPE,avg_log2FC,0.52787499692166,0.597615780748959,Micro-PVM_Hippo
ulm,CEBPZ,avg_log2FC,1.90201997259516,0.0572412916751947,Micro-PVM_Hippo
ulm,CENPT,avg_log2FC,-1.21017816176457,0.226283022631235,Micro-PVM_Hippo
ulm,CHAF1A,avg_log2FC,-0.426231059188878,0.669962736310065,Micro-PVM_Hippo
ulm,CHAF1B,avg_log2FC,0.910016637115494,0.362869316989222,Micro-PVM_Hippo
ulm,CHAMP1,avg_log2FC,-0.198210717749852,0.842890412641487,Micro-PVM_Hippo
ulm,CIC,avg_log2FC,3.86389370671555,0.000113386125366711,Micro-PVM_Hippo
ulm,CIITA,avg_log2FC,2.08392690875512,0.0372310007720474,Micro-PVM_Hippo
ulm,COBLL1,avg_log2FC,-0.254684004042762,0.798980443338694,Micro-PVM_Hippo
ulm,CREB3,avg_log2FC,2.08561929571545,0.0370772170894002,Micro-PVM_Hippo
ulm,CREB3L2,avg_log2FC,2.33700074691527,0.0194889111231646,Micro-PVM_Hippo
ulm,CREB3L4,avg_log2FC,3.92843040859595,8.69645839566734e-05,Micro-PVM_Hippo
ulm,CSHL1,avg_log2FC,0.218261477905029,0.827236673389098,Micro-PVM_Hippo
ulm,CTR9,avg_log2FC,1.53078083515948,0.125903726464526,Micro-PVM_Hippo
ulm,CUX1,avg_log2FC,0.486546500608737,0.626606765351767,Micro-PVM_Hippo
ulm,DACH1,avg_log2FC,1.27369714120743,0.202845787763984,Micro-PVM_Hippo
ulm,DBP,avg_log2FC,4.05184734160775,5.17927908335607e-05,Micro-PVM_Hippo
ulm,DICER1,avg_log2FC,1.32106992513125,0.186554649662054,Micro-PVM_Hippo
ulm,DIDO1,avg_log2FC,3.3807142261667,0.000730001853488328,Micro-PVM_Hippo
ulm,DLX2,avg_log2FC,-1.23238668068843,0.217878096909713,Micro-PVM_Hippo
ulm,DLX4,avg_log2FC,1.88516336019441,0.0594811981747419,Micro-PVM_Hippo
ulm,DLX6,avg_log2FC,3.19264612358009,0.00142083293718587,Micro-PVM_Hippo
ulm,DMRT1,avg_log2FC,2.99712565213555,0.00274235867934225,Micro-PVM_Hippo
ulm,DNMT1,avg_log2FC,-0.284565714633584,0.775991813598748,Micro-PVM_Hippo
ulm,DNMT3A,avg_log2FC,2.4000114381418,0.0164406187241015,Micro-PVM_Hippo
ulm,DPPA3,avg_log2FC,-0.80523519601586,0.420732485941117,Micro-PVM_Hippo
ulm,DROSHA,avg_log2FC,-0.522871178353838,0.601093258630017,Micro-PVM_Hippo
ulm,DYRK1A,avg_log2FC,3.32192435293397,0.000902126834277532,Micro-PVM_Hippo
ulm,E2F2,avg_log2FC,3.88850727411841,0.000102522166179043,Micro-PVM_Hippo
ulm,E2F5,avg_log2FC,0.593037157453821,0.553190270974364,Micro-PVM_Hippo
ulm,EBNA1BP2,avg_log2FC,1.05155950781166,0.293066084663574,Micro-PVM_Hippo
ulm,EGFR,avg_log2FC,2.26444637997305,0.0236007069170531,Micro-PVM_Hippo
ulm,ELF2,avg_log2FC,2.65310422868032,0.00800748068310965,Micro-PVM_Hippo
ulm,ELF5,avg_log2FC,0.801405351422093,0.422945271573786,Micro-PVM_Hippo
ulm,EMX1,avg_log2FC,-0.0321258647449377,0.974373301724163,Micro-PVM_Hippo
ulm,EPC1,avg_log2FC,2.6534002792779,0.00800047272238375,Micro-PVM_Hippo
ulm,EWSR1,avg_log2FC,1.49619013009342,0.134684088293705,Micro-PVM_Hippo
ulm,F10,avg_log2FC,0.657776046366435,0.510720416967725,Micro-PVM_Hippo
ulm,FEV,avg_log2FC,4.69512830994045,2.7549221218934e-06,Micro-PVM_Hippo
ulm,FOXC1,avg_log2FC,-1.01730464037023,0.309070898045416,Micro-PVM_Hippo
ulm,FOXD2,avg_log2FC,3.53967724653583,0.000405238969929925,Micro-PVM_Hippo
ulm,FOXD3,avg_log2FC,-1.17609803208433,0.239626652062359,Micro-PVM_Hippo
ulm,FOXE1,avg_log2FC,5.3395330974487,9.84355957606847e-08,Micro-PVM_Hippo
ulm,FOXG1,avg_log2FC,3.51957799074078,0.00043711569509131,Micro-PVM_Hippo
ulm,FOXJ2,avg_log2FC,1.9400444714004,0.0524454445726048,Micro-PVM_Hippo
ulm,FOXN3,avg_log2FC,1.89251264444562,0.05849583641177,Micro-PVM_Hippo
ulm,FOXO4,avg_log2FC,2.7525968828066,0.00593950277269542,Micro-PVM_Hippo
ulm,FOXQ1,avg_log2FC,0.567199350531912,0.570611013298513,Micro-PVM_Hippo
ulm,FOXR2,avg_log2FC,2.87074139912918,0.00411690473383515,Micro-PVM_Hippo
ulm,FXR1,avg_log2FC,0.712121043087733,0.476431924744125,Micro-PVM_Hippo
ulm,GLI1,avg_log2FC,0.802122770255375,0.422530247292507,Micro-PVM_Hippo
ulm,GLI3,avg_log2FC,1.67251062648175,0.0945029488297793,Micro-PVM_Hippo
ulm,GLI4,avg_log2FC,2.66457383648367,0.00773996196670233,Micro-PVM_Hippo
ulm,GREB1,avg_log2FC,-0.828084816425076,0.40767254693993,Micro-PVM_Hippo
ulm,GTF2A2,avg_log2FC,6.23342795241045,5.04267566036305e-10,Micro-PVM_Hippo
ulm,GTF2E2,avg_log2FC,3.65333436034475,0.000262220319457608,Micro-PVM_Hippo
ulm,GUCY1B1,avg_log2FC,3.8297937162594,0.000130242453750256,Micro-PVM_Hippo
ulm,H1_6,avg_log2FC,1.03679296154465,0.299895885507446,Micro-PVM_Hippo
ulm,HAND1,avg_log2FC,0.801464548939127,0.422911016980845,Micro-PVM_Hippo
ulm,HBZ,avg_log2FC,-0.505931229700913,0.612933189215324,Micro-PVM_Hippo
ulm,HDAC4,avg_log2FC,-1.85781581454811,0.0632696084963632,Micro-PVM_Hippo
ulm,HDAC8,avg_log2FC,2.09548788522374,0.0361912145968452,Micro-PVM_Hippo
ulm,HDGF,avg_log2FC,-0.393973401722028,0.693621964650288,Micro-PVM_Hippo
ulm,HES2,avg_log2FC,0.526010902277995,0.598910191978814,Micro-PVM_Hippo
ulm,HES4,avg_log2FC,1.47047695578466,0.141512352650214,Micro-PVM_Hippo
ulm,HEY2,avg_log2FC,0.291600902192691,0.770607113183128,Micro-PVM_Hippo
ulm,HHEX,avg_log2FC,0.144243874044071,0.885315262702879,Micro-PVM_Hippo
ulm,HJURP,avg_log2FC,3.20322483106119,0.00136978773463148,Micro-PVM_Hippo
ulm,HMG20B,avg_log2FC,0.594456496948137,0.552240911335184,Micro-PVM_Hippo
ulm,HMGA1,avg_log2FC,0.206770190084429,0.83620000618476,Micro-PVM_Hippo
ulm,HMGB2,avg_log2FC,0.0255417226922359,0.979624160955211,Micro-PVM_Hippo
ulm,HOXA1,avg_log2FC,4.62891724391126,3.79400414404833e-06,Micro-PVM_Hippo
ulm,HOXA10,avg_log2FC,3.13562505530681,0.00172749068058818,Micro-PVM_Hippo
ulm,HOXA13,avg_log2FC,-0.460834872099957,0.644942476993988,Micro-PVM_Hippo
ulm,HOXA7,avg_log2FC,1.64424975372336,0.100204281584903,Micro-PVM_Hippo
ulm,HOXB4,avg_log2FC,3.84024755886866,0.000124838933280766,Micro-PVM_Hippo
ulm,HOXB6,avg_log2FC,1.37237468526627,0.170024827017975,Micro-PVM_Hippo
ulm,HOXB7,avg_log2FC,-0.0227826361485211,0.981824810706139,Micro-PVM_Hippo
ulm,HOXC11,avg_log2FC,1.93616892770063,0.0529183413235276,Micro-PVM_Hippo
ulm,HOXC13,avg_log2FC,0.701046938938845,0.483315059785033,Micro-PVM_Hippo
ulm,HOXC6,avg_log2FC,3.43364243116164,0.000601661076736952,Micro-PVM_Hippo
ulm,HOXD1,avg_log2FC,-0.29962305535435,0.764480476743641,Micro-PVM_Hippo
ulm,HOXD11,avg_log2FC,1.9187238607763,0.0550913553096153,Micro-PVM_Hippo
ulm,HSD17B8,avg_log2FC,-0.0909098354273297,0.927568849253354,Micro-PVM_Hippo
ulm,HSF2,avg_log2FC,4.70119437295284,2.67476401969068e-06,Micro-PVM_Hippo
ulm,ID1,avg_log2FC,2.33750057505994,0.0194629074836697,Micro-PVM_Hippo
ulm,ID2,avg_log2FC,2.25729462090647,0.0240441221261733,Micro-PVM_Hippo
ulm,IGLV5_37,avg_log2FC,-1.08129020160985,0.279634121231494,Micro-PVM_Hippo
ulm,INSM2,avg_log2FC,0.39741336620863,0.691084155649124,Micro-PVM_Hippo
ulm,IRF5,avg_log2FC,4.16444205974727,3.18786133256486e-05,Micro-PVM_Hippo
ulm,IRX2,avg_log2FC,1.18860930948026,0.234664969549966,Micro-PVM_Hippo
ulm,IRX3,avg_log2FC,1.99926886618414,0.0456477263527159,Micro-PVM_Hippo
ulm,KAT2A,avg_log2FC,3.60443171939237,0.000316700534155905,Micro-PVM_Hippo
ulm,KAT5,avg_log2FC,5.01400415656857,5.56511584954476e-07,Micro-PVM_Hippo
ulm,KDM1B,avg_log2FC,0.28943891543699,0.772260724470131,Micro-PVM_Hippo
ulm,KLF14,avg_log2FC,1.62715082633756,0.103784909314737,Micro-PVM_Hippo
ulm,KLF7,avg_log2FC,2.61041079839364,0.00907755080595607,Micro-PVM_Hippo
ulm,KMT2D,avg_log2FC,0.645529147003671,0.518621869086123,Micro-PVM_Hippo
ulm,LCORL,avg_log2FC,0.50788805743741,0.611560237765881,Micro-PVM_Hippo
ulm,LHX2,avg_log2FC,2.39825392530977,0.0165196031049703,Micro-PVM_Hippo
ulm,LHX9,avg_log2FC,-0.608828613997309,0.542673091471776,Micro-PVM_Hippo
ulm,LMNB2,avg_log2FC,-0.293287939280793,0.769317494308489,Micro-PVM_Hippo
ulm,LMTK3,avg_log2FC,0.420542112150399,0.674112372160894,Micro-PVM_Hippo
ulm,LMX1B,avg_log2FC,0.0987860749932004,0.921313142639845,Micro-PVM_Hippo
ulm,MAFG,avg_log2FC,-0.242014645154026,0.808781391577529,Micro-PVM_Hippo
ulm,MAML1,avg_log2FC,-2.72462523400875,0.00646582720333816,Micro-PVM_Hippo
ulm,MAP2K1,avg_log2FC,4.35439877656134,1.3681825582341e-05,Micro-PVM_Hippo
ulm,MAPK3,avg_log2FC,3.75994926650434,0.000172409392270554,Micro-PVM_Hippo
ulm,MCM2,avg_log2FC,0.377456383311032,0.705854771705218,Micro-PVM_Hippo
ulm,MCM3,avg_log2FC,1.05271836844932,0.292534545386716,Micro-PVM_Hippo
ulm,MCRS1,avg_log2FC,0.595248212618823,0.551711700960432,Micro-PVM_Hippo
ulm,MDM2,avg_log2FC,-0.00181511587466003,0.998551839614525,Micro-PVM_Hippo
ulm,MED16,avg_log2FC,3.66664033562332,0.000248995447650046,Micro-PVM_Hippo
ulm,MED25,avg_log2FC,-0.514145408574397,0.607179122920718,Micro-PVM_Hippo
ulm,MEF2C,avg_log2FC,-0.837100487810778,0.40258677954204,Micro-PVM_Hippo
ulm,MEF2D,avg_log2FC,0.727459268572601,0.4669878162493,Micro-PVM_Hippo
ulm,METHYLCYTOSINE_DIOXYGENASE_TET_UNIPROT_A0A023HHK9_UNREVIEWED,avg_log2FC,-0.142282914529524,0.886863805352738,Micro-PVM_Hippo
ulm,METTL14,avg_log2FC,2.1697223735377,0.0300873722076973,Micro-PVM_Hippo
ulm,MIER1,avg_log2FC,-0.120894898792257,0.903780437947656,Micro-PVM_Hippo
ulm,MSX1,avg_log2FC,0.930803610238737,0.352012102612185,Micro-PVM_Hippo
ulm,MTHFD1,avg_log2FC,3.83894051732301,0.00012550278100749,Micro-PVM_Hippo
ulm,MXD1,avg_log2FC,3.26350506894825,0.00110981041665038,Micro-PVM_Hippo
ulm,MYBL1,avg_log2FC,3.42686135966956,0.000616841517618287,Micro-PVM_Hippo
ulm,MYOCD,avg_log2FC,-0.00858431383384634,0.993151226588307,Micro-PVM_Hippo
ulm,MZF1,avg_log2FC,1.83451567649492,0.0666527303319118,Micro-PVM_Hippo
ulm,NAB2,avg_log2FC,-0.451751953085496,0.651472514681611,Micro-PVM_Hippo
ulm,NCOA2,avg_log2FC,1.17169548142671,0.241390078170549,Micro-PVM_Hippo
ulm,NCOA4,avg_log2FC,1.83776605099296,0.0661720233494609,Micro-PVM_Hippo
ulm,NCOA6,avg_log2FC,2.1662880004863,0.0303488676543265,Micro-PVM_Hippo
ulm,NEUROD2,avg_log2FC,-0.689269684729289,0.490694098649392,Micro-PVM_Hippo
ulm,NEUROG3,avg_log2FC,0.735308395392814,0.462195395843077,Micro-PVM_Hippo
ulm,NFE2L1,avg_log2FC,5.1549631816468,2.66113535912172e-07,Micro-PVM_Hippo
ulm,NFKBIA,avg_log2FC,-3.26347438028707,0.00110993029015178,Micro-PVM_Hippo
ulm,NFXL1,avg_log2FC,-1.92783389034434,0.053947473472452,Micro-PVM_Hippo
ulm,NKX2_2,avg_log2FC,5.72855385326741,1.08845983063964e-08,Micro-PVM_Hippo
ulm,NKX2_3,avg_log2FC,1.97492338760983,0.0483464412912375,Micro-PVM_Hippo
ulm,NKX2_5,avg_log2FC,1.22810148835625,0.219482118897886,Micro-PVM_Hippo
ulm,NKX2_8,avg_log2FC,-1.13419008304769,0.256783718923523,Micro-PVM_Hippo
ulm,NKX6_1,avg_log2FC,0.779153493837209,0.435936025157038,Micro-PVM_Hippo
ulm,NME2,avg_log2FC,-1.16080773890589,0.24579031404066,Micro-PVM_Hippo
ulm,NOTCH3,avg_log2FC,-0.235357277582829,0.813943655303406,Micro-PVM_Hippo
ulm,NPAT,avg_log2FC,0.475476835976191,0.634473458434464,Micro-PVM_Hippo
ulm,NPM1,avg_log2FC,2.37747620709286,0.0174789494815747,Micro-PVM_Hippo
ulm,NR0B1,avg_log2FC,1.79298213956056,0.0730523399276526,Micro-PVM_Hippo
ulm,NR1D1,avg_log2FC,-0.846837878399773,0.397136846715339,Micro-PVM_Hippo
ulm,NR1H4,avg_log2FC,0.425319980101817,0.670626623131968,Micro-PVM_Hippo
ulm,NR1I2,avg_log2FC,1.90205081688468,0.0572372583219807,Micro-PVM_Hippo
ulm,NUFIP1,avg_log2FC,-0.420915242408041,0.673839897367522,Micro-PVM_Hippo
ulm,OVOL3,avg_log2FC,1.9161651177908,0.0554162531999604,Micro-PVM_Hippo
ulm,PAF1,avg_log2FC,-0.13855856898523,0.889806054787803,Micro-PVM_Hippo
ulm,PAX3,avg_log2FC,-1.18870350205184,0.234627893098556,Micro-PVM_Hippo
ulm,PAX6,avg_log2FC,1.66116810219408,0.0967591305156264,Micro-PVM_Hippo
ulm,PAX7,avg_log2FC,-1.01203587831718,0.311582949156175,Micro-PVM_Hippo
ulm,PAX8,avg_log2FC,0.316232435134455,0.751842816357762,Micro-PVM_Hippo
ulm,PBXIP1,avg_log2FC,0.552416631363775,0.580694226044429,Micro-PVM_Hippo
ulm,PCGF1,avg_log2FC,-0.249852192183796,0.802714661618048,Micro-PVM_Hippo
ulm,PCGF6,avg_log2FC,1.54253491781969,0.123023845226654,Micro-PVM_Hippo
ulm,PER1,avg_log2FC,3.18459086433053,0.00146087209415297,Micro-PVM_Hippo
ulm,PGM3,avg_log2FC,1.60867396376438,0.10776764787526,Micro-PVM_Hippo
ulm,PHB2,avg_log2FC,-0.395176249620746,0.692734179579607,Micro-PVM_Hippo
ulm,PHF21A,avg_log2FC,0.895152662478131,0.370760084184472,Micro-PVM_Hippo
ulm,PIAS4,avg_log2FC,-0.499247118078566,0.617633136577435,Micro-PVM_Hippo
ulm,PITX1,avg_log2FC,2.48284884203271,0.0130748960095788,Micro-PVM_Hippo
ulm,POU2AF1,avg_log2FC,-1.38649160327023,0.165675169549863,Micro-PVM_Hippo
ulm,PPARA,avg_log2FC,0.116829191983161,0.907001355738263,Micro-PVM_Hippo
ulm,PPARGC1A,avg_log2FC,5.5202403052664,3.60307895165228e-08,Micro-PVM_Hippo
ulm,PRDM12,avg_log2FC,-0.293966784077622,0.768798745988728,Micro-PVM_Hippo
ulm,PRDM4,avg_log2FC,0.747649731565972,0.454716010482389,Micro-PVM_Hippo
ulm,PRDM5,avg_log2FC,0.135224387386498,0.892441362880528,Micro-PVM_Hippo
ulm,PRKDC,avg_log2FC,2.47724635719505,0.0132816262969112,Micro-PVM_Hippo
ulm,PRMT5,avg_log2FC,-1.46152431502391,0.143951232904583,Micro-PVM_Hippo
ulm,PSIP1,avg_log2FC,1.08406320811062,0.27840300463124,Micro-PVM_Hippo
ulm,PSMB5,avg_log2FC,8.16191387895487,4.39090022085829e-16,Micro-PVM_Hippo
ulm,PTPRA,avg_log2FC,0.679899631648866,0.496607898438613,Micro-PVM_Hippo
ulm,PTTG1,avg_log2FC,-1.18579703237864,0.235773861776005,Micro-PVM_Hippo
ulm,RAG1,avg_log2FC,1.47431311164794,0.140477078508727,Micro-PVM_Hippo
ulm,RAX2,avg_log2FC,3.79596625196101,0.000149277975002032,Micro-PVM_Hippo
ulm,RBL1,avg_log2FC,0.742185919238557,0.458018872693625,Micro-PVM_Hippo
ulm,RBM15,avg_log2FC,-0.0319556038053585,0.97450907196554,Micro-PVM_Hippo
ulm,RBM17,avg_log2FC,0.650841054539328,0.515186990419613,Micro-PVM_Hippo
ulm,RBM34,avg_log2FC,0.151612715248319,0.879500154412745,Micro-PVM_Hippo
ulm,RFX7,avg_log2FC,2.0884943194161,0.0368172099419046,Micro-PVM_Hippo
ulm,RLF,avg_log2FC,-2.00638200556509,0.0448836204028025,Micro-PVM_Hippo
ulm,RORA,avg_log2FC,1.65306710821996,0.0983967557186605,Micro-PVM_Hippo
ulm,RPA1,avg_log2FC,0.101178200031055,0.919414142149962,Micro-PVM_Hippo
ulm,RUVBL1,avg_log2FC,2.64876587322384,0.0081108086166851,Micro-PVM_Hippo
ulm,RUVBL2,avg_log2FC,2.58269905840074,0.00983876459403142,Micro-PVM_Hippo
ulm,RYBP,avg_log2FC,0.251826403420613,0.801188362106039,Micro-PVM_Hippo
ulm,SAFB2,avg_log2FC,-0.139996407707549,0.888669973626079,Micro-PVM_Hippo
ulm,SALL4,avg_log2FC,4.73593557363816,2.25709543144713e-06,Micro-PVM_Hippo
ulm,SETBP1,avg_log2FC,-0.106063015099948,0.915537746492035,Micro-PVM_Hippo
ulm,SETD1A,avg_log2FC,3.59315222404207,0.000330689426989522,Micro-PVM_Hippo
ulm,SETD7,avg_log2FC,4.80746086717712,1.5855489036593e-06,Micro-PVM_Hippo
ulm,SFMBT1,avg_log2FC,1.38555421095386,0.165961374407705,Micro-PVM_Hippo
ulm,SIPA1,avg_log2FC,-1.11536533413854,0.264761819060998,Micro-PVM_Hippo
ulm,SIRT3,avg_log2FC,-1.39798381957726,0.162196500002901,Micro-PVM_Hippo
ulm,SIX1,avg_log2FC,0.504406031708976,0.614004243601013,Micro-PVM_Hippo
ulm,SIX4,avg_log2FC,-0.376729115980827,0.706395179047292,Micro-PVM_Hippo
ulm,SKIL,avg_log2FC,0.33730029681994,0.735908475685531,Micro-PVM_Hippo
ulm,SKP2,avg_log2FC,1.86747362699039,0.0619095576134806,Micro-PVM_Hippo
ulm,SMARCA1,avg_log2FC,1.06612766179198,0.286431162136677,Micro-PVM_Hippo
ulm,SMCHD1,avg_log2FC,0.855475726209326,0.392339776306059,Micro-PVM_Hippo
ulm,SMN1_SMN2,avg_log2FC,0.946094302430481,0.344158418353773,Micro-PVM_Hippo
ulm,SNAI1,avg_log2FC,1.5383462758617,0.124044148860666,Micro-PVM_Hippo
ulm,SNAPC4,avg_log2FC,-0.918674730411619,0.358321880594853,Micro-PVM_Hippo
ulm,SNIP1,avg_log2FC,4.55995279909449,5.27169253511695e-06,Micro-PVM_Hippo
ulm,SNRNP70,avg_log2FC,3.09839535717385,0.00195940624230066,Micro-PVM_Hippo
ulm,SOX10,avg_log2FC,1.39819329526997,0.162133607840013,Micro-PVM_Hippo
ulm,SOX11,avg_log2FC,0.332196483486114,0.739758543089418,Micro-PVM_Hippo
ulm,SOX3,avg_log2FC,0.708249708442512,0.478832035481585,Micro-PVM_Hippo
ulm,SQSTM1,avg_log2FC,0.747644624549619,0.454719091381461,Micro-PVM_Hippo
ulm,SRPK1,avg_log2FC,1.63737637782041,0.10163158684696,Micro-PVM_Hippo
ulm,SRPK2,avg_log2FC,-0.0224181166821428,0.982115562449958,Micro-PVM_Hippo
ulm,SRSF9,avg_log2FC,0.450294689715466,0.652522704915205,Micro-PVM_Hippo
ulm,SS18_SSX1_FUSION_UNIPROT_Q8IZH1_UNREVIEWED,avg_log2FC,0.150184172983441,0.880626988170451,Micro-PVM_Hippo
ulm,SUMO1,avg_log2FC,1.51204717092874,0.13060194060665,Micro-PVM_Hippo
ulm,SUPT16H,avg_log2FC,0.984315963735125,0.325020530374794,Micro-PVM_Hippo
ulm,SUPT20H,avg_log2FC,4.61093529352533,4.1355552313408e-06,Micro-PVM_Hippo
ulm,TAF9B,avg_log2FC,1.62925645505126,0.103338560523727,Micro-PVM_Hippo
ulm,TAFAZZIN,avg_log2FC,-0.174737093818463,0.861295183995013,Micro-PVM_Hippo
ulm,TASOR,avg_log2FC,0.938454507046221,0.348068322116443,Micro-PVM_Hippo
ulm,TBPL1,avg_log2FC,0.656560539292243,0.511501814390493,Micro-PVM_Hippo
ulm,TBX1,avg_log2FC,0.0379229311662923,0.969751048099134,Micro-PVM_Hippo
ulm,TBX3,avg_log2FC,4.11090894805457,4.02121017725378e-05,Micro-PVM_Hippo
ulm,TEAD2,avg_log2FC,3.74929700511319,0.000179872071757904,Micro-PVM_Hippo
ulm,TERF1,avg_log2FC,-0.252036545339855,0.801025942056501,Micro-PVM_Hippo
ulm,TERF2,avg_log2FC,-1.17789948532991,0.238907712471548,Micro-PVM_Hippo
ulm,TERT,avg_log2FC,2.5773773565697,0.00999129488196647,Micro-PVM_Hippo
ulm,TET1,avg_log2FC,3.63118405716215,0.000285706722681266,Micro-PVM_Hippo
ulm,TFCP2,avg_log2FC,1.41285630004134,0.157776848074234,Micro-PVM_Hippo
ulm,TFEB,avg_log2FC,-0.475800693338712,0.634242714882667,Micro-PVM_Hippo
ulm,THRA,avg_log2FC,-0.742231296813806,0.457991386716378,Micro-PVM_Hippo
ulm,THRAP3,avg_log2FC,-0.216106054042892,0.828916250882333,Micro-PVM_Hippo
ulm,TOP2B,avg_log2FC,1.88300872291311,0.059772681155065,Micro-PVM_Hippo
ulm,TOX4,avg_log2FC,-0.0397216191301137,0.968317075158423,Micro-PVM_Hippo
ulm,TRIP13,avg_log2FC,1.57528983616112,0.115269722839262,Micro-PVM_Hippo
ulm,TSHZ1,avg_log2FC,0.629559173373929,0.52901948962246,Micro-PVM_Hippo
ulm,UBE2I,avg_log2FC,1.70972418351731,0.0873955073711033,Micro-PVM_Hippo
ulm,UBN1,avg_log2FC,1.32705833449688,0.184566166913602,Micro-PVM_Hippo
ulm,WDHD1,avg_log2FC,1.02102597182318,0.307304725819272,Micro-PVM_Hippo
ulm,WIZ,avg_log2FC,-1.2586732839585,0.208222825360277,Micro-PVM_Hippo
ulm,WRNIP1,avg_log2FC,3.02486813197627,0.00250343983514267,Micro-PVM_Hippo
ulm,XPO1,avg_log2FC,0.234453402248804,0.814645168455273,Micro-PVM_Hippo
ulm,YBX1,avg_log2FC,0.145325947469506,0.884460951444378,Micro-PVM_Hippo
ulm,YBX3,avg_log2FC,0.177572625625835,0.859067738668791,Micro-PVM_Hippo
ulm,ZA_UNIPROT_Q9UM89_UNREVIEWED_GENES,avg_log2FC,1.02896469102902,0.303559333097528,Micro-PVM_Hippo
ulm,ZBED4,avg_log2FC,1.99828342917195,0.0457544435304691,Micro-PVM_Hippo
ulm,ZBED5,avg_log2FC,1.95676339127982,0.0504457157778439,Micro-PVM_Hippo
ulm,ZBTB1,avg_log2FC,1.25850686847322,0.208282958833254,Micro-PVM_Hippo
ulm,ZBTB12,avg_log2FC,1.30775940201021,0.191031110905521,Micro-PVM_Hippo
ulm,ZBTB18,avg_log2FC,0.641154711155905,0.521459405964051,Micro-PVM_Hippo
ulm,ZBTB44,avg_log2FC,-0.655126529493875,0.512424480060608,Micro-PVM_Hippo
ulm,ZBTB5,avg_log2FC,0.807581925638556,0.419379972142609,Micro-PVM_Hippo
ulm,ZC3H11A,avg_log2FC,2.04925130900782,0.0405035321614954,Micro-PVM_Hippo
ulm,ZFHX3,avg_log2FC,4.06881399179845,4.81771128456076e-05,Micro-PVM_Hippo
ulm,ZFP28,avg_log2FC,-1.61300879671804,0.106822560273659,Micro-PVM_Hippo
ulm,ZFP3,avg_log2FC,-0.924366891825176,0.355351848037938,Micro-PVM_Hippo
ulm,ZFP36L1,avg_log2FC,1.56696415352735,0.117203253600967,Micro-PVM_Hippo
ulm,ZFP82,avg_log2FC,0.545169505902748,0.585667753484774,Micro-PVM_Hippo
ulm,ZFP91,avg_log2FC,-0.367770179667417,0.713064330772562,Micro-PVM_Hippo
ulm,ZIM3,avg_log2FC,0.690391445303245,0.489988659240695,Micro-PVM_Hippo
ulm,ZMYM2,avg_log2FC,-0.538371142463255,0.590351210753993,Micro-PVM_Hippo
ulm,ZMYND11,avg_log2FC,0.122588301969374,0.902439360950954,Micro-PVM_Hippo
ulm,ZNF10,avg_log2FC,-1.41023428057793,0.158549334655312,Micro-PVM_Hippo
ulm,ZNF101,avg_log2FC,1.18238412347343,0.237124560601382,Micro-PVM_Hippo
ulm,ZNF133,avg_log2FC,0.337394895246369,0.735837177503184,Micro-PVM_Hippo
ulm,ZNF134,avg_log2FC,-0.833073366015053,0.40485377275465,Micro-PVM_Hippo
ulm,ZNF140,avg_log2FC,1.24130515224683,0.214566825765629,Micro-PVM_Hippo
ulm,ZNF146,avg_log2FC,3.60819113169758,0.000312162578741278,Micro-PVM_Hippo
ulm,ZNF157,avg_log2FC,-2.22883849143559,0.025880759147132,Micro-PVM_Hippo
ulm,ZNF16,avg_log2FC,-2.13615691342603,0.0327279871068825,Micro-PVM_Hippo
ulm,ZNF165,avg_log2FC,-0.79476254551988,0.426799439265747,Micro-PVM_Hippo
ulm,ZNF169,avg_log2FC,-0.861637727072748,0.388939258832868,Micro-PVM_Hippo
ulm,ZNF175,avg_log2FC,1.48106811948554,0.1386682629262,Micro-PVM_Hippo
ulm,ZNF184,avg_log2FC,0.876338998905122,0.380899113491916,Micro-PVM_Hippo
ulm,ZNF19,avg_log2FC,0.689233156364313,0.490717079349043,Micro-PVM_Hippo
ulm,ZNF197,avg_log2FC,1.89439332755126,0.0582458732191028,Micro-PVM_Hippo
ulm,ZNF2,avg_log2FC,1.23383304681146,0.217338604481589,Micro-PVM_Hippo
ulm,ZNF202,avg_log2FC,-0.196117273117184,0.844528475442743,Micro-PVM_Hippo
ulm,ZNF213,avg_log2FC,-0.243868296478747,0.807345501380303,Micro-PVM_Hippo
ulm,ZNF22,avg_log2FC,-0.687801130551759,0.491618450282687,Micro-PVM_Hippo
ulm,ZNF223,avg_log2FC,-2.61610766776442,0.00892774347146915,Micro-PVM_Hippo
ulm,ZNF224,avg_log2FC,1.2444848887795,0.213395067637196,Micro-PVM_Hippo
ulm,ZNF236,avg_log2FC,2.11166097832041,0.0347782386840761,Micro-PVM_Hippo
ulm,ZNF239,avg_log2FC,-2.21112272184792,0.0270844688930336,Micro-PVM_Hippo
ulm,ZNF250,avg_log2FC,2.21894020106397,0.0265474716202621,Micro-PVM_Hippo
ulm,ZNF257,avg_log2FC,0.415564520514359,0.677751289160527,Micro-PVM_Hippo
ulm,ZNF26,avg_log2FC,-1.33932295022303,0.180542696598962,Micro-PVM_Hippo
ulm,ZNF260,avg_log2FC,2.98194127712545,0.0028817813407223,Micro-PVM_Hippo
ulm,ZNF274,avg_log2FC,-1.99751415805941,0.0458378972531992,Micro-PVM_Hippo
ulm,ZNF282,avg_log2FC,-1.64648151444144,0.0997442942615893,Micro-PVM_Hippo
ulm,ZNF30,avg_log2FC,1.29462171509691,0.195526507445108,Micro-PVM_Hippo
ulm,ZNF318,avg_log2FC,1.94315353254551,0.0520686344179661,Micro-PVM_Hippo
ulm,ZNF320,avg_log2FC,-0.344223392957037,0.730696633194146,Micro-PVM_Hippo
ulm,ZNF322,avg_log2FC,2.66398212460513,0.0077535646415403,Micro-PVM_Hippo
ulm,ZNF329,avg_log2FC,1.69531692700681,0.0900942081851145,Micro-PVM_Hippo
ulm,ZNF331,avg_log2FC,1.72459797237091,0.0846782589145753,Micro-PVM_Hippo
ulm,ZNF33A,avg_log2FC,0.595020288625279,0.551864027756115,Micro-PVM_Hippo
ulm,ZNF34,avg_log2FC,0.628800701175341,0.529515937002238,Micro-PVM_Hippo
ulm,ZNF350,avg_log2FC,2.78552177471642,0.00536967486660429,Micro-PVM_Hippo
ulm,ZNF354A,avg_log2FC,0.782116519408551,0.434193026744133,Micro-PVM_Hippo
ulm,ZNF354B,avg_log2FC,1.61681418647328,0.105998329328574,Micro-PVM_Hippo
ulm,ZNF362,avg_log2FC,1.32747835952749,0.184427286620743,Micro-PVM_Hippo
ulm,ZNF37A,avg_log2FC,-0.923308129801622,0.35590310498235,Micro-PVM_Hippo
ulm,ZNF391,avg_log2FC,1.42478404340481,0.154298718526939,Micro-PVM_Hippo
ulm,ZNF394,avg_log2FC,0.42300217908548,0.672316721867316,Micro-PVM_Hippo
ulm,ZNF404,avg_log2FC,0.455836716319499,0.648532482723094,Micro-PVM_Hippo
ulm,ZNF407,avg_log2FC,5.32296370021361,1.07770540668758e-07,Micro-PVM_Hippo
ulm,ZNF41,avg_log2FC,-0.771123062423412,0.440680162155684,Micro-PVM_Hippo
ulm,ZNF410,avg_log2FC,0.924946804995314,0.355050137970687,Micro-PVM_Hippo
ulm,ZNF418,avg_log2FC,1.23630561388377,0.216418567723362,Micro-PVM_Hippo
ulm,ZNF423,avg_log2FC,0.535336203180411,0.592447563922765,Micro-PVM_Hippo
ulm,ZNF426,avg_log2FC,0.677871931698877,0.497892642377949,Micro-PVM_Hippo
ulm,ZNF433,avg_log2FC,-0.231298263866078,0.817095087531807,Micro-PVM_Hippo
ulm,ZNF436,avg_log2FC,-1.85614698359668,0.063507104413702,Micro-PVM_Hippo
ulm,ZNF486,avg_log2FC,0.515153521914035,0.606474600615622,Micro-PVM_Hippo
ulm,ZNF488,avg_log2FC,0.178584627026097,0.858273034022807,Micro-PVM_Hippo
ulm,ZNF490,avg_log2FC,-0.133103376821633,0.894118411594512,Micro-PVM_Hippo
ulm,ZNF501,avg_log2FC,-0.931552634058379,0.351624760816882,Micro-PVM_Hippo
ulm,ZNF502,avg_log2FC,0.681260228154342,0.495746821273012,Micro-PVM_Hippo
ulm,ZNF507,avg_log2FC,3.55072705618474,0.000388653285864388,Micro-PVM_Hippo
ulm,ZNF510,avg_log2FC,0.492029379467661,0.622725944874398,Micro-PVM_Hippo
ulm,ZNF512,avg_log2FC,-1.28090609494147,0.200301927585107,Micro-PVM_Hippo
ulm,ZNF512B,avg_log2FC,-1.16992905057052,0.242100178551608,Micro-PVM_Hippo
ulm,ZNF513,avg_log2FC,0.205760162675546,0.83698887501633,Micro-PVM_Hippo
ulm,ZNF524,avg_log2FC,1.68146456301992,0.0927518464228999,Micro-PVM_Hippo
ulm,ZNF528,avg_log2FC,0.816277147465505,0.414390914220788,Micro-PVM_Hippo
ulm,ZNF529,avg_log2FC,0.798005393346917,0.424915380352488,Micro-PVM_Hippo
ulm,ZNF530,avg_log2FC,-0.093888565946077,0.925202443482992,Micro-PVM_Hippo
ulm,ZNF532,avg_log2FC,-0.439482015103115,0.660336376651777,Micro-PVM_Hippo
ulm,ZNF547,avg_log2FC,1.28355917372462,0.199371611697567,Micro-PVM_Hippo
ulm,ZNF548,avg_log2FC,-0.783414119255601,0.433430984335574,Micro-PVM_Hippo
ulm,ZNF549,avg_log2FC,1.5343578897177,0.125021800222627,Micro-PVM_Hippo
ulm,ZNF555,avg_log2FC,0.194035176083512,0.846158326437685,Micro-PVM_Hippo
ulm,ZNF558,avg_log2FC,-0.651978927207683,0.514452739272249,Micro-PVM_Hippo
ulm,ZNF560,avg_log2FC,0.632211955967336,0.527285013280569,Micro-PVM_Hippo
ulm,ZNF561,avg_log2FC,1.33976816055585,0.18039787862611,Micro-PVM_Hippo
ulm,ZNF563,avg_log2FC,0.102072540363012,0.91870428305928,Micro-PVM_Hippo
ulm,ZNF577,avg_log2FC,0.613462827422196,0.53960571330184,Micro-PVM_Hippo
ulm,ZNF579,avg_log2FC,0.400598364403954,0.688737537392686,Micro-PVM_Hippo
ulm,ZNF581,avg_log2FC,2.64322116660752,0.00824460600409889,Micro-PVM_Hippo
ulm,ZNF582,avg_log2FC,-0.609950633722968,0.541929631629308,Micro-PVM_Hippo
ulm,ZNF584,avg_log2FC,0.487972058361551,0.625596744419559,Micro-PVM_Hippo
ulm,ZNF585B,avg_log2FC,0.302748277492352,0.762097660911385,Micro-PVM_Hippo
ulm,ZNF586,avg_log2FC,-0.302122702973138,0.762574448489555,Micro-PVM_Hippo
ulm,ZNF589,avg_log2FC,0.8657348489053,0.386688216009559,Micro-PVM_Hippo
ulm,ZNF592,avg_log2FC,1.25187872562775,0.210688257653278,Micro-PVM_Hippo
ulm,ZNF595,avg_log2FC,0.140340341778012,0.888398254415535,Micro-PVM_Hippo
ulm,ZNF596,avg_log2FC,-0.968202478836652,0.333002594484848,Micro-PVM_Hippo
ulm,ZNF597,avg_log2FC,0.00419903263579749,0.996649878792175,Micro-PVM_Hippo
ulm,ZNF610,avg_log2FC,2.71882538908832,0.00658007627477007,Micro-PVM_Hippo
ulm,ZNF618,avg_log2FC,1.71334977686236,0.0867267558885101,Micro-PVM_Hippo
ulm,ZNF622,avg_log2FC,0.336154620860877,0.73677214425877,Micro-PVM_Hippo
ulm,ZNF623,avg_log2FC,-0.918559144072564,0.358382352127685,Micro-PVM_Hippo
ulm,ZNF660,avg_log2FC,2.12097830663357,0.0339858219861551,Micro-PVM_Hippo
ulm,ZNF664,avg_log2FC,-0.392498870913287,0.694710844656639,Micro-PVM_Hippo
ulm,ZNF667,avg_log2FC,0.688368744899181,0.491261066123796,Micro-PVM_Hippo
ulm,ZNF669,avg_log2FC,-0.64694621803942,0.517704381383965,Micro-PVM_Hippo
ulm,ZNF677,avg_log2FC,-0.501238648917888,0.616231136889927,Micro-PVM_Hippo
ulm,ZNF680,avg_log2FC,1.37601287090118,0.168895735602619,Micro-PVM_Hippo
ulm,ZNF697,avg_log2FC,0.675383774744721,0.499471544986675,Micro-PVM_Hippo
ulm,ZNF7,avg_log2FC,2.05526622331025,0.039918975243435,Micro-PVM_Hippo
ulm,ZNF704,avg_log2FC,-1.10800985352031,0.267925091401756,Micro-PVM_Hippo
ulm,ZNF707,avg_log2FC,0.0723814191937216,0.942302039666644,Micro-PVM_Hippo
ulm,ZNF708,avg_log2FC,0.83468888424941,0.403943431081034,Micro-PVM_Hippo
ulm,ZNF711,avg_log2FC,4.82201846659729,1.47470878367049e-06,Micro-PVM_Hippo
ulm,ZNF740,avg_log2FC,-0.485719728658386,0.627192862210356,Micro-PVM_Hippo
ulm,ZNF746,avg_log2FC,0.168131425933422,0.86648850332812,Micro-PVM_Hippo
ulm,ZNF766,avg_log2FC,1.45799182520547,0.14492237708251,Micro-PVM_Hippo
ulm,ZNF768,avg_log2FC,-1.59127493847416,0.111627816099732,Micro-PVM_Hippo
ulm,ZNF777,avg_log2FC,0.000740760355817025,0.999408996247309,Micro-PVM_Hippo
ulm,ZNF781,avg_log2FC,0.800592038572853,0.42341605890125,Micro-PVM_Hippo
ulm,ZNF784,avg_log2FC,2.35831084432074,0.0184068231485133,Micro-PVM_Hippo
ulm,ZNF785,avg_log2FC,-0.0218746861308998,0.982549023483377,Micro-PVM_Hippo
ulm,ZNF791,avg_log2FC,-0.892466360554746,0.372197435736447,Micro-PVM_Hippo
ulm,ZNF8,avg_log2FC,1.64591031841963,0.0998618625170501,Micro-PVM_Hippo
ulm,ZNF816,avg_log2FC,-0.158093387134721,0.874391300789941,Micro-PVM_Hippo
ulm,ZNF830,avg_log2FC,1.56070172363591,0.118674335582755,Micro-PVM_Hippo
ulm,ZNF843,avg_log2FC,1.11619165089275,0.264408071658136,Micro-PVM_Hippo
ulm,ZNF85,avg_log2FC,2.12578490178174,0.033583104951665,Micro-PVM_Hippo
ulm,ZNF92,avg_log2FC,-1.39437871276444,0.163281771154089,Micro-PVM_Hippo
ulm,ZSCAN18,avg_log2FC,-0.430514623546837,0.66684484359696,Micro-PVM_Hippo
ulm,ZSCAN2,avg_log2FC,1.1092539609634,0.267388237192783,Micro-PVM_Hippo
ulm,ZSCAN21,avg_log2FC,0.234508091377526,0.814602719052126,Micro-PVM_Hippo
ulm,ZSCAN23,avg_log2FC,1.6690598287695,0.0951848502660687,Micro-PVM_Hippo
ulm,ZSCAN30,avg_log2FC,0.562258955992732,0.573971535302299,Micro-PVM_Hippo
ulm,ZSCAN31,avg_log2FC,0.868923985934065,0.384941555085253,Micro-PVM_Hippo
ulm,ZSCAN4,avg_log2FC,-0.522106509380263,0.601625480864207,Micro-PVM_Hippo
ulm,ZSCAN5B,avg_log2FC,0.845471391119344,0.397898961281754,Micro-PVM_Hippo
ulm,ZSCAN5C,avg_log2FC,0.29319025995428,0.769392145778416,Micro-PVM_Hippo
ulm,ZSCAN5DP,avg_log2FC,3.6205487487113,0.000297671252297049,Micro-PVM_Hippo
ulm,ZZZ3,avg_log2FC,0.721440593531064,0.470681221330518,Micro-PVM_Hippo
ulm,ADA2,avg_log2FC,-0.843534406864193,0.398981833287485,Astro_Frontal
ulm,ADNP,avg_log2FC,1.18207867565818,0.237247203931496,Astro_Frontal
ulm,AEBP2,avg_log2FC,-2.03886494892471,0.0415314132080832,Astro_Frontal
ulm,AHRR,avg_log2FC,-1.84565044574919,0.0650194111848975,Astro_Frontal
ulm,ALKBH3,avg_log2FC,-0.0278797982098462,0.97775946025109,Astro_Frontal
ulm,ALX4,avg_log2FC,-0.678497803930421,0.497496736909824,Astro_Frontal
ulm,ARHGAP35,avg_log2FC,-1.43483826274809,0.151414101138008,Astro_Frontal
ulm,ARID3B,avg_log2FC,1.32375285865667,0.185663425147906,Astro_Frontal
ulm,ARID5B,avg_log2FC,-1.43942712895673,0.150110524964777,Astro_Frontal
ulm,ARNT2,avg_log2FC,-2.33394076200939,0.0196498174165842,Astro_Frontal
ulm,ASH1L,avg_log2FC,-2.29829543965296,0.0215981172678515,Astro_Frontal
ulm,ASXL2,avg_log2FC,0.512002188917591,0.608678730596649,Astro_Frontal
ulm,ATF5,avg_log2FC,-0.674236960296644,0.500200997893005,Astro_Frontal
ulm,ATF6,avg_log2FC,-2.56145600999636,0.010461062457746,Astro_Frontal
ulm,ATOH8,avg_log2FC,-0.227106431746855,0.820352994113465,Astro_Frontal
ulm,ATXN7L3,avg_log2FC,0.698952373935182,0.484623851374693,Astro_Frontal
ulm,AUTS2,avg_log2FC,-0.564059192672945,0.572746576514449,Astro_Frontal
ulm,BAHD1,avg_log2FC,-1.751084231115,0.0800107254806436,Astro_Frontal
ulm,BANP,avg_log2FC,-1.31250644305595,0.189427247095612,Astro_Frontal
ulm,BARHL1,avg_log2FC,-2.97714332443622,0.00292753490893139,Astro_Frontal
ulm,BARX1,avg_log2FC,-2.68005935174889,0.00739213355614974,Astro_Frontal
ulm,BARX2,avg_log2FC,-3.41021042207293,0.000655779757085844,Astro_Frontal
ulm,BCL6B,avg_log2FC,-0.0426561383068242,0.965977847677127,Astro_Frontal
ulm,BDP1,avg_log2FC,0.261842911250429,0.793456507501592,Astro_Frontal
ulm,BPTF,avg_log2FC,-1.64029991733808,0.101024196690966,Astro_Frontal
ulm,BRCA2,avg_log2FC,-1.2795534893422,0.200779020642557,Astro_Frontal
ulm,BRF1,avg_log2FC,0.209812492311614,0.833825081157009,Astro_Frontal
ulm,CASP8AP2,avg_log2FC,0.346339792526946,0.729106219329768,Astro_Frontal
ulm,CAVIN1,avg_log2FC,-0.575585161167546,0.564929121891449,Astro_Frontal
ulm,CBX5,avg_log2FC,0.207956737897098,0.835273703824106,Astro_Frontal
ulm,CBX7,avg_log2FC,-0.947128135512679,0.34363269994875,Astro_Frontal
ulm,CC2D1A,avg_log2FC,-1.23565871653407,0.2166605469173,Astro_Frontal
ulm,CDC5L,avg_log2FC,-0.527967132945363,0.597552457422789,Astro_Frontal
ulm,CDC73,avg_log2FC,-0.9697216560673,0.332245931514909,Astro_Frontal
ulm,CDH4,avg_log2FC,0.248551890950861,0.80372063158321,Astro_Frontal
ulm,CDX1,avg_log2FC,1.00017913874206,0.317286435749523,Astro_Frontal
ulm,CEBPE,avg_log2FC,-0.721473153854534,0.470662092915918,Astro_Frontal
ulm,CEBPZ,avg_log2FC,-3.135069966175,0.0017310197467367,Astro_Frontal
ulm,CENPT,avg_log2FC,-2.67019592903624,0.00761243284076784,Astro_Frontal
ulm,CHAF1A,avg_log2FC,0.507940190546331,0.611524273686802,Astro_Frontal
ulm,CHAF1B,avg_log2FC,-0.640040286977081,0.522184346218152,Astro_Frontal
ulm,CHAMP1,avg_log2FC,-1.91843183595882,0.0551298655055209,Astro_Frontal
ulm,CIC,avg_log2FC,-1.60118262713983,0.109418199461935,Astro_Frontal
ulm,CIITA,avg_log2FC,-2.67480438526543,0.00750878059831677,Astro_Frontal
ulm,COBLL1,avg_log2FC,-0.870386391419332,0.384143334842494,Astro_Frontal
ulm,CREB3,avg_log2FC,-0.712716229974293,0.47606439560245,Astro_Frontal
ulm,CREB3L2,avg_log2FC,0.4706783135303,0.637897033936189,Astro_Frontal
ulm,CREB3L4,avg_log2FC,-3.08205743916054,0.00207023488502057,Astro_Frontal
ulm,CSHL1,avg_log2FC,-1.95806524877472,0.0502941961203637,Astro_Frontal
ulm,CTR9,avg_log2FC,-0.597681336947225,0.550087596315395,Astro_Frontal
ulm,CUX1,avg_log2FC,-1.17982862999963,0.238140992694171,Astro_Frontal
ulm,DACH1,avg_log2FC,-2.13990601951133,0.0324247983411551,Astro_Frontal
ulm,DBP,avg_log2FC,-2.32245330746886,0.020260224637847,Astro_Frontal
ulm,DICER1,avg_log2FC,0.583497557062843,0.559592447865568,Astro_Frontal
ulm,DIDO1,avg_log2FC,-2.44682002262608,0.0144565186623391,Astro_Frontal
ulm,DLX2,avg_log2FC,0.266707825412342,0.789708356456824,Astro_Frontal
ulm,DLX4,avg_log2FC,-1.32623803797028,0.184839227781834,Astro_Frontal
ulm,DLX6,avg_log2FC,-1.68756106391003,0.0915762047834857,Astro_Frontal
ulm,DMRT1,avg_log2FC,-1.48392971922354,0.137909108299433,Astro_Frontal
ulm,DNMT1,avg_log2FC,-0.675611112300868,0.49932800336763,Astro_Frontal
ulm,DNMT3A,avg_log2FC,-1.32088843716333,0.186616765053887,Astro_Frontal
ulm,DROSHA,avg_log2FC,-0.961128166511513,0.336547852382653,Astro_Frontal
ulm,DYRK1A,avg_log2FC,-0.652250275198301,0.514278519281042,Astro_Frontal
ulm,E2F2,avg_log2FC,-0.960505619206988,0.336860887297447,Astro_Frontal
ulm,E2F5,avg_log2FC,-1.88145811789891,0.0599847238190265,Astro_Frontal
ulm,EBNA1BP2,avg_log2FC,-0.455162563189189,0.649017857243052,Astro_Frontal
ulm,EGFR,avg_log2FC,0.477336956252148,0.633149189173142,Astro_Frontal
ulm,ELF2,avg_log2FC,-2.99739417983186,0.0027403056601331,Astro_Frontal
ulm,ELF5,avg_log2FC,-1.80893675424241,0.0705385011404789,Astro_Frontal
ulm,EMX1,avg_log2FC,-1.28474380524904,0.198958816237036,Astro_Frontal
ulm,EPC1,avg_log2FC,-2.26316655344322,0.0236806661614773,Astro_Frontal
ulm,EWSR1,avg_log2FC,-1.36536625645039,0.172217423779343,Astro_Frontal
ulm,F10,avg_log2FC,0.196322712407146,0.844367906830544,Astro_Frontal
ulm,FEV,avg_log2FC,-1.54353899588341,0.122781921090354,Astro_Frontal
ulm,FOXC1,avg_log2FC,1.08361321066909,0.278603923728243,Astro_Frontal
ulm,FOXD2,avg_log2FC,-1.63835877036023,0.101428270508582,Astro_Frontal
ulm,FOXD3,avg_log2FC,0.275785573084859,0.782727508890971,Astro_Frontal
ulm,FOXE1,avg_log2FC,-1.25769121916081,0.208579431717768,Astro_Frontal
ulm,FOXG1,avg_log2FC,-1.05563158770156,0.291202543686901,Astro_Frontal
ulm,FOXJ2,avg_log2FC,-0.207161333935355,0.835894776572873,Astro_Frontal
ulm,FOXN3,avg_log2FC,-0.914385342133334,0.36057144027934,Astro_Frontal
ulm,FOXO4,avg_log2FC,-1.58906435314706,0.112127655861195,Astro_Frontal
ulm,FOXQ1,avg_log2FC,0.806281785342371,0.420129996795182,Astro_Frontal
ulm,FOXR2,avg_log2FC,-0.667888068250464,0.504244922961984,Astro_Frontal
ulm,FXR1,avg_log2FC,-1.94422899872285,0.051940306789423,Astro_Frontal
ulm,GLI1,avg_log2FC,1.51385789637379,0.13014365067998,Astro_Frontal
ulm,GLI3,avg_log2FC,-2.39309875853413,0.0167541821600495,Astro_Frontal
ulm,GLI4,avg_log2FC,-0.49153996077029,0.623072508065607,Astro_Frontal
ulm,GREB1,avg_log2FC,0.282802006573567,0.777343760257462,Astro_Frontal
ulm,GTF2A2,avg_log2FC,-0.915867181259275,0.359793700346991,Astro_Frontal
ulm,GTF2E2,avg_log2FC,-1.52343046474278,0.127732856889636,Astro_Frontal
ulm,GUCY1B1,avg_log2FC,-0.539371927608705,0.589661316246438,Astro_Frontal
ulm,H1_6,avg_log2FC,1.43727319940579,0.15072132944668,Astro_Frontal
ulm,HAND1,avg_log2FC,-0.281561567029889,0.778294786636736,Astro_Frontal
ulm,HBZ,avg_log2FC,-0.039085005861665,0.968824634059527,Astro_Frontal
ulm,HDAC4,avg_log2FC,-0.0766282349898441,0.938923262897173,Astro_Frontal
ulm,HDAC8,avg_log2FC,-0.958285679984203,0.337978661615418,Astro_Frontal
ulm,HDGF,avg_log2FC,0.192100403277946,0.847673650834874,Astro_Frontal
ulm,HES2,avg_log2FC,2.01278519919319,0.0442064559829377,Astro_Frontal
ulm,HES4,avg_log2FC,-2.46318505945362,0.0138141568409565,Astro_Frontal
ulm,HEY2,avg_log2FC,0.384919186368271,0.700318469875988,Astro_Frontal
ulm,HHEX,avg_log2FC,-0.785638409069952,0.432127514118521,Astro_Frontal
ulm,HJURP,avg_log2FC,-1.292453971623,0.196277238444974,Astro_Frontal
ulm,HMG20B,avg_log2FC,-1.6692546044997,0.0951479189214455,Astro_Frontal
ulm,HMGA1,avg_log2FC,0.266181775114946,0.790113416580821,Astro_Frontal
ulm,HMGB2,avg_log2FC,-0.740516080157003,0.459031889898689,Astro_Frontal
ulm,HOXA1,avg_log2FC,-2.99487172389369,0.00276301491131757,Astro_Frontal
ulm,HOXA10,avg_log2FC,-1.35123163746855,0.17670032983038,Astro_Frontal
ulm,HOXA7,avg_log2FC,-1.26414482959074,0.206254279721603,Astro_Frontal
ulm,HOXB4,avg_log2FC,-1.84659430327692,0.0648823612211816,Astro_Frontal
ulm,HOXB6,avg_log2FC,-1.38137910634226,0.167242277428604,Astro_Frontal
ulm,HOXB7,avg_log2FC,-0.220574449608846,0.825435447651756,Astro_Frontal
ulm,HOXC11,avg_log2FC,-0.522199532428456,0.601561338208876,Astro_Frontal
ulm,HOXC13,avg_log2FC,0.2236165713849,0.823067486312367,Astro_Frontal
ulm,HOXC6,avg_log2FC,-1.7878321770117,0.0738814054688679,Astro_Frontal
ulm,HOXD1,avg_log2FC,-0.166543790844713,0.867737735939542,Astro_Frontal
ulm,HOXD11,avg_log2FC,-0.592448811722114,0.553584746156756,Astro_Frontal
ulm,HSD17B8,avg_log2FC,-0.694320302567466,0.487523092475111,Astro_Frontal
ulm,HSF2,avg_log2FC,-0.3764301744905,0.706617779280932,Astro_Frontal
ulm,ID1,avg_log2FC,-1.31487830890803,0.188628813429313,Astro_Frontal
ulm,ID2,avg_log2FC,-2.09736018301296,0.0360265036528777,Astro_Frontal
ulm,IGLV5_37,avg_log2FC,1.86426622368891,0.0623600820167508,Astro_Frontal
ulm,INSM2,avg_log2FC,1.18467269909331,0.236219722211808,Astro_Frontal
ulm,IRF5,avg_log2FC,-2.21266400551808,0.0269790547712756,Astro_Frontal
ulm,IRX2,avg_log2FC,0.0536487177561505,0.95721781389189,Astro_Frontal
ulm,IRX3,avg_log2FC,-0.714352088286875,0.475052629980424,Astro_Frontal
ulm,KAT2A,avg_log2FC,-2.65179559710388,0.00803919560397725,Astro_Frontal
ulm,KAT5,avg_log2FC,-2.26208543853281,0.0237474316303884,Astro_Frontal
ulm,KDM1B,avg_log2FC,-2.21370870096427,0.0269069986531769,Astro_Frontal
ulm,KLF14,avg_log2FC,-0.0562540114240408,0.955142362087096,Astro_Frontal
ulm,KLF7,avg_log2FC,0.521454746488789,0.602079899683923,Astro_Frontal
ulm,KMT2D,avg_log2FC,1.44606596731809,0.148239783047028,Astro_Frontal
ulm,LCORL,avg_log2FC,0.677064766596833,0.498405383189124,Astro_Frontal
ulm,LHX2,avg_log2FC,-0.997405986510515,0.318629925685204,Astro_Frontal
ulm,LHX9,avg_log2FC,1.2072403822684,0.227413457970931,Astro_Frontal
ulm,LMNB2,avg_log2FC,0.361530105764462,0.717722965347703,Astro_Frontal
ulm,LMTK3,avg_log2FC,-0.716710528081847,0.473596033777466,Astro_Frontal
ulm,LMX1B,avg_log2FC,-0.240784867328244,0.809734629939961,Astro_Frontal
ulm,MAFG,avg_log2FC,0.0950618463221077,0.92427063097575,Astro_Frontal
ulm,MAML1,avg_log2FC,1.88880801395772,0.0589923650746528,Astro_Frontal
ulm,MAP2K1,avg_log2FC,1.47131369031188,0.141287713165352,Astro_Frontal
ulm,MAPK3,avg_log2FC,-1.74401888708653,0.0812352954644319,Astro_Frontal
ulm,MCM2,avg_log2FC,1.02865437961589,0.303706483209258,Astro_Frontal
ulm,MCM3,avg_log2FC,-2.31619942634186,0.0205994435916065,Astro_Frontal
ulm,MCRS1,avg_log2FC,0.384563459388019,0.700582028760165,Astro_Frontal
ulm,MED16,avg_log2FC,0.125267461928108,0.900318325781457,Astro_Frontal
ulm,MED25,avg_log2FC,0.665008365303097,0.506084819993933,Astro_Frontal
ulm,MEF2C,avg_log2FC,-0.115639836647734,0.907943997039756,Astro_Frontal
ulm,MEF2D,avg_log2FC,0.330344991771278,0.74115720544311,Astro_Frontal
ulm,METHYLCYTOSINE_DIOXYGENASE_TET_UNIPROT_A0A023HHK9_UNREVIEWED,avg_log2FC,-1.70865192299701,0.0875957326958049,Astro_Frontal
ulm,METTL14,avg_log2FC,-0.474485969352185,0.635180207031961,Astro_Frontal
ulm,MIER1,avg_log2FC,-0.252168651842234,0.800924115713911,Astro_Frontal
ulm,MSX1,avg_log2FC,0.215986642569132,0.829009557152243,Astro_Frontal
ulm,MTHFD1,avg_log2FC,0.25248430141478,0.800680172782244,Astro_Frontal
ulm,MXD1,avg_log2FC,-2.24513266294474,0.0248159337579806,Astro_Frontal
ulm,MYBL1,avg_log2FC,-1.19264191125288,0.233082857041784,Astro_Frontal
ulm,MYOCD,avg_log2FC,0.374781187034385,0.707843769091853,Astro_Frontal
ulm,MZF1,avg_log2FC,1.26558873072001,0.205736648806565,Astro_Frontal
ulm,NAB2,avg_log2FC,-3.51300080829694,0.000448149905410076,Astro_Frontal
ulm,NCOA2,avg_log2FC,-0.137785328495915,0.89041725727744,Astro_Frontal
ulm,NCOA4,avg_log2FC,-2.27377163508899,0.02303432855297,Astro_Frontal
ulm,NCOA6,avg_log2FC,-1.67311128668542,0.0943863166026015,Astro_Frontal
ulm,NEUROG3,avg_log2FC,-0.934741035981915,0.349980168183177,Astro_Frontal
ulm,NFE2L1,avg_log2FC,-2.28534318177736,0.0223466275971105,Astro_Frontal
ulm,NFKBIA,avg_log2FC,0.860319774175458,0.389666157357742,Astro_Frontal
ulm,NFXL1,avg_log2FC,0.812889687679538,0.41633137595874,Astro_Frontal
ulm,NKX2_2,avg_log2FC,-4.35059135920292,1.39276881503354e-05,Astro_Frontal
ulm,NKX2_3,avg_log2FC,0.513740950949646,0.607462484579024,Astro_Frontal
ulm,NKX2_5,avg_log2FC,-0.864354680151239,0.38744672023287,Astro_Frontal
ulm,NKX2_8,avg_log2FC,-0.0762555728240951,0.93921971741502,Astro_Frontal
ulm,NKX6_1,avg_log2FC,0.25872225910829,0.795863320840568,Astro_Frontal
ulm,NME2,avg_log2FC,0.192879542977766,0.847063440686968,Astro_Frontal
ulm,NOTCH3,avg_log2FC,0.524504386472992,0.599957849111965,Astro_Frontal
ulm,NPAT,avg_log2FC,-1.38518028523989,0.166077286053785,Astro_Frontal
ulm,NPM1,avg_log2FC,-1.45949459730419,0.144510294542928,Astro_Frontal
ulm,NR0B1,avg_log2FC,0.946619814508291,0.343891720643664,Astro_Frontal
ulm,NR1D1,avg_log2FC,-0.824412064446502,0.409756334911058,Astro_Frontal
ulm,NR1H4,avg_log2FC,0.791989264724618,0.428415540158684,Astro_Frontal
ulm,NR1I2,avg_log2FC,-0.494015655939968,0.621323196322459,Astro_Frontal
ulm,NUFIP1,avg_log2FC,2.0121587671663,0.0442724589123676,Astro_Frontal
ulm,OVOL3,avg_log2FC,0.35201218059072,0.724848318629522,Astro_Frontal
ulm,PAF1,avg_log2FC,-0.892631566141495,0.372110080745092,Astro_Frontal
ulm,PAX3,avg_log2FC,-1.19463750876418,0.232301992311001,Astro_Frontal
ulm,PAX6,avg_log2FC,-0.682089365122601,0.495223317692126,Astro_Frontal
ulm,PAX7,avg_log2FC,-1.01318515252933,0.311035152422788,Astro_Frontal
ulm,PAX8,avg_log2FC,-1.21426455127845,0.224720903306021,Astro_Frontal
ulm,PBXIP1,avg_log2FC,-1.1084560008284,0.26773390151987,Astro_Frontal
ulm,PCGF1,avg_log2FC,0.655538538577375,0.512160098599401,Astro_Frontal
ulm,PCGF6,avg_log2FC,0.204006706441898,0.838358998823549,Astro_Frontal
ulm,PER1,avg_log2FC,-2.37500575292754,0.0175972004199834,Astro_Frontal
ulm,PGM3,avg_log2FC,-1.1812466333432,0.237577440555319,Astro_Frontal
ulm,PHB2,avg_log2FC,1.4513648714065,0.146759445002357,Astro_Frontal
ulm,PHF21A,avg_log2FC,-0.880725478223076,0.378521184449588,Astro_Frontal
ulm,PIAS4,avg_log2FC,-0.0795979616053687,0.936561137315413,Astro_Frontal
ulm,PITX1,avg_log2FC,-2.59830117005425,0.00940420234337754,Astro_Frontal
ulm,POU2AF1,avg_log2FC,-0.418909208219933,0.675305765116655,Astro_Frontal
ulm,PPARA,avg_log2FC,-1.08889983954195,0.276265947371238,Astro_Frontal
ulm,PPARGC1A,avg_log2FC,-0.269806654046499,0.787323407254437,Astro_Frontal
ulm,PRDM12,avg_log2FC,-0.464979052211739,0.641972652082801,Astro_Frontal
ulm,PRDM4,avg_log2FC,1.68718642511165,0.0916482034188991,Astro_Frontal
ulm,PRDM5,avg_log2FC,0.0556605763729179,0.955615083251514,Astro_Frontal
ulm,PRKDC,avg_log2FC,-2.45765637840168,0.0140282915552088,Astro_Frontal
ulm,PRMT5,avg_log2FC,1.3083852611287,0.190820468874796,Astro_Frontal
ulm,PSIP1,avg_log2FC,-1.6259370268538,0.104044578153967,Astro_Frontal
ulm,PSMB5,avg_log2FC,-0.473681611899703,0.635753722081963,Astro_Frontal
ulm,PTPRA,avg_log2FC,-1.96292396425331,0.0497266258738119,Astro_Frontal
ulm,PTTG1,avg_log2FC,-1.20953297785522,0.226532126502522,Astro_Frontal
ulm,RAG1,avg_log2FC,-2.66178491123539,0.00780492437377169,Astro_Frontal
ulm,RAX2,avg_log2FC,-2.0108995384805,0.0444053871139608,Astro_Frontal
ulm,RBL1,avg_log2FC,-1.74343099099472,0.0813378721196818,Astro_Frontal
ulm,RBM15,avg_log2FC,0.539707957756231,0.58942954265635,Astro_Frontal
ulm,RBM17,avg_log2FC,-0.15549217968039,0.876441438560469,Astro_Frontal
ulm,RBM34,avg_log2FC,-2.52147417003634,0.0117263130590224,Astro_Frontal
ulm,RFX7,avg_log2FC,-2.54875525928111,0.0108491476866362,Astro_Frontal
ulm,RLF,avg_log2FC,-0.83891837236592,0.401566999068737,Astro_Frontal
ulm,RORA,avg_log2FC,-0.448160289480706,0.654062639687153,Astro_Frontal
ulm,RPA1,avg_log2FC,-0.620022782168248,0.535279340030629,Astro_Frontal
ulm,RUVBL1,avg_log2FC,-1.32961481990307,0.183723679301487,Astro_Frontal
ulm,RUVBL2,avg_log2FC,0.0258751981489307,0.979358218244313,Astro_Frontal
ulm,RYBP,avg_log2FC,-0.2917313863437,0.770507666084946,Astro_Frontal
ulm,SAFB2,avg_log2FC,-1.79070160471129,0.0734194247272182,Astro_Frontal
ulm,SALL4,avg_log2FC,-1.65348257769152,0.0983138998081013,Astro_Frontal
ulm,SETBP1,avg_log2FC,-0.376014615740574,0.706926667449742,Astro_Frontal
ulm,SETD1A,avg_log2FC,-3.1457264550276,0.00166933320470317,Astro_Frontal
ulm,SETD7,avg_log2FC,-1.7840709035533,0.0744905721408676,Astro_Frontal
ulm,SFMBT1,avg_log2FC,-3.04246252575158,0.00236227579743682,Astro_Frontal
ulm,SIPA1,avg_log2FC,1.09255575203742,0.274656994018675,Astro_Frontal
ulm,SIRT3,avg_log2FC,1.28096813833604,0.200281713121123,Astro_Frontal
ulm,SIX1,avg_log2FC,2.67095380175361,0.00759529928641248,Astro_Frontal
ulm,SIX4,avg_log2FC,0.36222955031945,0.7172003027449,Astro_Frontal
ulm,SKIL,avg_log2FC,-1.50898388979742,0.131384637590689,Astro_Frontal
ulm,SKP2,avg_log2FC,2.5891256000024,0.00965807776784778,Astro_Frontal
ulm,SMARCA1,avg_log2FC,0.36702304261834,0.713621922912747,Astro_Frontal
ulm,SMCHD1,avg_log2FC,1.78993907217654,0.0735419620205916,Astro_Frontal
ulm,SMN1_SMN2,avg_log2FC,-0.204379020084204,0.838068084751597,Astro_Frontal
ulm,SNAI1,avg_log2FC,0.401055037997104,0.688401772889225,Astro_Frontal
ulm,SNAPC4,avg_log2FC,-0.489269222153768,0.62467887209731,Astro_Frontal
ulm,SNIP1,avg_log2FC,-1.5445314363171,0.122541510607492,Astro_Frontal
ulm,SNRNP70,avg_log2FC,-1.91413125635444,0.0556771564055523,Astro_Frontal
ulm,SOX10,avg_log2FC,2.19843465381539,0.0279772163102006,Astro_Frontal
ulm,SOX11,avg_log2FC,0.425891547045055,0.670210589321742,Astro_Frontal
ulm,SOX3,avg_log2FC,0.0591885030395193,0.952805026767172,Astro_Frontal
ulm,SQSTM1,avg_log2FC,-0.922513064743253,0.356318601392836,Astro_Frontal
ulm,SRPK1,avg_log2FC,-1.71405740005722,0.0865983617986769,Astro_Frontal
ulm,SRPK2,avg_log2FC,-1.5774690882985,0.114769466563138,Astro_Frontal
ulm,SRSF9,avg_log2FC,0.361795727417771,0.717524462974602,Astro_Frontal
ulm,SS18_SSX1_FUSION_UNIPROT_Q8IZH1_UNREVIEWED,avg_log2FC,0.0849968227913483,0.932268318885092,Astro_Frontal
ulm,SUMO1,avg_log2FC,-0.067245107039594,0.94639005434242,Astro_Frontal
ulm,SUPT16H,avg_log2FC,-0.519224329873832,0.603634044291967,Astro_Frontal
ulm,SUPT20H,avg_log2FC,-3.17671324190731,0.0015012733358621,Astro_Frontal
ulm,TAF9B,avg_log2FC,-1.06680419457924,0.28612689550567,Astro_Frontal
ulm,TAFAZZIN,avg_log2FC,1.92493352242217,0.0543109855856488,Astro_Frontal
ulm,TASOR,avg_log2FC,-0.882974971845304,0.377304709049263,Astro_Frontal
ulm,TBPL1,avg_log2FC,-0.497674530080853,0.618741775487929,Astro_Frontal
ulm,TBX1,avg_log2FC,0.266104601374928,0.790172845340034,Astro_Frontal
ulm,TBX3,avg_log2FC,0.12297141276124,0.902136129174686,Astro_Frontal
ulm,TEAD2,avg_log2FC,-3.19642581946994,0.00140262742204844,Astro_Frontal
ulm,TERF1,avg_log2FC,0.297409788113593,0.766169655301791,Astro_Frontal
ulm,TERF2,avg_log2FC,0.452626988636589,0.6508427657838,Astro_Frontal
ulm,TERT,avg_log2FC,0.594455870500785,0.552242044380669,Astro_Frontal
ulm,TET1,avg_log2FC,-1.43926847883604,0.150155449935353,Astro_Frontal
ulm,TFCP2,avg_log2FC,-1.17872796837194,0.238579075208311,Astro_Frontal
ulm,TFEB,avg_log2FC,-1.16507026467912,0.244062452316325,Astro_Frontal
ulm,THRA,avg_log2FC,-0.595425416506014,0.55159400141702,Astro_Frontal
ulm,THRAP3,avg_log2FC,-0.249637100022857,0.802881271289083,Astro_Frontal
ulm,TOP2B,avg_log2FC,-0.408813019316474,0.682699534645754,Astro_Frontal
ulm,TOX4,avg_log2FC,-1.66015368510325,0.0969646589621115,Astro_Frontal
ulm,TRIP13,avg_log2FC,-2.00634730465191,0.0448887493758234,Astro_Frontal
ulm,TSHZ1,avg_log2FC,2.21370508711818,0.0269072476253728,Astro_Frontal
ulm,UBE2I,avg_log2FC,-0.345780925984129,0.729526180058528,Astro_Frontal
ulm,UBN1,avg_log2FC,-1.10599705167134,0.268796631916026,Astro_Frontal
ulm,WDHD1,avg_log2FC,-0.428018019827354,0.668661849130336,Astro_Frontal
ulm,WIZ,avg_log2FC,0.981927178738117,0.326197185251206,Astro_Frontal
ulm,WRNIP1,avg_log2FC,-1.40508865840957,0.160075283700393,Astro_Frontal
ulm,XPO1,avg_log2FC,1.45172078141452,0.146660422398737,Astro_Frontal
ulm,YBX1,avg_log2FC,-0.0703400336073134,0.943926658240545,Astro_Frontal
ulm,YBX3,avg_log2FC,-0.0284212480155738,0.977327644933648,Astro_Frontal
ulm,ZA_UNIPROT_Q9UM89_UNREVIEWED_GENES,avg_log2FC,-1.32479227735306,0.185318376980388,Astro_Frontal
ulm,ZBED4,avg_log2FC,-1.18589045004198,0.23573846365847,Astro_Frontal
ulm,ZBED5,avg_log2FC,-3.66689738885933,0.000248814330630603,Astro_Frontal
ulm,ZBTB1,avg_log2FC,-1.43840934878261,0.15039890806601,Astro_Frontal
ulm,ZBTB12,avg_log2FC,-0.374064355382753,0.70837695592451,Astro_Frontal
ulm,ZBTB18,avg_log2FC,-0.0628608823732665,0.949880535064503,Astro_Frontal
ulm,ZBTB44,avg_log2FC,-1.16719618630485,0.243203154921573,Astro_Frontal
ulm,ZBTB5,avg_log2FC,-1.14956900294474,0.250392559658639,Astro_Frontal
ulm,ZC3H11A,avg_log2FC,-2.43068297671555,0.0151155907048796,Astro_Frontal
ulm,ZFHX3,avg_log2FC,-1.25694597172643,0.208849153874588,Astro_Frontal
ulm,ZFP28,avg_log2FC,-0.285388458672289,0.77536184093833,Astro_Frontal
ulm,ZFP3,avg_log2FC,-0.473688378262966,0.635748896683976,Astro_Frontal
ulm,ZFP36L1,avg_log2FC,-0.532419271226978,0.594466246205738,Astro_Frontal
ulm,ZFP82,avg_log2FC,-0.899038933263481,0.368687929009883,Astro_Frontal
ulm,ZFP91,avg_log2FC,-1.27339708834907,0.202953748787676,Astro_Frontal
ulm,ZIM3,avg_log2FC,1.25377623878428,0.209999177587756,Astro_Frontal
ulm,ZMYM2,avg_log2FC,0.113853303210416,0.909359996859865,Astro_Frontal
ulm,ZMYND11,avg_log2FC,0.384921080946885,0.700317066275224,Astro_Frontal
ulm,ZNF10,avg_log2FC,-1.18052465954142,0.237864254220857,Astro_Frontal
ulm,ZNF101,avg_log2FC,-1.43388911185354,0.151684803470283,Astro_Frontal
ulm,ZNF133,avg_log2FC,0.357898506510173,0.720438812023734,Astro_Frontal
ulm,ZNF134,avg_log2FC,0.275005780702478,0.783326496444977,Astro_Frontal
ulm,ZNF140,avg_log2FC,-0.489935550312617,0.624207313350782,Astro_Frontal
ulm,ZNF146,avg_log2FC,-0.371100098245541,0.710583317111275,Astro_Frontal
ulm,ZNF157,avg_log2FC,-0.39709682921223,0.691317984116543,Astro_Frontal
ulm,ZNF16,avg_log2FC,0.186061555141674,0.852406254155284,Astro_Frontal
ulm,ZNF165,avg_log2FC,0.679850652649999,0.496639746258688,Astro_Frontal
ulm,ZNF169,avg_log2FC,0.0790179238739404,0.937022457073041,Astro_Frontal
ulm,ZNF175,avg_log2FC,-1.62331130363561,0.104604425034224,Astro_Frontal
ulm,ZNF184,avg_log2FC,-1.79637946291066,0.0725122496496227,Astro_Frontal
ulm,ZNF197,avg_log2FC,-1.55293951234912,0.120519460792944,Astro_Frontal
ulm,ZNF2,avg_log2FC,-0.794826917294391,0.426762994386443,Astro_Frontal
ulm,ZNF202,avg_log2FC,0.420350500598208,0.674252790941568,Astro_Frontal
ulm,ZNF213,avg_log2FC,-0.323865578950098,0.746057328209483,Astro_Frontal
ulm,ZNF22,avg_log2FC,-1.0703438998799,0.284531376800462,Astro_Frontal
ulm,ZNF223,avg_log2FC,-1.89839731598167,0.0577181836787114,Astro_Frontal
ulm,ZNF224,avg_log2FC,-2.31993036527068,0.0203964812356433,Astro_Frontal
ulm,ZNF236,avg_log2FC,0.343468182411911,0.731264954963905,Astro_Frontal
ulm,ZNF239,avg_log2FC,0.583941434193953,0.559293792298814,Astro_Frontal
ulm,ZNF250,avg_log2FC,-0.0913706351376405,0.927202828900787,Astro_Frontal
ulm,ZNF257,avg_log2FC,-0.569484123725898,0.569060736754575,Astro_Frontal
ulm,ZNF260,avg_log2FC,-0.0467403517525146,0.962722584229952,Astro_Frontal
ulm,ZNF274,avg_log2FC,0.396487386153939,0.691767400007576,Astro_Frontal
ulm,ZNF282,avg_log2FC,-1.48926281845428,0.136499765241853,Astro_Frontal
ulm,ZNF30,avg_log2FC,0.0879373927745244,0.929930992286415,Astro_Frontal
ulm,ZNF318,avg_log2FC,0.273116342424684,0.784778376519554,Astro_Frontal
ulm,ZNF320,avg_log2FC,0.0561940944217868,0.955190090328832,Astro_Frontal
ulm,ZNF322,avg_log2FC,-0.975035193279157,0.329603823021986,Astro_Frontal
ulm,ZNF329,avg_log2FC,-0.555384094249316,0.578664112506199,Astro_Frontal
ulm,ZNF331,avg_log2FC,-0.445669096176402,0.655861252957682,Astro_Frontal
ulm,ZNF33A,avg_log2FC,0.747543201314635,0.45478121267089,Astro_Frontal
ulm,ZNF34,avg_log2FC,1.30495954508402,0.191984310312122,Astro_Frontal
ulm,ZNF350,avg_log2FC,-2.14625297950583,0.0319148773067845,Astro_Frontal
ulm,ZNF354B,avg_log2FC,-1.64363400327692,0.100333160548294,Astro_Frontal
ulm,ZNF362,avg_log2FC,-1.32202122749035,0.186239316952164,Astro_Frontal
ulm,ZNF37A,avg_log2FC,-0.475850283810599,0.634207937587304,Astro_Frontal
ulm,ZNF391,avg_log2FC,1.06261386088969,0.288023486863263,Astro_Frontal
ulm,ZNF394,avg_log2FC,-1.11568725691775,0.264625388364038,Astro_Frontal
ulm,ZNF407,avg_log2FC,-3.21827282667968,0.00130030732759921,Astro_Frontal
ulm,ZNF41,avg_log2FC,0.686583896012134,0.492386167459131,Astro_Frontal
ulm,ZNF410,avg_log2FC,-1.51646131717787,0.129484524208471,Astro_Frontal
ulm,ZNF418,avg_log2FC,0.276688682124757,0.782033958248316,Astro_Frontal
ulm,ZNF423,avg_log2FC,1.4617402114806,0.143893710080528,Astro_Frontal
ulm,ZNF426,avg_log2FC,-0.69945235670826,0.484311469047103,Astro_Frontal
ulm,ZNF433,avg_log2FC,-0.128402963702215,0.897836766443298,Astro_Frontal
ulm,ZNF436,avg_log2FC,0.840853759048213,0.400481882200505,Astro_Frontal
ulm,ZNF486,avg_log2FC,0.856436409052158,0.391809527031794,Astro_Frontal
ulm,ZNF488,avg_log2FC,2.23220491172273,0.0256585062593552,Astro_Frontal
ulm,ZNF490,avg_log2FC,0.590200625137135,0.555090657065927,Astro_Frontal
ulm,ZNF501,avg_log2FC,0.396688814017162,0.691618850917842,Astro_Frontal
ulm,ZNF502,avg_log2FC,1.69925243826918,0.089352102140829,Astro_Frontal
ulm,ZNF507,avg_log2FC,-2.44138079232741,0.0146757797326866,Astro_Frontal
ulm,ZNF510,avg_log2FC,-3.47495441115613,0.000516557293709737,Astro_Frontal
ulm,ZNF512,avg_log2FC,1.85029291232615,0.0643476117232805,Astro_Frontal
ulm,ZNF512B,avg_log2FC,-0.50607189583906,0.612835041924987,Astro_Frontal
ulm,ZNF513,avg_log2FC,-0.977430630871459,0.328417178026239,Astro_Frontal
ulm,ZNF524,avg_log2FC,-1.6393742550551,0.101216724462494,Astro_Frontal
ulm,ZNF528,avg_log2FC,-1.65531094110874,0.0979426271183823,Astro_Frontal
ulm,ZNF529,avg_log2FC,-1.95170455498399,0.0510454201099159,Astro_Frontal
ulm,ZNF532,avg_log2FC,-0.189615246713023,0.849620595677619,Astro_Frontal
ulm,ZNF547,avg_log2FC,-1.21340768483317,0.225048137727112,Astro_Frontal
ulm,ZNF548,avg_log2FC,-1.28762070500188,0.19795512139423,Astro_Frontal
ulm,ZNF549,avg_log2FC,-0.1901148210526,0.84922914034174,Astro_Frontal
ulm,ZNF555,avg_log2FC,0.397969556718257,0.6906746062834,Astro_Frontal
ulm,ZNF558,avg_log2FC,-1.65067696005728,0.0988858022366383,Astro_Frontal
ulm,ZNF560,avg_log2FC,0.0448368213928508,0.964239691623803,Astro_Frontal
ulm,ZNF561,avg_log2FC,-0.818692679960419,0.413012247883378,Astro_Frontal
ulm,ZNF563,avg_log2FC,-0.781745590003478,0.434411987856684,Astro_Frontal
ulm,ZNF577,avg_log2FC,0.458802002124918,0.646402155377852,Astro_Frontal
ulm,ZNF579,avg_log2FC,-0.63068312787786,0.528285022244087,Astro_Frontal
ulm,ZNF581,avg_log2FC,0.373702046154652,0.70864649972024,Astro_Frontal
ulm,ZNF582,avg_log2FC,0.625090160162935,0.531948787779744,Astro_Frontal
ulm,ZNF584,avg_log2FC,-0.792536369953288,0.428096636445028,Astro_Frontal
ulm,ZNF585B,avg_log2FC,0.016078822615885,0.987172338338616,Astro_Frontal
ulm,ZNF586,avg_log2FC,0.806761873768821,0.419853328648404,Astro_Frontal
ulm,ZNF589,avg_log2FC,-1.15460306054006,0.248324394565465,Astro_Frontal
ulm,ZNF592,avg_log2FC,-1.84557255010688,0.0650307324482897,Astro_Frontal
ulm,ZNF595,avg_log2FC,0.212983466652368,0.831351091080753,Astro_Frontal
ulm,ZNF596,avg_log2FC,0.74288911328293,0.457593966719309,Astro_Frontal
ulm,ZNF597,avg_log2FC,0.732601835904383,0.463845735592298,Astro_Frontal
ulm,ZNF610,avg_log2FC,-0.16103525032193,0.872074053572623,Astro_Frontal
ulm,ZNF618,avg_log2FC,0.225006177908334,0.821986363246604,Astro_Frontal
ulm,ZNF622,avg_log2FC,-3.07667151600914,0.00210791139499162,Astro_Frontal
ulm,ZNF623,avg_log2FC,-0.534243413332381,0.593203863540659,Astro_Frontal
ulm,ZNF660,avg_log2FC,0.798745807523849,0.424486897849238,Astro_Frontal
ulm,ZNF664,avg_log2FC,-0.612179214850249,0.540455203176135,Astro_Frontal
ulm,ZNF667,avg_log2FC,0.525554054683037,0.599228235753311,Astro_Frontal
ulm,ZNF669,avg_log2FC,0.214489946690987,0.830176321251243,Astro_Frontal
ulm,ZNF677,avg_log2FC,1.31556639951901,0.188397648981998,Astro_Frontal
ulm,ZNF680,avg_log2FC,-0.980871403349571,0.326717554071598,Astro_Frontal
ulm,ZNF697,avg_log2FC,-0.463391358845306,0.643109963770434,Astro_Frontal
ulm,ZNF7,avg_log2FC,-0.675605180716054,0.499331769944667,Astro_Frontal
ulm,ZNF704,avg_log2FC,-2.05350194715302,0.0400910674495178,Astro_Frontal
ulm,ZNF707,avg_log2FC,0.415224061901002,0.678000934071362,Astro_Frontal
ulm,ZNF708,avg_log2FC,-0.338952878016365,0.734663642436213,Astro_Frontal
ulm,ZNF711,avg_log2FC,-4.3931579500251,1.14711199495696e-05,Astro_Frontal
ulm,ZNF740,avg_log2FC,-2.23104947301258,0.0257350038045704,Astro_Frontal
ulm,ZNF746,avg_log2FC,0.0616345064770131,0.950857083829027,Astro_Frontal
ulm,ZNF766,avg_log2FC,-3.60020148085631,0.000321962935223178,Astro_Frontal
ulm,ZNF768,avg_log2FC,2.29767781230369,0.021633307814648,Astro_Frontal
ulm,ZNF777,avg_log2FC,0.738409781492851,0.460310306129474,Astro_Frontal
ulm,ZNF781,avg_log2FC,-0.611822177341048,0.540691401781992,Astro_Frontal
ulm,ZNF784,avg_log2FC,-0.581370482192871,0.561024688996314,Astro_Frontal
ulm,ZNF785,avg_log2FC,-0.14278275383984,0.886469200646728,Astro_Frontal
ulm,ZNF791,avg_log2FC,-0.742003521825002,0.458130288739938,Astro_Frontal
ulm,ZNF8,avg_log2FC,-1.06506074591832,0.286914971802097,Astro_Frontal
ulm,ZNF816,avg_log2FC,0.19971153333105,0.841716699343389,Astro_Frontal
ulm,ZNF830,avg_log2FC,-1.36971699434182,0.170854830995489,Astro_Frontal
ulm,ZNF843,avg_log2FC,2.10080121704087,0.0357230320102253,Astro_Frontal
ulm,ZNF85,avg_log2FC,-0.384616640236537,0.700542624661686,Astro_Frontal
ulm,ZNF92,avg_log2FC,0.765690464267355,0.443907257704002,Astro_Frontal
ulm,ZSCAN18,avg_log2FC,0.701004675081456,0.483342298242201,Astro_Frontal
ulm,ZSCAN2,avg_log2FC,-0.72047205421934,0.471277970207432,Astro_Frontal
ulm,ZSCAN21,avg_log2FC,0.218006568460122,0.827435502432901,Astro_Frontal
ulm,ZSCAN23,avg_log2FC,0.715503992249163,0.474340895346482,Astro_Frontal
ulm,ZSCAN30,avg_log2FC,-1.46208513636627,0.143799182160586,Astro_Frontal
ulm,ZSCAN31,avg_log2FC,-1.07962030781675,0.280378660932272,Astro_Frontal
ulm,ZSCAN4,avg_log2FC,1.42017517674255,0.155637345671539,Astro_Frontal
ulm,ZSCAN5B,avg_log2FC,0.0291555931184484,0.976742003020186,Astro_Frontal
ulm,ZSCAN5C,avg_log2FC,-0.409803251803451,0.681972991950973,Astro_Frontal
ulm,ZSCAN5DP,avg_log2FC,-2.01387785358156,0.0440915291858462,Astro_Frontal
ulm,ZZZ3,avg_log2FC,-1.10044573549368,0.271206492606695,Astro_Frontal
ulm,ADA2,avg_log2FC,-2.29508865342374,0.0217623188361154,Astro_Hippo
ulm,ADNP,avg_log2FC,2.06322620771786,0.0391339701595501,Astro_Hippo
ulm,AEBP2,avg_log2FC,-2.48833825575509,0.0128610240961489,Astro_Hippo
ulm,AHRR,avg_log2FC,-1.6090676495575,0.10765404581467,Astro_Hippo
ulm,ALKBH3,avg_log2FC,-2.78553717120827,0.00536064498405138,Astro_Hippo
ulm,ALX4,avg_log2FC,-1.98360272883271,0.0473455524343281,Astro_Hippo
ulm,ARHGAP35,avg_log2FC,-1.4373159888298,0.150680260877994,Astro_Hippo
ulm,ARID3B,avg_log2FC,-0.576303264791321,0.564431786652468,Astro_Hippo
ulm,ARID5B,avg_log2FC,-1.73868598996449,0.0821411941805601,Astro_Hippo
ulm,ARNT2,avg_log2FC,-3.69067455644263,0.000225638807934106,Astro_Hippo
ulm,ASH1L,avg_log2FC,-3.76005971708403,0.000171484956941184,Astro_Hippo
ulm,ASXL2,avg_log2FC,-0.484398384453183,0.628120807641918,Astro_Hippo
ulm,ATF5,avg_log2FC,-1.76005131267976,0.0784499450563299,Astro_Hippo
ulm,ATF6,avg_log2FC,-3.65771632358865,0.00025664897695415,Astro_Hippo
ulm,ATM,avg_log2FC,2.05730253358749,0.0397001632969405,Astro_Hippo
ulm,ATOH8,avg_log2FC,-0.00156309456465738,0.998752883339658,Astro_Hippo
ulm,ATXN7L3,avg_log2FC,2.38116809088736,0.0172887819347208,Astro_Hippo
ulm,AUTS2,avg_log2FC,0.772077547845741,0.440098841857022,Astro_Hippo
ulm,BAHD1,avg_log2FC,-0.0982993783890446,0.921697848254788,Astro_Hippo
ulm,BANP,avg_log2FC,-1.96185661521366,0.0498252430302431,Astro_Hippo
ulm,BARHL1,avg_log2FC,-3.3949215830334,0.000690924299741553,Astro_Hippo
ulm,BARX1,avg_log2FC,-2.90232174617848,0.00371753787841511,Astro_Hippo
ulm,BARX2,avg_log2FC,-2.90782131023922,0.0036528782222746,Astro_Hippo
ulm,BCL6B,avg_log2FC,-0.357031190250437,0.721080984863699,Astro_Hippo
ulm,BDP1,avg_log2FC,1.20901937987558,0.226702937100301,Astro_Hippo
ulm,BPTF,avg_log2FC,-0.820460504112176,0.411986159125592,Astro_Hippo
ulm,BRCA2,avg_log2FC,-2.65085551832299,0.00804985931065919,Astro_Hippo
ulm,BRF1,avg_log2FC,-0.579875635225625,0.562020213660156,Astro_Hippo
ulm,CARM1,avg_log2FC,0.712870279476555,0.475953694042277,Astro_Hippo
ulm,CASP8AP2,avg_log2FC,-1.82028887808509,0.0687647127330296,Astro_Hippo
ulm,CAVIN1,avg_log2FC,-1.04556696188132,0.295803038331673,Astro_Hippo
ulm,CBX5,avg_log2FC,-0.490284946229388,0.623950166791994,Astro_Hippo
ulm,CBX7,avg_log2FC,-0.861693038122619,0.388890818717988,Astro_Hippo
ulm,CC2D1A,avg_log2FC,-3.20879510585561,0.00133992126994892,Astro_Hippo
ulm,CDC5L,avg_log2FC,0.0433838041036942,0.965397028505566,Astro_Hippo
ulm,CDC73,avg_log2FC,-2.51299096044008,0.0119971862949512,Astro_Hippo
ulm,CDH4,avg_log2FC,-0.406548865958718,0.684353828577114,Astro_Hippo
ulm,CDX1,avg_log2FC,0.453106089263493,0.650488699910202,Astro_Hippo
ulm,CEBPE,avg_log2FC,-1.01484829389393,0.310218981315451,Astro_Hippo
ulm,CEBPZ,avg_log2FC,-3.68458911730397,0.000231085855390994,Astro_Hippo
ulm,CENPT,avg_log2FC,-0.785106809973439,0.432421878832229,Astro_Hippo
ulm,CHAF1A,avg_log2FC,-0.41827419365243,0.675761592586933,Astro_Hippo
ulm,CHAF1B,avg_log2FC,-0.801008869382233,0.423158160018371,Astro_Hippo
ulm,CHAMP1,avg_log2FC,-3.44608918657045,0.000572653695343986,Astro_Hippo
ulm,CIC,avg_log2FC,-1.24187461326782,0.214331264247102,Astro_Hippo
ulm,CIITA,avg_log2FC,-3.3487294058513,0.000816822132177527,Astro_Hippo
ulm,COBLL1,avg_log2FC,-1.06866250795134,0.285264670297298,Astro_Hippo
ulm,CREB3,avg_log2FC,-2.34542173996984,0.0190378962318999,Astro_Hippo
ulm,CREB3L2,avg_log2FC,-1.12554133161605,0.260404635272077,Astro_Hippo
ulm,CREB3L4,avg_log2FC,-3.91184999800942,9.26014738311876e-05,Astro_Hippo
ulm,CSHL1,avg_log2FC,-0.709202467483256,0.47822633896409,Astro_Hippo
ulm,CTR9,avg_log2FC,0.320607880073999,0.748518706221131,Astro_Hippo
ulm,CUX1,avg_log2FC,-1.28534123674737,0.19872256878758,Astro_Hippo
ulm,DACH1,avg_log2FC,-2.91516083569265,0.00356817924837062,Astro_Hippo
ulm,DBP,avg_log2FC,-3.86618091723428,0.000111718576270325,Astro_Hippo
ulm,DICER1,avg_log2FC,0.0740336742929761,0.940986053155465,Astro_Hippo
ulm,DIDO1,avg_log2FC,-4.80007469313173,1.62442377450201e-06,Astro_Hippo
ulm,DLX2,avg_log2FC,0.272297691766839,0.785402480345522,Astro_Hippo
ulm,DLX4,avg_log2FC,-4.385985263788,1.17432279451822e-05,Astro_Hippo
ulm,DLX6,avg_log2FC,-0.795460086954892,0.426377318176907,Astro_Hippo
ulm,DMRT1,avg_log2FC,-0.285280233614633,0.775439280808564,Astro_Hippo
ulm,DNMT1,avg_log2FC,-1.10299999314346,0.270071310039573,Astro_Hippo
ulm,DNMT3A,avg_log2FC,-0.911386058379155,0.362128531500384,Astro_Hippo
ulm,DPPA3,avg_log2FC,0.0641332296675455,0.948866274679875,Astro_Hippo
ulm,DROSHA,avg_log2FC,-0.568479596343823,0.569730585469765,Astro_Hippo
ulm,DYRK1A,avg_log2FC,-2.47866305825559,0.0132148087187285,Astro_Hippo
ulm,E2F2,avg_log2FC,-2.8995343934294,0.00375070528285696,Astro_Hippo
ulm,E2F5,avg_log2FC,-2.76002548952048,0.00579719295078454,Astro_Hippo
ulm,EBNA1BP2,avg_log2FC,0.0801904427808931,0.936088459878374,Astro_Hippo
ulm,EGFR,avg_log2FC,2.58664311360521,0.00971486352957146,Astro_Hippo
ulm,ELF2,avg_log2FC,-4.44791668613062,8.82688249921673e-06,Astro_Hippo
ulm,ELF5,avg_log2FC,-3.43282564227255,0.000601354213375558,Astro_Hippo
ulm,EMX1,avg_log2FC,-2.67966669597993,0.00738962544372849,Astro_Hippo
ulm,EPC1,avg_log2FC,-2.04654257515079,0.0407464086142185,Astro_Hippo
ulm,ERCC8,avg_log2FC,3.3949642778306,0.000690816773041351,Astro_Hippo
ulm,EWSR1,avg_log2FC,-1.31548205377862,0.188398100988682,Astro_Hippo
ulm,F10,avg_log2FC,-1.2572457263567,0.208713499839392,Astro_Hippo
ulm,FEV,avg_log2FC,-3.15844036841155,0.00159401173676333,Astro_Hippo
ulm,FOXC1,avg_log2FC,0.864471110756289,0.387363627602343,Astro_Hippo
ulm,FOXD2,avg_log2FC,-2.30036753164375,0.0214614774612165,Astro_Hippo
ulm,FOXD3,avg_log2FC,-0.942284358112291,0.346084929641635,Astro_Hippo
ulm,FOXE1,avg_log2FC,-0.0599901200238658,0.952165497198614,Astro_Hippo
ulm,FOXG1,avg_log2FC,-2.46186687517276,0.0138494559945005,Astro_Hippo
ulm,FOXJ2,avg_log2FC,3.03684652551953,0.0024009195110637,Astro_Hippo
ulm,FOXN3,avg_log2FC,2.35189669241463,0.0187100393116783,Astro_Hippo
ulm,FOXO4,avg_log2FC,-2.47945421222731,0.0131855595120063,Astro_Hippo
ulm,FOXQ1,avg_log2FC,-0.382682772089297,0.701968515795246,Astro_Hippo
ulm,FOXR2,avg_log2FC,-1.23990898854083,0.215057443483352,Astro_Hippo
ulm,FXR1,avg_log2FC,-3.3109920996595,0.000935138949514026,Astro_Hippo
ulm,GLI1,avg_log2FC,1.28833338549497,0.197679507153294,Astro_Hippo
ulm,GLI3,avg_log2FC,-3.46205142539897,0.000539805983410959,Astro_Hippo
ulm,GLI4,avg_log2FC,-2.54428653206767,0.0109749183148973,Astro_Hippo
ulm,GREB1,avg_log2FC,1.49313726085649,0.135453727367799,Astro_Hippo
ulm,GTF2A2,avg_log2FC,3.33175865743685,0.000868197675620293,Astro_Hippo
ulm,GTF2E2,avg_log2FC,1.94238584373456,0.0521370373366153,Astro_Hippo
ulm,GUCY1B1,avg_log2FC,-2.38996010991368,0.0168808107855617,Astro_Hippo
ulm,H1_6,avg_log2FC,0.38011822071456,0.703871086571681,Astro_Hippo
ulm,HAND1,avg_log2FC,0.901286741678343,0.367471978751843,Astro_Hippo
ulm,HBZ,avg_log2FC,-1.5058949020325,0.132146682778313,Astro_Hippo
ulm,HDAC4,avg_log2FC,-1.49338250103437,0.135389558775398,Astro_Hippo
ulm,HDAC8,avg_log2FC,-1.40120612815044,0.16120405046842,Astro_Hippo
ulm,HDGF,avg_log2FC,-2.39173186431502,0.0167996279794244,Astro_Hippo
ulm,HES2,avg_log2FC,1.81384866961512,0.0697508508055184,Astro_Hippo
ulm,HES4,avg_log2FC,-2.46369929244567,0.0137789333963727,Astro_Hippo
ulm,HEY2,avg_log2FC,1.78284123056477,0.0746625857838437,Astro_Hippo
ulm,HHEX,avg_log2FC,-3.20547252750602,0.00135546027163409,Astro_Hippo
ulm,HJURP,avg_log2FC,3.62495330245023,0.000291403398393903,Astro_Hippo
ulm,HMG20B,avg_log2FC,-2.85462445040586,0.00432351695190824,Astro_Hippo
ulm,HMGA1,avg_log2FC,-1.00074240679849,0.31699162926131,Astro_Hippo
ulm,HMGB2,avg_log2FC,-2.18220323784692,0.0291331085148603,Astro_Hippo
ulm,HOXA1,avg_log2FC,-3.58076769941773,0.000345291371231153,Astro_Hippo
ulm,HOXA10,avg_log2FC,-2.50235157282269,0.0123634754009158,Astro_Hippo
ulm,HOXA13,avg_log2FC,-0.403377074530806,0.68668519197513,Astro_Hippo
ulm,HOXA7,avg_log2FC,-1.0323390982536,0.301954810062185,Astro_Hippo
ulm,HOXB4,avg_log2FC,-2.54212235736915,0.011043034754879,Astro_Hippo
ulm,HOXB6,avg_log2FC,-2.22431242676018,0.0261644188486849,Astro_Hippo
ulm,HOXB7,avg_log2FC,-0.185249400554932,0.853039671491192,Astro_Hippo
ulm,HOXC11,avg_log2FC,-0.365317841651966,0.714887010869857,Astro_Hippo
ulm,HOXC13,avg_log2FC,-1.11959669176965,0.262930385271188,Astro_Hippo
ulm,HOXC6,avg_log2FC,-2.01050147082704,0.0444227071333931,Astro_Hippo
ulm,HOXD1,avg_log2FC,-0.95342500423855,0.340413102081818,Astro_Hippo
ulm,HOXD11,avg_log2FC,-1.81214242809654,0.0700140510142413,Astro_Hippo
ulm,HSD17B8,avg_log2FC,-0.920682733804815,0.357253028191958,Astro_Hippo
ulm,HSF2,avg_log2FC,1.23451847803735,0.217058007259704,Astro_Hippo
ulm,ID1,avg_log2FC,-2.10586307808464,0.0352575973382046,Astro_Hippo
ulm,ID2,avg_log2FC,-2.86901210753752,0.00413190759505584,Astro_Hippo
ulm,IGLV5_37,avg_log2FC,1.71325632793524,0.0867169396653046,Astro_Hippo
ulm,INSM2,avg_log2FC,-0.195243082822442,0.845209249457451,Astro_Hippo
ulm,IRF5,avg_log2FC,-3.20566075219541,0.00135457556036336,Astro_Hippo
ulm,IRX2,avg_log2FC,-0.0394642166757784,0.968521592385515,Astro_Hippo
ulm,IRX3,avg_log2FC,-0.331971232297928,0.739922552134483,Astro_Hippo
ulm,KAT2A,avg_log2FC,-3.83340892274432,0.000127669850323918,Astro_Hippo
ulm,KAT5,avg_log2FC,-3.07016976155217,0.00214891640407247,Astro_Hippo
ulm,KDM1B,avg_log2FC,-1.89326112363432,0.0583711205249961,Astro_Hippo
ulm,KLF14,avg_log2FC,-0.9340001292185,0.350341330317423,Astro_Hippo
ulm,KLF7,avg_log2FC,-1.29944610877081,0.193840694123305,Astro_Hippo
ulm,KMT2D,avg_log2FC,-1.670530292551,0.0948665348276711,Astro_Hippo
ulm,LCORL,avg_log2FC,-0.878525279372088,0.37969382850161,Astro_Hippo
ulm,LHX2,avg_log2FC,-2.10489824649996,0.0353415501563048,Astro_Hippo
ulm,LHX3,avg_log2FC,-1.35931758365072,0.174096949813894,Astro_Hippo
ulm,LHX9,avg_log2FC,0.0971375299550908,0.92262041457955,Astro_Hippo
ulm,LMNB2,avg_log2FC,1.41996256344922,0.15567042314956,Astro_Hippo
ulm,LMTK3,avg_log2FC,-0.844077319635007,0.398659779571193,Astro_Hippo
ulm,LMX1B,avg_log2FC,-1.97022972695211,0.0488578614348274,Astro_Hippo
ulm,MAFG,avg_log2FC,-0.936977596464992,0.348807712678746,Astro_Hippo
ulm,MAML1,avg_log2FC,0.698915692395811,0.484631751555773,Astro_Hippo
ulm,MAP2K1,avg_log2FC,2.5015213347024,0.012392471013119,Astro_Hippo
ulm,MAPK3,avg_log2FC,3.88785610740533,0.000102222700153666,Astro_Hippo
ulm,MCM2,avg_log2FC,0.178685660136648,0.858190549370687,Astro_Hippo
ulm,MCM3,avg_log2FC,-1.76638920242805,0.0773813049659666,Astro_Hippo
ulm,MCRS1,avg_log2FC,-0.182907785334889,0.85487654063885,Astro_Hippo
ulm,MDM2,avg_log2FC,1.38295840969988,0.166728969586632,Astro_Hippo
ulm,MED16,avg_log2FC,1.38909549929397,0.164855152696769,Astro_Hippo
ulm,MED25,avg_log2FC,0.384053774385651,0.70095217152532,Astro_Hippo
ulm,MEF2C,avg_log2FC,-0.747834831977156,0.454589034716939,Astro_Hippo
ulm,MEF2D,avg_log2FC,-0.0122841167321502,0.990199346939969,Astro_Hippo
ulm,METHYLCYTOSINE_DIOXYGENASE_TET_UNIPROT_A0A023HHK9_UNREVIEWED,avg_log2FC,-0.293071099335348,0.769477919912833,Astro_Hippo
ulm,METTL14,avg_log2FC,0.142919488442719,0.886358555718463,Astro_Hippo
ulm,MIER1,avg_log2FC,2.19988318556133,0.0278530944156249,Astro_Hippo
ulm,MSX1,avg_log2FC,-0.747872697529073,0.454566194275261,Astro_Hippo
ulm,MSX2,avg_log2FC,-1.22916080516901,0.219059618562912,Astro_Hippo
ulm,MTHFD1,avg_log2FC,-0.182091967807864,0.855516690258167,Astro_Hippo
ulm,MXD1,avg_log2FC,-2.57128215236549,0.0101560943257781,Astro_Hippo
ulm,MYBL1,avg_log2FC,-1.22406842706307,0.220974373893743,Astro_Hippo
ulm,MYF6,avg_log2FC,0.359077707721102,0.719549565489155,Astro_Hippo
ulm,MYOCD,avg_log2FC,-0.688340378927828,0.491265013713064,Astro_Hippo
ulm,MZF1,avg_log2FC,-1.73490802199138,0.0828083377944327,Astro_Hippo
ulm,NAB2,avg_log2FC,-1.9311651512443,0.0535095792052099,Astro_Hippo
ulm,NCOA2,avg_log2FC,-0.745476973402052,0.45601256491205,Astro_Hippo
ulm,NCOA4,avg_log2FC,-1.81567342919564,0.0694702679457395,Astro_Hippo
ulm,NCOA6,avg_log2FC,-1.90108524499187,0.0573386120108128,Astro_Hippo
ulm,NEUROG3,avg_log2FC,-0.792934609088048,0.427847206830001,Astro_Hippo
ulm,NFE2L1,avg_log2FC,-1.18926105610656,0.234383914660919,Astro_Hippo
ulm,NFKBIA,avg_log2FC,0.714397071782442,0.475009413572441,Astro_Hippo
ulm,NFXL1,avg_log2FC,-0.252497148118572,0.80066544863115,Astro_Hippo
ulm,NKX2_2,avg_log2FC,-4.09614735851513,4.25599790408108e-05,Astro_Hippo
ulm,NKX2_3,avg_log2FC,0.23276447630741,0.815952221298369,Astro_Hippo
ulm,NKX2_5,avg_log2FC,-2.37510956221138,0.017574922519501,Astro_Hippo
ulm,NKX2_8,avg_log2FC,0.871781962169677,0.383362143294738,Astro_Hippo
ulm,NKX6_1,avg_log2FC,-0.331379895633024,0.740369096867749,Astro_Hippo
ulm,NME2,avg_log2FC,0.238991426153297,0.811120375900316,Astro_Hippo
ulm,NOTCH3,avg_log2FC,-1.31617676856557,0.188164889525204,Astro_Hippo
ulm,NPAT,avg_log2FC,-1.74021973768435,0.0818716000488356,Astro_Hippo
ulm,NPM1,avg_log2FC,-2.2514979572522,0.0243899673184548,Astro_Hippo
ulm,NR0B1,avg_log2FC,1.75319780792333,0.079619011613724,Astro_Hippo
ulm,NR1D1,avg_log2FC,-0.775201089050104,0.438251328698297,Astro_Hippo
ulm,NR1H4,avg_log2FC,0.462021790925081,0.644082409144209,Astro_Hippo
ulm,NR1I2,avg_log2FC,-1.29497493775025,0.195378594691065,Astro_Hippo
ulm,NR2E3,avg_log2FC,-0.001916306890836,0.99847107282289,Astro_Hippo
ulm,NR5A1,avg_log2FC,0.428053419161725,0.66862755947107,Astro_Hippo
ulm,NUFIP1,avg_log2FC,0.627300911567764,0.530485824395019,Astro_Hippo
ulm,OVOL3,avg_log2FC,-2.57699041783707,0.0099900873479502,Astro_Hippo
ulm,PAF1,avg_log2FC,-0.937504662820913,0.348536679269348,Astro_Hippo
ulm,PAX3,avg_log2FC,-2.6147829008884,0.00895070054242418,Astro_Hippo
ulm,PAX6,avg_log2FC,0.0920669432165524,0.926647919327271,Astro_Hippo
ulm,PAX7,avg_log2FC,-1.90467923508247,0.0568694489977332,Astro_Hippo
ulm,PAX8,avg_log2FC,-0.164531669693703,0.869318147971423,Astro_Hippo
ulm,PBXIP1,avg_log2FC,-1.09743752433236,0.272494122385497,Astro_Hippo
ulm,PCGF1,avg_log2FC,1.69121179633875,0.0908481801995883,Astro_Hippo
ulm,PCGF6,avg_log2FC,0.110565444484173,0.911964640694685,Astro_Hippo
ulm,PER1,avg_log2FC,-0.493044420261827,0.621999205595608,Astro_Hippo
ulm,PGM3,avg_log2FC,0.133286786982275,0.893971037048947,Astro_Hippo
ulm,PHB2,avg_log2FC,0.0717031775895773,0.942840511996902,Astro_Hippo
ulm,PHF21A,avg_log2FC,-1.36734324891134,0.171568849641392,Astro_Hippo
ulm,PIAS4,avg_log2FC,0.621250389662995,0.534458439278379,Astro_Hippo
ulm,PITX1,avg_log2FC,-2.00605193725462,0.0448954148253571,Astro_Hippo
ulm,POU2AF1,avg_log2FC,-1.41479370720948,0.157180770983181,Astro_Hippo
ulm,PPARA,avg_log2FC,-1.00612943638687,0.314393795785683,Astro_Hippo
ulm,PPARGC1A,avg_log2FC,2.67659070582898,0.0074577205964214,Astro_Hippo
ulm,PRDM12,avg_log2FC,-0.479133395249643,0.631861157054288,Astro_Hippo
ulm,PRDM4,avg_log2FC,-0.0767537288711348,0.938822014695691,Astro_Hippo
ulm,PRDM5,avg_log2FC,0.228683413655288,0.819122763909769,Astro_Hippo
ulm,PRKDC,avg_log2FC,-1.35597909905753,0.175156736789522,Astro_Hippo
ulm,PRMT5,avg_log2FC,0.0561805177521286,0.955199867818075,Astro_Hippo
ulm,PSIP1,avg_log2FC,-2.58012323754603,0.00990001037349894,Astro_Hippo
ulm,PSMB5,avg_log2FC,6.26147286724672,4.07722000113871e-10,Astro_Hippo
ulm,PTPRA,avg_log2FC,-0.362046613860728,0.71732991956482,Astro_Hippo
ulm,PTTG1,avg_log2FC,-0.901075214281204,0.367584418545769,Astro_Hippo
ulm,RAG1,avg_log2FC,-4.58058167412603,4.73038605885805e-06,Astro_Hippo
ulm,RAX2,avg_log2FC,-1.03955794600247,0.298587121719806,Astro_Hippo
ulm,RBL1,avg_log2FC,-1.3149400025059,0.188580212320725,Astro_Hippo
ulm,RBM15,avg_log2FC,1.7928880203098,0.073041074788928,Astro_Hippo
ulm,RBM17,avg_log2FC,-0.940202472810867,0.347151480890718,Astro_Hippo
ulm,RBM34,avg_log2FC,-1.92511034331796,0.0542626708549329,Astro_Hippo
ulm,RFX7,avg_log2FC,-3.60334747910684,0.000316684973903636,Astro_Hippo
ulm,RLF,avg_log2FC,-1.90992873415906,0.0561899190034672,Astro_Hippo
ulm,RORA,avg_log2FC,-2.65995016887009,0.00783595538480888,Astro_Hippo
ulm,RPA1,avg_log2FC,0.514616131394134,0.606840204480327,Astro_Hippo
ulm,RUVBL1,avg_log2FC,-0.985683301808038,0.324328205515218,Astro_Hippo
ulm,RUVBL2,avg_log2FC,-1.00061240182691,0.317054496209237,Astro_Hippo
ulm,RYBP,avg_log2FC,0.504325607883713,0.614051064046102,Astro_Hippo
ulm,SAFB2,avg_log2FC,-1.83729054035071,0.0662163339922017,Astro_Hippo
ulm,SALL4,avg_log2FC,-3.21450347438113,0.00131360771841392,Astro_Hippo
ulm,SETBP1,avg_log2FC,-2.99695738665943,0.00273802567795849,Astro_Hippo
ulm,SETD1A,avg_log2FC,-5.94559736977965,2.90922661399107e-09,Astro_Hippo
ulm,SETD7,avg_log2FC,-1.7904060831045,0.0734389443161537,Astro_Hippo
ulm,SFMBT1,avg_log2FC,-2.53620665647422,0.0112311497167873,Astro_Hippo
ulm,SIPA1,avg_log2FC,1.22769525832033,0.219609444816441,Astro_Hippo
ulm,SIRT3,avg_log2FC,0.45175596832971,0.651461087287916,Astro_Hippo
ulm,SIX1,avg_log2FC,0.603762784979706,0.546024140570504,Astro_Hippo
ulm,SIX4,avg_log2FC,-0.807543750391024,0.419385222049343,Astro_Hippo
ulm,SKIL,avg_log2FC,-1.786843618233,0.0740131261860572,Astro_Hippo
ulm,SKP2,avg_log2FC,-0.538164004869826,0.590483746751318,Astro_Hippo
ulm,SMARCA1,avg_log2FC,1.2616196860409,0.207134607451954,Astro_Hippo
ulm,SMCHD1,avg_log2FC,1.28052714619081,0.200409195562495,Astro_Hippo
ulm,SMN1_SMN2,avg_log2FC,-0.888960408589777,0.374059918392333,Astro_Hippo
ulm,SNAI1,avg_log2FC,0.187424969230833,0.851333770587212,Astro_Hippo
ulm,SNAPC4,avg_log2FC,0.305068859217733,0.760324266920373,Astro_Hippo
ulm,SNIP1,avg_log2FC,-1.93685847582296,0.0528094323725392,Astro_Hippo
ulm,SNRNP70,avg_log2FC,0.115934812799915,0.907708076538311,Astro_Hippo
ulm,SOX10,avg_log2FC,0.0405409113532113,0.967663237245096,Astro_Hippo
ulm,SOX11,avg_log2FC,-0.616178887940216,0.537799785347924,Astro_Hippo
ulm,SOX3,avg_log2FC,-0.672191664640923,0.501487513627295,Astro_Hippo
ulm,SQSTM1,avg_log2FC,0.102691192406649,0.918211488485047,Astro_Hippo
ulm,SRPK1,avg_log2FC,-2.58740939593332,0.00969330718500503,Astro_Hippo
ulm,SRPK2,avg_log2FC,-0.818426118739559,0.413146344735692,Astro_Hippo
ulm,SRSF9,avg_log2FC,-1.52876661887685,0.126374910844845,Astro_Hippo
ulm,SS18_SSX1_FUSION_UNIPROT_Q8IZH1_UNREVIEWED,avg_log2FC,-0.23291158611896,0.815837988868075,Astro_Hippo
ulm,SUMO1,avg_log2FC,-1.00233867892444,0.316220381219515,Astro_Hippo
ulm,SUPT16H,avg_log2FC,0.124841290944186,0.900653370845349,Astro_Hippo
ulm,SUPT20H,avg_log2FC,-4.27842381707634,1.91141276896742e-05,Astro_Hippo
ulm,SYNCRIP,avg_log2FC,0.234903923966736,0.81429130249688,Astro_Hippo
ulm,TAF9B,avg_log2FC,-3.74807401119749,0.000179868582087387,Astro_Hippo
ulm,TAFAZZIN,avg_log2FC,0.297594286245845,0.766023116796116,Astro_Hippo
ulm,TASOR,avg_log2FC,-2.67074311717767,0.00758872644289196,Astro_Hippo
ulm,TBPL1,avg_log2FC,0.321927546225123,0.747518775035535,Astro_Hippo
ulm,TBX1,avg_log2FC,1.61265363577266,0.106872256821397,Astro_Hippo
ulm,TBX3,avg_log2FC,-1.56209268144746,0.118318781606268,Astro_Hippo
ulm,TCOF1,avg_log2FC,-0.375985123513782,0.70694121976367,Astro_Hippo
ulm,TEAD2,avg_log2FC,-4.12965706921454,3.6822693114343e-05,Astro_Hippo
ulm,TERF1,avg_log2FC,-1.36610679032373,0.171956535286803,Astro_Hippo
ulm,TERF2,avg_log2FC,-0.450415974290796,0.652426767736156,Astro_Hippo
ulm,TERT,avg_log2FC,1.12172926488834,0.262022361935923,Astro_Hippo
ulm,TET1,avg_log2FC,-3.13686600247142,0.00171588647731686,Astro_Hippo
ulm,TFCP2,avg_log2FC,1.60524700878129,0.108491969219136,Astro_Hippo
ulm,TFEB,avg_log2FC,-0.149740536338278,0.880974347387251,Astro_Hippo
ulm,THRA,avg_log2FC,-0.501257126095503,0.616208524345069,Astro_Hippo
ulm,THRAP3,avg_log2FC,-1.58651123041522,0.112675968096498,Astro_Hippo
ulm,TOP2B,avg_log2FC,-2.62457228701236,0.0086977293987306,Astro_Hippo
ulm,TOX4,avg_log2FC,-1.87496937049535,0.0608453682728925,Astro_Hippo
ulm,TRIP13,avg_log2FC,-0.640347108873151,0.521971360148238,Astro_Hippo
ulm,TSHZ1,avg_log2FC,0.873356131172606,0.382503870266846,Astro_Hippo
ulm,UBE2I,avg_log2FC,-0.27539530152146,0.78302201613697,Astro_Hippo
ulm,UBN1,avg_log2FC,-2.15226036741097,0.0314165318107605,Astro_Hippo
ulm,WDHD1,avg_log2FC,-1.89453163151818,0.0582024151199506,Astro_Hippo
ulm,WIZ,avg_log2FC,-0.0683803922906137,0.945485103618033,Astro_Hippo
ulm,WRNIP1,avg_log2FC,-1.74673183841359,0.0807349218000652,Astro_Hippo
ulm,XPO1,avg_log2FC,0.991188704943078,0.321633328357794,Astro_Hippo
ulm,YBX1,avg_log2FC,-1.58686925611688,0.112594839700262,Astro_Hippo
ulm,YBX3,avg_log2FC,0.00241018571553964,0.998077031843152,Astro_Hippo
ulm,ZA_UNIPROT_Q9UM89_UNREVIEWED_GENES,avg_log2FC,0.847332110869011,0.396843757114246,Astro_Hippo
ulm,ZBED4,avg_log2FC,-1.87902360324595,0.0602896004519069,Astro_Hippo
ulm,ZBED5,avg_log2FC,-2.648816780253,0.00809852154937347,Astro_Hippo
ulm,ZBTB1,avg_log2FC,-0.0625722184785229,0.950109232231616,Astro_Hippo
ulm,ZBTB12,avg_log2FC,-2.26208775686689,0.0237275271498339,Astro_Hippo
ulm,ZBTB18,avg_log2FC,-1.36891478078649,0.171077048321007,Astro_Hippo
ulm,ZBTB44,avg_log2FC,-1.5959206622519,0.110559058747306,Astro_Hippo
ulm,ZBTB5,avg_log2FC,-0.71000269531477,0.477729997416122,Astro_Hippo
ulm,ZC3H11A,avg_log2FC,-2.16481141125879,0.0304413475680436,Astro_Hippo
ulm,ZFHX3,avg_log2FC,-3.4518934261262,0.000560499881580092,Astro_Hippo
ulm,ZFP28,avg_log2FC,-0.0683447725960718,0.9455134564995,Astro_Hippo
ulm,ZFP3,avg_log2FC,0.0483272321867845,0.961457056768079,Astro_Hippo
ulm,ZFP36L1,avg_log2FC,-0.857800387523821,0.391036884438965,Astro_Hippo
ulm,ZFP82,avg_log2FC,-0.552835512333208,0.580396599529628,Astro_Hippo
ulm,ZFP91,avg_log2FC,-0.967988091277664,0.333089248962159,Astro_Hippo
ulm,ZIM3,avg_log2FC,-0.678848996742636,0.497259671442774,Astro_Hippo
ulm,ZMYM2,avg_log2FC,0.900356916703002,0.367966397760347,Astro_Hippo
ulm,ZMYND11,avg_log2FC,0.0330965324917475,0.973598706407093,Astro_Hippo
ulm,ZNF10,avg_log2FC,-0.936894969740775,0.34885021397108,Astro_Hippo
ulm,ZNF101,avg_log2FC,-2.46317131427618,0.0137992206150031,Astro_Hippo
ulm,ZNF133,avg_log2FC,-0.466351229286429,0.640981008784339,Astro_Hippo
ulm,ZNF134,avg_log2FC,-1.04550316831546,0.295832503428592,Astro_Hippo
ulm,ZNF140,avg_log2FC,-0.863174422346693,0.38807600098431,Astro_Hippo
ulm,ZNF146,avg_log2FC,-2.76625436590521,0.00568774545261961,Astro_Hippo
ulm,ZNF157,avg_log2FC,1.23406768022423,0.217225915244542,Astro_Hippo
ulm,ZNF16,avg_log2FC,0.898356854293116,0.369031301026338,Astro_Hippo
ulm,ZNF165,avg_log2FC,-0.183882875993471,0.854111539127885,Astro_Hippo
ulm,ZNF169,avg_log2FC,0.263690640910646,0.792027343697399,Astro_Hippo
ulm,ZNF175,avg_log2FC,-0.522212042261279,0.601541939288908,Astro_Hippo
ulm,ZNF184,avg_log2FC,-1.78975729730772,0.0735432404057521,Astro_Hippo
ulm,ZNF19,avg_log2FC,-0.446303267185001,0.655394267512862,Astro_Hippo
ulm,ZNF197,avg_log2FC,-1.34371287427647,0.179091954400051,Astro_Hippo
ulm,ZNF2,avg_log2FC,-3.44564181647737,0.000573600584436203,Astro_Hippo
ulm,ZNF202,avg_log2FC,-0.0854341164476691,0.931919115659497,Astro_Hippo
ulm,ZNF213,avg_log2FC,-0.970568759831683,0.331802107558087,Astro_Hippo
ulm,ZNF214,avg_log2FC,-0.074444308010993,0.940659330222167,Astro_Hippo
ulm,ZNF22,avg_log2FC,-0.880237619687567,0.37876577623079,Astro_Hippo
ulm,ZNF223,avg_log2FC,-0.882736387639507,0.377414005172327,Astro_Hippo
ulm,ZNF224,avg_log2FC,-1.69414074578288,0.0902903283902692,Astro_Hippo
ulm,ZNF236,avg_log2FC,-0.742102110750472,0.458054456789287,Astro_Hippo
ulm,ZNF239,avg_log2FC,0.937955433063506,0.34830498584545,Astro_Hippo
ulm,ZNF250,avg_log2FC,-2.8080886452687,0.00499971733676145,Astro_Hippo
ulm,ZNF257,avg_log2FC,-0.898673002707938,0.368862845079756,Astro_Hippo
ulm,ZNF26,avg_log2FC,0.660050425618738,0.509246751858792,Astro_Hippo
ulm,ZNF260,avg_log2FC,-2.87569725538462,0.00404552766389539,Astro_Hippo
ulm,ZNF274,avg_log2FC,-1.13344818878262,0.257071276123723,Astro_Hippo
ulm,ZNF282,avg_log2FC,-0.587797584495219,0.556690238718998,Astro_Hippo
ulm,ZNF30,avg_log2FC,-1.41226440737514,0.157923872574853,Astro_Hippo
ulm,ZNF318,avg_log2FC,1.69812514965329,0.0895358831936264,Astro_Hippo
ulm,ZNF320,avg_log2FC,-0.748921176819097,0.453934010186508,Astro_Hippo
ulm,ZNF322,avg_log2FC,0.301231983152021,0.763248018692742,Astro_Hippo
ulm,ZNF329,avg_log2FC,-2.06082376041576,0.0393627672205041,Astro_Hippo
ulm,ZNF331,avg_log2FC,-1.05216080630103,0.292768058067898,Astro_Hippo
ulm,ZNF33A,avg_log2FC,1.79787557447181,0.0722468740333298,Astro_Hippo
ulm,ZNF34,avg_log2FC,0.4730196681217,0.636216316908945,Astro_Hippo
ulm,ZNF350,avg_log2FC,-2.1045432988087,0.0353724780972607,Astro_Hippo
ulm,ZNF354A,avg_log2FC,0.332248618164756,0.739713115871541,Astro_Hippo
ulm,ZNF354B,avg_log2FC,-1.41844160015623,0.156113702529857,Astro_Hippo
ulm,ZNF362,avg_log2FC,1.10636436933761,0.268613101254615,Astro_Hippo
ulm,ZNF37A,avg_log2FC,-0.785411706427602,0.432243164650792,Astro_Hippo
ulm,ZNF391,avg_log2FC,-1.41586412195591,0.156867085490021,Astro_Hippo
ulm,ZNF394,avg_log2FC,-1.82443086070611,0.0681365601313451,Astro_Hippo
ulm,ZNF407,avg_log2FC,-3.70649763120008,0.000212034505802732,Astro_Hippo
ulm,ZNF41,avg_log2FC,-0.531337268949245,0.595204709922439,Astro_Hippo
ulm,ZNF410,avg_log2FC,0.151271301475295,0.87976678134645,Astro_Hippo
ulm,ZNF418,avg_log2FC,0.173770729221353,0.862051498579816,Astro_Hippo
ulm,ZNF423,avg_log2FC,1.04121381555377,0.297818187092243,Astro_Hippo
ulm,ZNF426,avg_log2FC,-0.0565845177624402,0.954878047873953,Astro_Hippo
ulm,ZNF433,avg_log2FC,-1.23310133501762,0.217586163210957,Astro_Hippo
ulm,ZNF436,avg_log2FC,1.18027062059233,0.237939287290956,Astro_Hippo
ulm,ZNF445,avg_log2FC,-0.703830205007076,0.481565774504936,Astro_Hippo
ulm,ZNF486,avg_log2FC,-0.488587060000207,0.625151893839814,Astro_Hippo
ulm,ZNF488,avg_log2FC,1.89448442941319,0.0582086756336336,Astro_Hippo
ulm,ZNF490,avg_log2FC,0.496673609827324,0.619437392040105,Astro_Hippo
ulm,ZNF501,avg_log2FC,-0.602910866875671,0.546590724390017,Astro_Hippo
ulm,ZNF502,avg_log2FC,0.461640722843907,0.644355685948623,Astro_Hippo
ulm,ZNF507,avg_log2FC,-2.34763362732958,0.018925337465808,Astro_Hippo
ulm,ZNF510,avg_log2FC,-1.76454151961949,0.0776916130611867,Astro_Hippo
ulm,ZNF512,avg_log2FC,-0.442953430660521,0.657815353618701,Astro_Hippo
ulm,ZNF512B,avg_log2FC,-1.29902970484028,0.193983543588459,Astro_Hippo
ulm,ZNF513,avg_log2FC,-1.27857828578587,0.201094946827078,Astro_Hippo
ulm,ZNF524,avg_log2FC,-2.16660378018643,0.0303042297398289,Astro_Hippo
ulm,ZNF528,avg_log2FC,-1.31239322624741,0.189437583743533,Astro_Hippo
ulm,ZNF529,avg_log2FC,-1.41388965411932,0.157446074367505,Astro_Hippo
ulm,ZNF530,avg_log2FC,0.631014749200725,0.528054864299527,Astro_Hippo
ulm,ZNF532,avg_log2FC,-0.723863940861323,0.469177429395017,Astro_Hippo
ulm,ZNF547,avg_log2FC,-0.144339967182823,0.88523685672194,Astro_Hippo
ulm,ZNF548,avg_log2FC,-1.71768220615658,0.0859060836003739,Astro_Hippo
ulm,ZNF549,avg_log2FC,-0.774597494012015,0.438607995200121,Astro_Hippo
ulm,ZNF555,avg_log2FC,0.60367430679207,0.54608297106298,Astro_Hippo
ulm,ZNF558,avg_log2FC,0.237249922992307,0.812470991203067,Astro_Hippo
ulm,ZNF560,avg_log2FC,-1.47087552558718,0.14137710902178,Astro_Hippo
ulm,ZNF561,avg_log2FC,-2.5088710602673,0.0121378673482267,Astro_Hippo
ulm,ZNF563,avg_log2FC,-0.271614504155228,0.785927770392263,Astro_Hippo
ulm,ZNF577,avg_log2FC,-0.176113300674302,0.86021086246512,Astro_Hippo
ulm,ZNF579,avg_log2FC,0.316282389626897,0.751799155032053,Astro_Hippo
ulm,ZNF581,avg_log2FC,-0.757641039832975,0.448695593887476,Astro_Hippo
ulm,ZNF582,avg_log2FC,-0.220961307946427,0.825130062458557,Astro_Hippo
ulm,ZNF584,avg_log2FC,0.545006814563066,0.585769043755879,Astro_Hippo
ulm,ZNF585B,avg_log2FC,-0.65289256672809,0.513850502046693,Astro_Hippo
ulm,ZNF586,avg_log2FC,0.537883076743319,0.590677679351363,Astro_Hippo
ulm,ZNF589,avg_log2FC,-0.428518279029294,0.668289177677199,Astro_Hippo
ulm,ZNF592,avg_log2FC,-2.80925638946179,0.00498164096830431,Astro_Hippo
ulm,ZNF595,avg_log2FC,-1.48003711338152,0.138915731851648,Astro_Hippo
ulm,ZNF596,avg_log2FC,0.270856157073429,0.786510963303852,Astro_Hippo
ulm,ZNF597,avg_log2FC,-1.07473121925721,0.282538205468834,Astro_Hippo
ulm,ZNF610,avg_log2FC,-1.27540655836193,0.202214650240913,Astro_Hippo
ulm,ZNF618,avg_log2FC,-2.33616943879068,0.0195150986168082,Astro_Hippo
ulm,ZNF622,avg_log2FC,0.207070431938313,0.835961865172777,Astro_Hippo
ulm,ZNF623,avg_log2FC,0.081502486813191,0.935045059855528,Astro_Hippo
ulm,ZNF660,avg_log2FC,-2.15398167134714,0.0312812246312978,Astro_Hippo
ulm,ZNF664,avg_log2FC,-0.76351120864325,0.445188535396758,Astro_Hippo
ulm,ZNF667,avg_log2FC,-1.20224575296205,0.22931566970601,Astro_Hippo
ulm,ZNF669,avg_log2FC,-0.93006137310052,0.352376644986501,Astro_Hippo
ulm,ZNF677,avg_log2FC,0.797327762318993,0.425292183723129,Astro_Hippo
ulm,ZNF680,avg_log2FC,-0.31153526144822,0.755404541253993,Astro_Hippo
ulm,ZNF697,avg_log2FC,0.214242263846467,0.8303654038905,Astro_Hippo
ulm,ZNF7,avg_log2FC,0.0611552487686687,0.951237601757449,Astro_Hippo
ulm,ZNF704,avg_log2FC,-2.70300449352719,0.00689089187923706,Astro_Hippo
ulm,ZNF707,avg_log2FC,-0.302282612259463,0.762447087147057,Astro_Hippo
ulm,ZNF708,avg_log2FC,-0.481281653747304,0.63033384732858,Astro_Hippo
ulm,ZNF711,avg_log2FC,-7.49174109320554,7.77717427611651e-14,Astro_Hippo
ulm,ZNF740,avg_log2FC,-3.61256503333618,0.000305657893686548,Astro_Hippo
ulm,ZNF746,avg_log2FC,1.47093917318753,0.141359894399097,Astro_Hippo
ulm,ZNF766,avg_log2FC,-3.22982437605995,0.00124532370919357,Astro_Hippo
ulm,ZNF768,avg_log2FC,1.73928304011479,0.0820361623623426,Astro_Hippo
ulm,ZNF777,avg_log2FC,-0.444308117200216,0.656835823002852,Astro_Hippo
ulm,ZNF781,avg_log2FC,0.0517327897567853,0.958743328168244,Astro_Hippo
ulm,ZNF784,avg_log2FC,-2.12807570971738,0.0333713636204584,Astro_Hippo
ulm,ZNF785,avg_log2FC,0.175667591263486,0.860561012943364,Astro_Hippo
ulm,ZNF791,avg_log2FC,-0.26487195704298,0.791117180818292,Astro_Hippo
ulm,ZNF8,avg_log2FC,-2.75041905674041,0.00596971392105634,Astro_Hippo
ulm,ZNF816,avg_log2FC,-1.13217237690441,0.257607117032325,Astro_Hippo
ulm,ZNF830,avg_log2FC,-0.25370346904741,0.799733327824815,Astro_Hippo
ulm,ZNF837,avg_log2FC,-0.446907700698539,0.654957799288412,Astro_Hippo
ulm,ZNF843,avg_log2FC,-0.955861740594525,0.339180517313547,Astro_Hippo
ulm,ZNF85,avg_log2FC,-1.8627741441001,0.0625427772011698,Astro_Hippo
ulm,ZNF92,avg_log2FC,1.91510352107367,0.0555266925625533,Astro_Hippo
ulm,ZSCAN18,avg_log2FC,-0.133543110291571,0.893768341437751,Astro_Hippo
ulm,ZSCAN2,avg_log2FC,-2.29134007117767,0.0219781720327778,Astro_Hippo
ulm,ZSCAN21,avg_log2FC,-1.33990781707021,0.18032594848966,Astro_Hippo
ulm,ZSCAN23,avg_log2FC,0.672526151469648,0.501274639247104,Astro_Hippo
ulm,ZSCAN30,avg_log2FC,-4.03698892561896,5.48143445038128e-05,Astro_Hippo
ulm,ZSCAN31,avg_log2FC,-1.03943381128652,0.298644819420319,Astro_Hippo
ulm,ZSCAN4,avg_log2FC,0.98865337689037,0.32287254162004,Astro_Hippo
ulm,ZSCAN5B,avg_log2FC,-0.396536774568818,0.691723155860303,Astro_Hippo
ulm,ZSCAN5C,avg_log2FC,-0.380946180417844,0.703256642454152,Astro_Hippo
ulm,ZSCAN5DP,avg_log2FC,-2.24411205327223,0.0248614262737788,Astro_Hippo
ulm,ZZZ3,avg_log2FC,-1.25604689949416,0.209147766269069,Astro_Hippo
ulm,ADA2,avg_log2FC,-1.02815933495753,0.303964330348162,Oligo_Frontal
ulm,ADNP,avg_log2FC,1.55246142060078,0.120665684391203,Oligo_Frontal
ulm,AEBP2,avg_log2FC,0.573446214803723,0.5663889904579,Oligo_Frontal
ulm,AHRR,avg_log2FC,-0.931717534557679,0.351563427501043,Oligo_Frontal
ulm,ALKBH3,avg_log2FC,-0.440945113535549,0.659287020243604,Oligo_Frontal
ulm,ALX4,avg_log2FC,-1.44071713170561,0.149777227029386,Oligo_Frontal
ulm,ARHGAP35,avg_log2FC,0.0948254340904889,0.924460318423411,Oligo_Frontal
ulm,ARID3B,avg_log2FC,-2.61493188459843,0.00897273797054114,Oligo_Frontal
ulm,ARID5B,avg_log2FC,-1.22518616379632,0.22060887928333,Oligo_Frontal
ulm,ARNT2,avg_log2FC,0.460177755182858,0.645424625647145,Oligo_Frontal
ulm,ASH1L,avg_log2FC,-0.115210824492065,0.908286339679979,Oligo_Frontal
ulm,ASXL2,avg_log2FC,2.14659341032212,0.0319119500205016,Oligo_Frontal
ulm,ATF5,avg_log2FC,0.808134157019223,0.419082502030887,Oligo_Frontal
ulm,ATF6,avg_log2FC,-1.00117212688942,0.316830733464334,Oligo_Frontal
ulm,ATXN7L3,avg_log2FC,1.95100279655189,0.0511570404101447,Oligo_Frontal
ulm,AUTS2,avg_log2FC,-0.820863795088154,0.411794237849159,Oligo_Frontal
ulm,BANP,avg_log2FC,-0.916087352558242,0.359700538242394,Oligo_Frontal
ulm,BARHL1,avg_log2FC,-1.54707112942595,0.121959918027689,Oligo_Frontal
ulm,BARX1,avg_log2FC,1.51989932911417,0.128649997459594,Oligo_Frontal
ulm,BARX2,avg_log2FC,-0.196825303453805,0.843978636814817,Oligo_Frontal
ulm,BCL6B,avg_log2FC,0.265951852724342,0.790296011360709,Oligo_Frontal
ulm,BDP1,avg_log2FC,-1.13922227669074,0.254708608564537,Oligo_Frontal
ulm,BPTF,avg_log2FC,-0.0135145988648592,0.989218208203652,Oligo_Frontal
ulm,BRCA2,avg_log2FC,0.944256663269447,0.345120561510756,Oligo_Frontal
ulm,BRF1,avg_log2FC,0.562526867097714,0.573802460140054,Oligo_Frontal
ulm,CASP8AP2,avg_log2FC,0.452407211973387,0.651010951713364,Oligo_Frontal
ulm,CAVIN1,avg_log2FC,0.266459952167365,0.789904759770367,Oligo_Frontal
ulm,CBX5,avg_log2FC,-0.114695977244498,0.908694385493137,Oligo_Frontal
ulm,CBX7,avg_log2FC,-1.61955063954176,0.105442264958507,Oligo_Frontal
ulm,CC2D1A,avg_log2FC,-0.113959330124803,0.909278262249202,Oligo_Frontal
ulm,CDC5L,avg_log2FC,2.27306221294732,0.0230984212694964,Oligo_Frontal
ulm,CDC73,avg_log2FC,1.95784461715255,0.050348143310613,Oligo_Frontal
ulm,CDH4,avg_log2FC,0.909199141007016,0.363323832450795,Oligo_Frontal
ulm,CDX1,avg_log2FC,0.00424013601174978,0.996617175306103,Oligo_Frontal
ulm,CEBPE,avg_log2FC,-1.48634218345644,0.137302029776228,Oligo_Frontal
ulm,CEBPZ,avg_log2FC,-1.54991560134835,0.12127560070876,Oligo_Frontal
ulm,CENPT,avg_log2FC,-0.252900684692964,0.800363658616499,Oligo_Frontal
ulm,CHAF1A,avg_log2FC,0.925310062658608,0.354884959534775,Oligo_Frontal
ulm,CHAF1B,avg_log2FC,2.37683211464752,0.0175293554666796,Oligo_Frontal
ulm,CHAMP1,avg_log2FC,-0.279067238241078,0.780213982641527,Oligo_Frontal
ulm,CIC,avg_log2FC,-0.343673108208159,0.731118126625488,Oligo_Frontal
ulm,CIITA,avg_log2FC,-0.143804050666117,0.88566562698261,Oligo_Frontal
ulm,COBLL1,avg_log2FC,0.831783162768168,0.405602789187783,Oligo_Frontal
ulm,CREB3,avg_log2FC,-0.15771326113431,0.874694204285361,Oligo_Frontal
ulm,CREB3L2,avg_log2FC,-1.36394917285757,0.172693981886417,Oligo_Frontal
ulm,CREB3L4,avg_log2FC,-1.78683877746075,0.074072475344845,Oligo_Frontal
ulm,CSHL1,avg_log2FC,0.127099231720666,0.898871051534037,Oligo_Frontal
ulm,CTR9,avg_log2FC,2.04467407248181,0.0409809981916843,Oligo_Frontal
ulm,CUX1,avg_log2FC,-0.824235024680487,0.409876738665149,Oligo_Frontal
ulm,DACH1,avg_log2FC,-0.411991201079975,0.680377636198161,Oligo_Frontal
ulm,DBP,avg_log2FC,-0.885420277147118,0.376006577281175,Oligo_Frontal
ulm,DICER1,avg_log2FC,0.714335538244737,0.475079695299625,Oligo_Frontal
ulm,DIDO1,avg_log2FC,-1.63504974138542,0.102151834165134,Oligo_Frontal
ulm,DLX2,avg_log2FC,-0.168491970108337,0.866208517383607,Oligo_Frontal
ulm,DLX4,avg_log2FC,-2.22147188419744,0.0263992701188239,Oligo_Frontal
ulm,DLX6,avg_log2FC,0.828849175312968,0.407260913939689,Oligo_Frontal
ulm,DMRT1,avg_log2FC,-0.0179991647028786,0.985640811405228,Oligo_Frontal
ulm,DNMT1,avg_log2FC,-0.284580757346072,0.775986551354161,Oligo_Frontal
ulm,DNMT3A,avg_log2FC,0.34883752847513,0.727237704466302,Oligo_Frontal
ulm,DROSHA,avg_log2FC,-0.225634265278516,0.821502473755599,Oligo_Frontal
ulm,DYRK1A,avg_log2FC,0.0278610374563493,0.977774983752773,Oligo_Frontal
ulm,E2F2,avg_log2FC,0.0451653130136466,0.963978786092175,Oligo_Frontal
ulm,E2F5,avg_log2FC,0.900026975933841,0.368183850268863,Oligo_Frontal
ulm,EBNA1BP2,avg_log2FC,-0.258270864294234,0.796216988875574,Oligo_Frontal
ulm,EGFR,avg_log2FC,2.75412671331822,0.00592319072360567,Oligo_Frontal
ulm,ELF2,avg_log2FC,0.121367796687913,0.903408494250977,Oligo_Frontal
ulm,ELF5,avg_log2FC,-0.60249142385273,0.546896209647495,Oligo_Frontal
ulm,EMX1,avg_log2FC,-0.160586346156439,0.872430877116622,Oligo_Frontal
ulm,EPC1,avg_log2FC,1.0506699556098,0.293501521867037,Oligo_Frontal
ulm,EWSR1,avg_log2FC,0.0379105612613808,0.969761714431225,Oligo_Frontal
ulm,F10,avg_log2FC,1.15684872730713,0.247433564208159,Oligo_Frontal
ulm,FEV,avg_log2FC,-0.481509410853508,0.630192391921978,Oligo_Frontal
ulm,FOXC1,avg_log2FC,-3.66496860755974,0.000251994707860394,Oligo_Frontal
ulm,FOXD2,avg_log2FC,1.37642934970071,0.168799596313243,Oligo_Frontal
ulm,FOXD3,avg_log2FC,0.17229028119691,0.863221865647646,Oligo_Frontal
ulm,FOXE1,avg_log2FC,1.97053147719053,0.0488765713174095,Oligo_Frontal
ulm,FOXG1,avg_log2FC,0.580324419094822,0.561742896810319,Oligo_Frontal
ulm,FOXJ2,avg_log2FC,-0.485200064037507,0.627572668546597,Oligo_Frontal
ulm,FOXN3,avg_log2FC,-0.145210154494078,0.884555475576758,Oligo_Frontal
ulm,FOXO4,avg_log2FC,0.657784857761146,0.510730846643142,Oligo_Frontal
ulm,FOXR2,avg_log2FC,0.0741354462724828,0.940907944504142,Oligo_Frontal
ulm,FXR1,avg_log2FC,0.587514450465141,0.556905962973897,Oligo_Frontal
ulm,GLI1,avg_log2FC,-0.500994227022655,0.616414849823234,Oligo_Frontal
ulm,GLI3,avg_log2FC,-1.09120063354063,0.275279172832507,Oligo_Frontal
ulm,GLI4,avg_log2FC,1.10498827108628,0.269260294650897,Oligo_Frontal
ulm,GREB1,avg_log2FC,-2.05228314232503,0.0402356003485748,Oligo_Frontal
ulm,GTF2A2,avg_log2FC,3.12554243681834,0.00179309250596339,Oligo_Frontal
ulm,GTF2E2,avg_log2FC,1.37485396917313,0.169287519313816,Oligo_Frontal
ulm,GUCY1B1,avg_log2FC,0.119277989744007,0.905063738939468,Oligo_Frontal
ulm,H1_6,avg_log2FC,-1.39845636450227,0.162087608091664,Oligo_Frontal
ulm,HAND1,avg_log2FC,0.455140198141086,0.649043921675961,Oligo_Frontal
ulm,HBZ,avg_log2FC,-0.749971593778679,0.453335276344688,Oligo_Frontal
ulm,HDAC4,avg_log2FC,-0.268576413497759,0.788275593071631,Oligo_Frontal
ulm,HDAC8,avg_log2FC,0.62282321952204,0.533451783853064,Oligo_Frontal
ulm,HDGF,avg_log2FC,2.10867499849597,0.0350618793320254,Oligo_Frontal
ulm,HES2,avg_log2FC,2.03001579719161,0.0424499756734234,Oligo_Frontal
ulm,HES4,avg_log2FC,0.951944276841721,0.341207998621488,Oligo_Frontal
ulm,HEY2,avg_log2FC,-0.812313063421378,0.41668156858056,Oligo_Frontal
ulm,HHEX,avg_log2FC,0.270866377107448,0.786513914621898,Oligo_Frontal
ulm,HJURP,avg_log2FC,0.87160860969173,0.383497197227961,Oligo_Frontal
ulm,HMG20B,avg_log2FC,0.453811841455263,0.649999683750521,Oligo_Frontal
ulm,HMGA1,avg_log2FC,-2.84948989551458,0.00441116633535478,Oligo_Frontal
ulm,HMGB2,avg_log2FC,0.515207769699867,0.606448803525531,Oligo_Frontal
ulm,HOXA1,avg_log2FC,-1.99541809452663,0.0460947317855745,Oligo_Frontal
ulm,HOXA10,avg_log2FC,0.730648335849011,0.465055550346563,Oligo_Frontal
ulm,HOXA13,avg_log2FC,-0.0320860652665357,0.974405719322495,Oligo_Frontal
ulm,HOXA7,avg_log2FC,-0.410167460435764,0.681714715169616,Oligo_Frontal
ulm,HOXB4,avg_log2FC,-0.251050468228343,0.801793644143924,Oligo_Frontal
ulm,HOXB6,avg_log2FC,0.178697099310607,0.858188568111158,Oligo_Frontal
ulm,HOXB7,avg_log2FC,0.177077430039436,0.859460469640003,Oligo_Frontal
ulm,HOXC11,avg_log2FC,0.645373494276577,0.518738434977549,Oligo_Frontal
ulm,HOXC13,avg_log2FC,1.80727020520604,0.0708282195784697,Oligo_Frontal
ulm,HOXC6,avg_log2FC,-0.781265703531538,0.434712762589294,Oligo_Frontal
ulm,HOXD1,avg_log2FC,-1.78581579835559,0.0742380549290985,Oligo_Frontal
ulm,HOXD11,avg_log2FC,-0.912743605696562,0.361456550188479,Oligo_Frontal
ulm,HSD17B8,avg_log2FC,0.965556943622715,0.334349914334806,Oligo_Frontal
ulm,HSF2,avg_log2FC,2.10100584508422,0.0357302741653029,Oligo_Frontal
ulm,ID1,avg_log2FC,0.399599805315784,0.68948199732539,Oligo_Frontal
ulm,ID2,avg_log2FC,-1.2332500715164,0.21758674488993,Oligo_Frontal
ulm,IGLV5_37,avg_log2FC,-0.9778054574195,0.328255631041187,Oligo_Frontal
ulm,INSM2,avg_log2FC,0.532311813820519,0.594552590940739,Oligo_Frontal
ulm,IRF5,avg_log2FC,-1.10063925934526,0.27114898321653,Oligo_Frontal
ulm,IRX2,avg_log2FC,0.816058666884413,0.414536498437847,Oligo_Frontal
ulm,IRX3,avg_log2FC,0.0673446451078338,0.946312178709596,Oligo_Frontal
ulm,KAT2A,avg_log2FC,-1.51513930202364,0.12985081607223,Oligo_Frontal
ulm,KAT5,avg_log2FC,0.793651372477624,0.427466151292875,Oligo_Frontal
ulm,KDM1B,avg_log2FC,-1.35015518331297,0.177076120119013,Oligo_Frontal
ulm,KLF14,avg_log2FC,-1.33704481163355,0.181317404000687,Oligo_Frontal
ulm,KLF7,avg_log2FC,1.3254531503599,0.185129811142082,Oligo_Frontal
ulm,KMT2D,avg_log2FC,1.15620380308004,0.247697154344116,Oligo_Frontal
ulm,LCORL,avg_log2FC,0.454959206073704,0.649174112782397,Oligo_Frontal
ulm,LHX2,avg_log2FC,-0.542874086064178,0.587260018994868,Oligo_Frontal
ulm,LHX9,avg_log2FC,0.344222428603542,0.73070505106727,Oligo_Frontal
ulm,LMTK3,avg_log2FC,-1.99492279563802,0.0461487669913668,Oligo_Frontal
ulm,LMX1B,avg_log2FC,-1.08934432164645,0.276096493848256,Oligo_Frontal
ulm,MAFG,avg_log2FC,-0.971219235388066,0.331523609807046,Oligo_Frontal
ulm,MAML1,avg_log2FC,1.36484391895815,0.172412562348791,Oligo_Frontal
ulm,MAPK3,avg_log2FC,2.02641055371605,0.0428180267047028,Oligo_Frontal
ulm,MCM2,avg_log2FC,0.393551076914168,0.693942687052004,Oligo_Frontal
ulm,MCM3,avg_log2FC,1.77941324252145,0.0752812608798842,Oligo_Frontal
ulm,MCRS1,avg_log2FC,0.14395759878711,0.885544386237561,Oligo_Frontal
ulm,MDM2,avg_log2FC,0.884658825384993,0.376417174339174,Oligo_Frontal
ulm,MED16,avg_log2FC,-0.158289490977635,0.87424018545711,Oligo_Frontal
ulm,MED25,avg_log2FC,0.998939799912216,0.317910794297098,Oligo_Frontal
ulm,MEF2C,avg_log2FC,-0.0690879907660232,0.944924548947805,Oligo_Frontal
ulm,MEF2D,avg_log2FC,0.25856817973626,0.795987578954656,Oligo_Frontal
ulm,METHYLCYTOSINE_DIOXYGENASE_TET_UNIPROT_A0A023HHK9_UNREVIEWED,avg_log2FC,-1.54884857746654,0.121531950108304,Oligo_Frontal
ulm,METTL14,avg_log2FC,0.46492042990744,0.642024851327724,Oligo_Frontal
ulm,MIER1,avg_log2FC,-1.07540984596254,0.2822845982222,Oligo_Frontal
ulm,MSX1,avg_log2FC,-0.780333538114523,0.435261011142346,Oligo_Frontal
ulm,MTHFD1,avg_log2FC,0.759935757658689,0.447357425158847,Oligo_Frontal
ulm,MXD1,avg_log2FC,0.594215010844918,0.552416665292545,Oligo_Frontal
ulm,MYBL1,avg_log2FC,-1.07938472183726,0.280509896615841,Oligo_Frontal
ulm,MYOCD,avg_log2FC,0.677514319860257,0.498136065842735,Oligo_Frontal
ulm,MZF1,avg_log2FC,0.186525211724524,0.85204651944409,Oligo_Frontal
ulm,NAB2,avg_log2FC,-0.276212133638739,0.782405669844256,Oligo_Frontal
ulm,NCOA2,avg_log2FC,-0.286315748339865,0.774657631574512,Oligo_Frontal
ulm,NCOA4,avg_log2FC,-0.70532249282197,0.48066865773266,Oligo_Frontal
ulm,NCOA6,avg_log2FC,0.482938480250668,0.629177446145408,Oligo_Frontal
ulm,NFE2L1,avg_log2FC,0.18669381617269,0.851914327308499,Oligo_Frontal
ulm,NFKBIA,avg_log2FC,-0.170537549445336,0.864599816622015,Oligo_Frontal
ulm,NFXL1,avg_log2FC,-0.486250704735807,0.626827752048205,Oligo_Frontal
ulm,NKX2_2,avg_log2FC,-1.54607704267075,0.122199784341334,Oligo_Frontal
ulm,NKX2_3,avg_log2FC,0.185347508229466,0.852969998405974,Oligo_Frontal
ulm,NKX2_5,avg_log2FC,-1.08584891338727,0.277639988162844,Oligo_Frontal
ulm,NKX2_8,avg_log2FC,0.298604532111294,0.765264124353311,Oligo_Frontal
ulm,NME2,avg_log2FC,0.829161748966673,0.407084072643356,Oligo_Frontal
ulm,NOTCH3,avg_log2FC,-0.506749802157599,0.612370570802631,Oligo_Frontal
ulm,NPAT,avg_log2FC,0.136500616407739,0.891435421035646,Oligo_Frontal
ulm,NPM1,avg_log2FC,0.163138597500374,0.870421168139135,Oligo_Frontal
ulm,NR0B1,avg_log2FC,1.0690004420495,0.285162281087863,Oligo_Frontal
ulm,NR1D1,avg_log2FC,0.843423949395712,0.399063945867337,Oligo_Frontal
ulm,NR1H4,avg_log2FC,0.215330425241817,0.829525505643597,Oligo_Frontal
ulm,NR1I2,avg_log2FC,0.403274650724352,0.686777200655207,Oligo_Frontal
ulm,NUFIP1,avg_log2FC,0.375357449718143,0.707423281248404,Oligo_Frontal
ulm,OVOL3,avg_log2FC,0.00275966178397075,0.99779830926804,Oligo_Frontal
ulm,PAF1,avg_log2FC,-0.701288864209673,0.483181459451067,Oligo_Frontal
ulm,PAX3,avg_log2FC,-1.92156830417377,0.0547622259270162,Oligo_Frontal
ulm,PAX6,avg_log2FC,-0.381877790514629,0.702581201829824,Oligo_Frontal
ulm,PAX7,avg_log2FC,-0.739980054484483,0.459374581302309,Oligo_Frontal
ulm,PAX8,avg_log2FC,-0.00568291906350479,0.995466118775426,Oligo_Frontal
ulm,PBXIP1,avg_log2FC,1.14412692664012,0.252669504231859,Oligo_Frontal
ulm,PCGF1,avg_log2FC,-1.07216540059939,0.28373881209274,Oligo_Frontal
ulm,PCGF6,avg_log2FC,-1.33100133964928,0.183297716209493,Oligo_Frontal
ulm,PER1,avg_log2FC,1.50292951603979,0.132970802540365,Oligo_Frontal
ulm,PGM3,avg_log2FC,0.958762818624821,0.337761617421575,Oligo_Frontal
ulm,PHB2,avg_log2FC,0.971829334867262,0.331220006666227,Oligo_Frontal
ulm,PHF21A,avg_log2FC,-0.300421210034583,0.76387835050363,Oligo_Frontal
ulm,PIAS4,avg_log2FC,0.549104289699433,0.582977981767044,Oligo_Frontal
ulm,PITX1,avg_log2FC,-0.0279815979929823,0.977678836511086,Oligo_Frontal
ulm,POU2AF1,avg_log2FC,0.440413959293651,0.659671557392776,Oligo_Frontal
ulm,PPARA,avg_log2FC,-1.94609212329636,0.0517443088698532,Oligo_Frontal
ulm,PPARGC1A,avg_log2FC,2.1667315780834,0.0303400138465852,Oligo_Frontal
ulm,PRDM12,avg_log2FC,-0.44397566366789,0.657094733409056,Oligo_Frontal
ulm,PRDM4,avg_log2FC,1.09830761227821,0.272165301697588,Oligo_Frontal
ulm,PRDM5,avg_log2FC,0.626763202061395,0.530865932399145,Oligo_Frontal
ulm,PRKDC,avg_log2FC,0.468874331546834,0.639196229678011,Oligo_Frontal
ulm,PRMT5,avg_log2FC,-0.950442467556629,0.341970093486762,Oligo_Frontal
ulm,PSIP1,avg_log2FC,-2.2627831650462,0.0237259033333109,Oligo_Frontal
ulm,PSMB5,avg_log2FC,4.22249495632065,2.49369822661117e-05,Oligo_Frontal
ulm,PTPRA,avg_log2FC,0.218096655677885,0.827369810319824,Oligo_Frontal
ulm,PTTG1,avg_log2FC,0.310903585604916,0.755897227504724,Oligo_Frontal
ulm,RAG1,avg_log2FC,0.0953405541146226,0.924051203283602,Oligo_Frontal
ulm,RAX2,avg_log2FC,0.806825842304849,0.419835846660728,Oligo_Frontal
ulm,RBL1,avg_log2FC,0.250280902085271,0.802388618325927,Oligo_Frontal
ulm,RBM15,avg_log2FC,2.84730407761408,0.00444148106909687,Oligo_Frontal
ulm,RBM17,avg_log2FC,-1.79442580362163,0.072853843027625,Oligo_Frontal
ulm,RBM34,avg_log2FC,1.36961233388964,0.170918565284222,Oligo_Frontal
ulm,RFX7,avg_log2FC,1.47057804282144,0.141518435695776,Oligo_Frontal
ulm,RLF,avg_log2FC,-0.582955662390957,0.559970430664535,Oligo_Frontal
ulm,RORA,avg_log2FC,-1.11514361779351,0.264885271605491,Oligo_Frontal
ulm,RPA1,avg_log2FC,1.34921502086067,0.177377785156445,Oligo_Frontal
ulm,RUVBL1,avg_log2FC,-0.0347016199292698,0.972320160493583,Oligo_Frontal
ulm,RUVBL2,avg_log2FC,0.791207095352268,0.428890647958307,Oligo_Frontal
ulm,RYBP,avg_log2FC,0.195129365319794,0.845305933531931,Oligo_Frontal
ulm,SAFB2,avg_log2FC,-0.954946903921275,0.339687576719638,Oligo_Frontal
ulm,SALL4,avg_log2FC,0.0916952776879869,0.926946755970685,Oligo_Frontal
ulm,SETBP1,avg_log2FC,-1.11505106759913,0.264924920546006,Oligo_Frontal
ulm,SETD1A,avg_log2FC,-2.17630146283201,0.0296166464258293,Oligo_Frontal
ulm,SETD7,avg_log2FC,1.2573970388002,0.208715519932059,Oligo_Frontal
ulm,SFMBT1,avg_log2FC,0.947057308888852,0.343691888321334,Oligo_Frontal
ulm,SIPA1,avg_log2FC,0.448450623651432,0.653862962902876,Oligo_Frontal
ulm,SIRT3,avg_log2FC,-0.0837917217784783,0.933228062901138,Oligo_Frontal
ulm,SIX1,avg_log2FC,-1.62635261134853,0.10398800315744,Oligo_Frontal
ulm,SIX4,avg_log2FC,1.74660373081583,0.0808165379213701,Oligo_Frontal
ulm,SKIL,avg_log2FC,0.264199568148607,0.791645727427071,Oligo_Frontal
ulm,SKP2,avg_log2FC,0.401254989500788,0.688263238066838,Oligo_Frontal
ulm,SMARCA1,avg_log2FC,-0.75167279417397,0.452311484740668,Oligo_Frontal
ulm,SMCHD1,avg_log2FC,0.852292185872601,0.394125358686401,Oligo_Frontal
ulm,SMN1_SMN2,avg_log2FC,-0.700275072573375,0.483814134574436,Oligo_Frontal
ulm,SNAI1,avg_log2FC,1.18054014596119,0.237886449697565,Oligo_Frontal
ulm,SNAPC4,avg_log2FC,0.313903087704409,0.753618197148251,Oligo_Frontal
ulm,SNIP1,avg_log2FC,1.22662167477609,0.220068696531763,Oligo_Frontal
ulm,SNRNP70,avg_log2FC,1.19107705228664,0.233725020897229,Oligo_Frontal
ulm,SOX10,avg_log2FC,1.65724429524352,0.0975829294511779,Oligo_Frontal
ulm,SOX11,avg_log2FC,0.988618006531552,0.322936108760962,Oligo_Frontal
ulm,SOX3,avg_log2FC,-0.707991416479816,0.479009940705508,Oligo_Frontal
ulm,SQSTM1,avg_log2FC,2.44712932431706,0.0144614101813413,Oligo_Frontal
ulm,SRPK1,avg_log2FC,-1.70009592909786,0.089224739727503,Oligo_Frontal
ulm,SRPK2,avg_log2FC,0.613029370697878,0.539907066133307,Oligo_Frontal
ulm,SRSF9,avg_log2FC,-1.39345253399223,0.163594380657597,Oligo_Frontal
ulm,SS18_SSX1_FUSION_UNIPROT_Q8IZH1_UNREVIEWED,avg_log2FC,-1.5560316278039,0.119814398991707,Oligo_Frontal
ulm,SUMO1,avg_log2FC,0.260694485822291,0.794347427059859,Oligo_Frontal
ulm,SUPT16H,avg_log2FC,2.97462431908824,0.00295872253478255,Oligo_Frontal
ulm,SUPT20H,avg_log2FC,-0.988403867717705,0.323040911130325,Oligo_Frontal
ulm,TAF9B,avg_log2FC,0.917047865982782,0.359197105077612,Oligo_Frontal
ulm,TAFAZZIN,avg_log2FC,0.208349429665813,0.834971401935111,Oligo_Frontal
ulm,TASOR,avg_log2FC,-1.77028110747923,0.076789902862073,Oligo_Frontal
ulm,TBPL1,avg_log2FC,-0.975957007532878,0.329170685132688,Oligo_Frontal
ulm,TBX1,avg_log2FC,0.304021259887124,0.761134447372406,Oligo_Frontal
ulm,TBX3,avg_log2FC,0.167375704641894,0.867086614122959,Oligo_Frontal
ulm,TEAD2,avg_log2FC,-0.727159389988953,0.467189549036508,Oligo_Frontal
ulm,TERF1,avg_log2FC,-0.0335298128722661,0.973254499039415,Oligo_Frontal
ulm,TERF2,avg_log2FC,-1.15509433247714,0.248151071543373,Oligo_Frontal
ulm,TERT,avg_log2FC,0.604916396938213,0.545283918594443,Oligo_Frontal
ulm,TET1,avg_log2FC,0.0473446322698666,0.962241957266643,Oligo_Frontal
ulm,TFCP2,avg_log2FC,-0.61996946127954,0.535328704679139,Oligo_Frontal
ulm,TFEB,avg_log2FC,1.04310514321243,0.29699029675026,Oligo_Frontal
ulm,THRA,avg_log2FC,-2.04306047339101,0.041140564846867,Oligo_Frontal
ulm,TOP2B,avg_log2FC,0.166521039724577,0.867759036950122,Oligo_Frontal
ulm,TOX4,avg_log2FC,0.10257294029289,0.918309317965013,Oligo_Frontal
ulm,TRIP13,avg_log2FC,-1.45202502433044,0.14660749172203,Oligo_Frontal
ulm,TSHZ1,avg_log2FC,-0.446545252871844,0.655238213010407,Oligo_Frontal
ulm,UBE2I,avg_log2FC,0.0583426141626711,0.953479917239384,Oligo_Frontal
ulm,UBN1,avg_log2FC,0.661278222888378,0.508488704365663,Oligo_Frontal
ulm,WDHD1,avg_log2FC,-0.780377883841459,0.435234920378205,Oligo_Frontal
ulm,WIZ,avg_log2FC,-1.76525190788815,0.0776312073745948,Oligo_Frontal
ulm,WRNIP1,avg_log2FC,-0.207323516327475,0.835772394474553,Oligo_Frontal
ulm,XPO1,avg_log2FC,0.767925680410683,0.4425965604908,Oligo_Frontal
ulm,YBX1,avg_log2FC,-0.00822206785567023,0.993440402859164,Oligo_Frontal
ulm,YBX3,avg_log2FC,0.341158163172514,0.733010298577731,Oligo_Frontal
ulm,ZA_UNIPROT_Q9UM89_UNREVIEWED_GENES,avg_log2FC,0.0870963127149107,0.93060122891455,Oligo_Frontal
ulm,ZBED4,avg_log2FC,2.35986418646586,0.0183503654895756,Oligo_Frontal
ulm,ZBED5,avg_log2FC,-0.613948423821472,0.539299644383372,Oligo_Frontal
ulm,ZBTB1,avg_log2FC,0.190600349648004,0.848852633301841,Oligo_Frontal
ulm,ZBTB12,avg_log2FC,-0.712000440482978,0.476524248207609,Oligo_Frontal
ulm,ZBTB18,avg_log2FC,-0.220064827404351,0.825836825022676,Oligo_Frontal
ulm,ZBTB44,avg_log2FC,-0.964535921550699,0.334861201475023,Oligo_Frontal
ulm,ZBTB5,avg_log2FC,-0.964072200492154,0.335093580853198,Oligo_Frontal
ulm,ZC3H11A,avg_log2FC,0.225972271657134,0.821239598136998,Oligo_Frontal
ulm,ZFHX3,avg_log2FC,-1.53227037161826,0.12556951273848,Oligo_Frontal
ulm,ZFP28,avg_log2FC,1.25470871454122,0.209689993974968,Oligo_Frontal
ulm,ZFP3,avg_log2FC,1.15403855330417,0.2485835624396,Oligo_Frontal
ulm,ZFP36L1,avg_log2FC,-0.167250505730314,0.867185110590196,Oligo_Frontal
ulm,ZFP82,avg_log2FC,-0.0464803247109393,0.962930754253737,Oligo_Frontal
ulm,ZFP91,avg_log2FC,-0.0838874435265349,0.933151962887323,Oligo_Frontal
ulm,ZIM3,avg_log2FC,-1.63477418779606,0.102209611343499,Oligo_Frontal
ulm,ZMYM2,avg_log2FC,0.238339987681347,0.811634975067766,Oligo_Frontal
ulm,ZMYND11,avg_log2FC,1.67845461199516,0.093370775099216,Oligo_Frontal
ulm,ZNF10,avg_log2FC,-0.883862956964145,0.376846625611056,Oligo_Frontal
ulm,ZNF101,avg_log2FC,0.930112861180924,0.352393409776727,Oligo_Frontal
ulm,ZNF133,avg_log2FC,-0.220813188918475,0.825254109181025,Oligo_Frontal
ulm,ZNF134,avg_log2FC,0.428828107819076,0.668081547941087,Oligo_Frontal
ulm,ZNF140,avg_log2FC,-0.614693571259741,0.538807412162507,Oligo_Frontal
ulm,ZNF146,avg_log2FC,0.44412736374385,0.656985071589186,Oligo_Frontal
ulm,ZNF157,avg_log2FC,1.83205520610823,0.0670501231329084,Oligo_Frontal
ulm,ZNF16,avg_log2FC,-0.193459327218362,0.846613389501258,Oligo_Frontal
ulm,ZNF165,avg_log2FC,0.991351749957182,0.321600127978957,Oligo_Frontal
ulm,ZNF169,avg_log2FC,1.2587560916052,0.208224136708733,Oligo_Frontal
ulm,ZNF175,avg_log2FC,-0.674754906346614,0.499887603876099,Oligo_Frontal
ulm,ZNF184,avg_log2FC,-0.495832857610513,0.620051535220961,Oligo_Frontal
ulm,ZNF19,avg_log2FC,0.455853749045757,0.648530755207924,Oligo_Frontal
ulm,ZNF197,avg_log2FC,-2.18648019026328,0.0288635931110319,Oligo_Frontal
ulm,ZNF2,avg_log2FC,-0.213494601695922,0.830956854596966,Oligo_Frontal
ulm,ZNF202,avg_log2FC,1.11759460083698,0.263836747555882,Oligo_Frontal
ulm,ZNF213,avg_log2FC,-0.345082533431497,0.730058430155677,Oligo_Frontal
ulm,ZNF22,avg_log2FC,-1.14207980210821,0.253519206554591,Oligo_Frontal
ulm,ZNF223,avg_log2FC,-1.87002231892463,0.0615857393213595,Oligo_Frontal
ulm,ZNF224,avg_log2FC,-2.30690172250545,0.0211334676744283,Oligo_Frontal
ulm,ZNF236,avg_log2FC,0.915580286848825,0.359966484950883,Oligo_Frontal
ulm,ZNF239,avg_log2FC,-0.314546458343214,0.753129641101324,Oligo_Frontal
ulm,ZNF250,avg_log2FC,-0.664985228945197,0.506115100502861,Oligo_Frontal
ulm,ZNF257,avg_log2FC,0.200318343195679,0.841246269893695,Oligo_Frontal
ulm,ZNF260,avg_log2FC,-0.190852526270129,0.848655071050839,Oligo_Frontal
ulm,ZNF274,avg_log2FC,-2.0266473459506,0.0427937705792013,Oligo_Frontal
ulm,ZNF282,avg_log2FC,0.751831236679319,0.452216199774788,Oligo_Frontal
ulm,ZNF30,avg_log2FC,0.28484855585853,0.775781387614818,Oligo_Frontal
ulm,ZNF318,avg_log2FC,0.450082353885389,0.652686153654276,Oligo_Frontal
ulm,ZNF320,avg_log2FC,0.230633305817108,0.817616661236075,Oligo_Frontal
ulm,ZNF322,avg_log2FC,-1.55578053572702,0.119874115474117,Oligo_Frontal
ulm,ZNF329,avg_log2FC,-1.09014682352098,0.275742954972463,Oligo_Frontal
ulm,ZNF331,avg_log2FC,-0.933335491277873,0.350727830186352,Oligo_Frontal
ulm,ZNF33A,avg_log2FC,-0.529562933826327,0.596457284715272,Oligo_Frontal
ulm,ZNF34,avg_log2FC,-0.588964715878283,0.55593279553151,Oligo_Frontal
ulm,ZNF350,avg_log2FC,-0.360549879342439,0.718463355092026,Oligo_Frontal
ulm,ZNF354B,avg_log2FC,1.10657499135479,0.268573468490585,Oligo_Frontal
ulm,ZNF362,avg_log2FC,0.698180646045679,0.485122622447443,Oligo_Frontal
ulm,ZNF37A,avg_log2FC,1.83855536337588,0.0660872267400659,Oligo_Frontal
ulm,ZNF391,avg_log2FC,0.447607602787144,0.654471290095058,Oligo_Frontal
ulm,ZNF394,avg_log2FC,1.22974778431343,0.218895628398583,Oligo_Frontal
ulm,ZNF407,avg_log2FC,-1.81186490195671,0.0701149308442232,Oligo_Frontal
ulm,ZNF41,avg_log2FC,-0.586967239357771,0.557273372148646,Oligo_Frontal
ulm,ZNF410,avg_log2FC,0.00331554270375126,0.997354822400877,Oligo_Frontal
ulm,ZNF418,avg_log2FC,-0.386925517740363,0.698840964846209,Oligo_Frontal
ulm,ZNF423,avg_log2FC,1.86690862821874,0.0620195333219357,Oligo_Frontal
ulm,ZNF426,avg_log2FC,-1.35144072547812,0.176664254037826,Oligo_Frontal
ulm,ZNF433,avg_log2FC,0.094191265655411,0.924964010830792,Oligo_Frontal
ulm,ZNF436,avg_log2FC,-0.918409849342178,0.358484009708873,Oligo_Frontal
ulm,ZNF486,avg_log2FC,-1.3834232777076,0.166646195953458,Oligo_Frontal
ulm,ZNF488,avg_log2FC,-0.61255318881608,0.540221919544381,Oligo_Frontal
ulm,ZNF490,avg_log2FC,0.290501512706624,0.77145426191467,Oligo_Frontal
ulm,ZNF502,avg_log2FC,-0.45292214711381,0.650640147598941,Oligo_Frontal
ulm,ZNF507,avg_log2FC,-0.207545861727678,0.835598781489299,Oligo_Frontal
ulm,ZNF510,avg_log2FC,-0.817105004920724,0.413938440531129,Oligo_Frontal
ulm,ZNF512,avg_log2FC,1.13644767554178,0.255867205219064,Oligo_Frontal
ulm,ZNF512B,avg_log2FC,0.485088244956245,0.627651971959401,Oligo_Frontal
ulm,ZNF513,avg_log2FC,-0.873087465076939,0.382690811623207,Oligo_Frontal
ulm,ZNF524,avg_log2FC,0.067051115170356,0.946545832329893,Oligo_Frontal
ulm,ZNF528,avg_log2FC,-0.469714164020157,0.638596087051052,Oligo_Frontal
ulm,ZNF529,avg_log2FC,-1.16894705469999,0.242525186053727,Oligo_Frontal
ulm,ZNF532,avg_log2FC,-0.722307463882485,0.470166218639853,Oligo_Frontal
ulm,ZNF547,avg_log2FC,1.00453034783592,0.31521047633351,Oligo_Frontal
ulm,ZNF548,avg_log2FC,1.17942275137882,0.238330802807507,Oligo_Frontal
ulm,ZNF549,avg_log2FC,0.328920798834168,0.742240328759907,Oligo_Frontal
ulm,ZNF555,avg_log2FC,-1.103439426401,0.269931888389743,Oligo_Frontal
ulm,ZNF558,avg_log2FC,-1.01542297092333,0.3099926114411,Oligo_Frontal
ulm,ZNF560,avg_log2FC,0.232208449297072,0.816393207485362,Oligo_Frontal
ulm,ZNF561,avg_log2FC,-0.615931610888686,0.537990081983227,Oligo_Frontal
ulm,ZNF563,avg_log2FC,-0.894220832624811,0.37128115673381,Oligo_Frontal
ulm,ZNF577,avg_log2FC,-0.401100514173134,0.688376948447997,Oligo_Frontal
ulm,ZNF579,avg_log2FC,-1.00519957760804,0.314888241856066,Oligo_Frontal
ulm,ZNF581,avg_log2FC,1.41749221081153,0.156451135575693,Oligo_Frontal
ulm,ZNF582,avg_log2FC,0.80437067057506,0.421251713888718,Oligo_Frontal
ulm,ZNF584,avg_log2FC,0.590701755350715,0.554768288858161,Oligo_Frontal
ulm,ZNF585B,avg_log2FC,-0.796498079842736,0.425810603495599,Oligo_Frontal
ulm,ZNF586,avg_log2FC,0.497948190022628,0.618559946916002,Oligo_Frontal
ulm,ZNF589,avg_log2FC,0.0629920124215973,0.949777393407133,Oligo_Frontal
ulm,ZNF592,avg_log2FC,-0.615845640051581,0.538046818167325,Oligo_Frontal
ulm,ZNF595,avg_log2FC,-0.107956209526118,0.914038219348716,Oligo_Frontal
ulm,ZNF596,avg_log2FC,-1.47845982890657,0.139398030407507,Oligo_Frontal
ulm,ZNF597,avg_log2FC,0.408211398186243,0.683149918303026,Oligo_Frontal
ulm,ZNF610,avg_log2FC,-1.7243852026767,0.0847494883448904,Oligo_Frontal
ulm,ZNF618,avg_log2FC,0.0314261450408003,0.974931946624451,Oligo_Frontal
ulm,ZNF622,avg_log2FC,-1.35570221084488,0.175304054254609,Oligo_Frontal
ulm,ZNF623,avg_log2FC,0.327934317889065,0.742986020284451,Oligo_Frontal
ulm,ZNF660,avg_log2FC,0.954772770505352,0.339775632687534,Oligo_Frontal
ulm,ZNF664,avg_log2FC,0.352433282542126,0.724540060940243,Oligo_Frontal
ulm,ZNF667,avg_log2FC,-1.26351179013951,0.206511258911994,Oligo_Frontal
ulm,ZNF669,avg_log2FC,-1.4668803002418,0.142521730743964,Oligo_Frontal
ulm,ZNF677,avg_log2FC,-0.00509537030781051,0.995934865884163,Oligo_Frontal
ulm,ZNF680,avg_log2FC,-0.351993701757819,0.724869665002411,Oligo_Frontal
ulm,ZNF697,avg_log2FC,-0.925745614263436,0.354658550546938,Oligo_Frontal
ulm,ZNF7,avg_log2FC,1.13389324498745,0.256937099354871,Oligo_Frontal
ulm,ZNF704,avg_log2FC,-0.836684141814998,0.402842048781326,Oligo_Frontal
ulm,ZNF707,avg_log2FC,1.02984847897633,0.303170728581576,Oligo_Frontal
ulm,ZNF708,avg_log2FC,-0.745625078568113,0.455956966406109,Oligo_Frontal
ulm,ZNF711,avg_log2FC,-1.09929357359203,0.271735222908408,Oligo_Frontal
ulm,ZNF740,avg_log2FC,-0.294253325856311,0.768586303515871,Oligo_Frontal
ulm,ZNF746,avg_log2FC,0.529091479896736,0.596784233364357,Oligo_Frontal
ulm,ZNF766,avg_log2FC,-2.1508797609712,0.0315716379002563,Oligo_Frontal
ulm,ZNF768,avg_log2FC,1.17698734128502,0.239301320190553,Oligo_Frontal
ulm,ZNF777,avg_log2FC,0.469031927811528,0.639083593667618,Oligo_Frontal
ulm,ZNF781,avg_log2FC,-1.54388950210721,0.122728921913269,Oligo_Frontal
ulm,ZNF784,avg_log2FC,0.0987438737757154,0.921348751886744,Oligo_Frontal
ulm,ZNF785,avg_log2FC,1.40632620971676,0.159739046574962,Oligo_Frontal
ulm,ZNF791,avg_log2FC,1.12565930947812,0.26040692145533,Oligo_Frontal
ulm,ZNF8,avg_log2FC,0.713826904587528,0.475394144463694,Oligo_Frontal
ulm,ZNF816,avg_log2FC,-1.75189514011672,0.0799020945399998,Oligo_Frontal
ulm,ZNF830,avg_log2FC,-0.23836181137094,0.811618051634006,Oligo_Frontal
ulm,ZNF843,avg_log2FC,0.239271052938279,0.810913048049624,Oligo_Frontal
ulm,ZNF85,avg_log2FC,-1.91426770640131,0.0556885146690224,Oligo_Frontal
ulm,ZNF92,avg_log2FC,1.46419850364396,0.143252784430179,Oligo_Frontal
ulm,ZSCAN18,avg_log2FC,0.345027836549689,0.73009954518544,Oligo_Frontal
ulm,ZSCAN2,avg_log2FC,-2.65535966991407,0.00796760056631904,Oligo_Frontal
ulm,ZSCAN21,avg_log2FC,0.766496188575502,0.443446199847769,Oligo_Frontal
ulm,ZSCAN23,avg_log2FC,0.704401411361083,0.48124182915689,Oligo_Frontal
ulm,ZSCAN30,avg_log2FC,-0.853559829177811,0.393422462742502,Oligo_Frontal
ulm,ZSCAN31,avg_log2FC,-0.615351724205119,0.538372834589637,Oligo_Frontal
ulm,ZSCAN4,avg_log2FC,0.686976299062126,0.492154964352012,Oligo_Frontal
ulm,ZSCAN5B,avg_log2FC,0.4541587917257,0.649749994888551,Oligo_Frontal
ulm,ZSCAN5C,avg_log2FC,-0.72085414513902,0.47105986935124,Oligo_Frontal
ulm,ZSCAN5DP,avg_log2FC,-0.923763511424147,0.355689627131937,Oligo_Frontal
ulm,ZZZ3,avg_log2FC,0.0439898123504327,0.964915683847781,Oligo_Frontal
ulm,ADA2,avg_log2FC,-0.17037550940891,0.86472359906897,Oligo_Hippo
ulm,ADNP,avg_log2FC,0.00498350612965317,0.99602400673272,Oligo_Hippo
ulm,AEBP2,avg_log2FC,1.34759082574763,0.177867683442512,Oligo_Hippo
ulm,AHRR,avg_log2FC,-0.497628302461942,0.618773885617628,Oligo_Hippo
ulm,ALKBH3,avg_log2FC,-0.00829447741790541,0.99338246130115,Oligo_Hippo
ulm,ALX4,avg_log2FC,-0.269146347264711,0.787831191052132,Oligo_Hippo
ulm,ARHGAP35,avg_log2FC,-0.20004474222859,0.841455936667458,Oligo_Hippo
ulm,ARID3B,avg_log2FC,-1.93069383526686,0.0535927599417347,Oligo_Hippo
ulm,ARID5B,avg_log2FC,0.0915950861803014,0.927024422743426,Oligo_Hippo
ulm,ARNT2,avg_log2FC,0.664908371415746,0.506148105388618,Oligo_Hippo
ulm,ASH1L,avg_log2FC,-0.554248541012561,0.579440290248135,Oligo_Hippo
ulm,ASXL2,avg_log2FC,0.509451629701676,0.610464291559959,Oligo_Hippo
ulm,ATF5,avg_log2FC,1.51703042824148,0.129339411302342,Oligo_Hippo
ulm,ATF6,avg_log2FC,-1.10556718925795,0.268981555524398,Oligo_Hippo
ulm,ATOH8,avg_log2FC,0.201501975036661,0.840316511072739,Oligo_Hippo
ulm,ATXN7L3,avg_log2FC,1.22139692574422,0.222009015395352,Oligo_Hippo
ulm,AUTS2,avg_log2FC,-0.560528713859548,0.575150803858472,Oligo_Hippo
ulm,BANP,avg_log2FC,0.894920862585811,0.37088418485967,Oligo_Hippo
ulm,BARHL1,avg_log2FC,-0.189314576843196,0.849856044890462,Oligo_Hippo
ulm,BARX1,avg_log2FC,-0.376330159291521,0.706691770170473,Oligo_Hippo
ulm,BARX2,avg_log2FC,0.391797410086111,0.695229146628849,Oligo_Hippo
ulm,BCL6B,avg_log2FC,1.48691237933585,0.13711815437005,Oligo_Hippo
ulm,BDP1,avg_log2FC,-1.5892330218939,0.112088211040131,Oligo_Hippo
ulm,BPTF,avg_log2FC,-0.800938716331186,0.423215530463862,Oligo_Hippo
ulm,BRCA2,avg_log2FC,1.13230998613598,0.257573195727218,Oligo_Hippo
ulm,BRF1,avg_log2FC,0.0654258792998606,0.947838246405557,Oligo_Hippo
ulm,CASP8AP2,avg_log2FC,1.537148706313,0.124337379514481,Oligo_Hippo
ulm,CAVIN1,avg_log2FC,-0.0811476623350912,0.935328652621243,Oligo_Hippo
ulm,CBX5,avg_log2FC,-0.410399486676294,0.681535289181993,Oligo_Hippo
ulm,CBX7,avg_log2FC,-0.654586186473108,0.512772516325217,Oligo_Hippo
ulm,CC2D1A,avg_log2FC,0.143025998427121,0.886276978947649,Oligo_Hippo
ulm,CDC5L,avg_log2FC,-0.116619335533692,0.907167672003122,Oligo_Hippo
ulm,CDC73,avg_log2FC,1.09581551189636,0.273226648518062,Oligo_Hippo
ulm,CDH4,avg_log2FC,0.569459170286193,0.56907710919786,Oligo_Hippo
ulm,CDX1,avg_log2FC,-0.15735571163956,0.87497259703045,Oligo_Hippo
ulm,CEBPE,avg_log2FC,-0.035995816700001,0.971287522247489,Oligo_Hippo
ulm,CEBPZ,avg_log2FC,0.206069550623472,0.836747254668865,Oligo_Hippo
ulm,CENPT,avg_log2FC,0.87081937779776,0.383905958438034,Oligo_Hippo
ulm,CHAF1A,avg_log2FC,0.0946463570956467,0.924600551303525,Oligo_Hippo
ulm,CHAF1B,avg_log2FC,1.36802003792067,0.171383995789174,Oligo_Hippo
ulm,CHAMP1,avg_log2FC,-0.0888044163477272,0.929241871553798,Oligo_Hippo
ulm,CIC,avg_log2FC,0.577617257054005,0.563555635117872,Oligo_Hippo
ulm,CIITA,avg_log2FC,0.694999687958163,0.487096574394894,Oligo_Hippo
ulm,COBLL1,avg_log2FC,0.309985791591162,0.756588192985464,Oligo_Hippo
ulm,CREB3,avg_log2FC,-0.0743071485891484,0.940769769829112,Oligo_Hippo
ulm,CREB3L2,avg_log2FC,-0.498345242804313,0.61826860466166,Oligo_Hippo
ulm,CREB3L4,avg_log2FC,-0.40841217532509,0.682993341416687,Oligo_Hippo
ulm,CSHL1,avg_log2FC,0.538029247514321,0.590587316126215,Oligo_Hippo
ulm,CTR9,avg_log2FC,1.54952670619521,0.121335655716782,Oligo_Hippo
ulm,CUX1,avg_log2FC,-0.339706661428285,0.734095593069658,Oligo_Hippo
ulm,DACH1,avg_log2FC,-1.83109983254774,0.0671612932038076,Oligo_Hippo
ulm,DBP,avg_log2FC,0.0108288483224444,0.991360547476818,Oligo_Hippo
ulm,DICER1,avg_log2FC,-0.818001690147397,0.413405801199206,Oligo_Hippo
ulm,DIDO1,avg_log2FC,-0.552465879063151,0.580660615714228,Oligo_Hippo
ulm,DLX2,avg_log2FC,-0.47611578111588,0.634018354235526,Oligo_Hippo
ulm,DLX4,avg_log2FC,-1.02200962000971,0.306839237200677,Oligo_Hippo
ulm,DLX6,avg_log2FC,-0.635142289101139,0.525372585147539,Oligo_Hippo
ulm,DMRT1,avg_log2FC,0.138692782160147,0.889700026165774,Oligo_Hippo
ulm,DNMT1,avg_log2FC,0.100390182077734,0.92003968337919,Oligo_Hippo
ulm,DNMT3A,avg_log2FC,0.563894091476673,0.572858378824166,Oligo_Hippo
ulm,DPPA3,avg_log2FC,0.258700403402734,0.79587995272706,Oligo_Hippo
ulm,DROSHA,avg_log2FC,-0.301258304747637,0.763233466693523,Oligo_Hippo
ulm,DYRK1A,avg_log2FC,0.505851058619719,0.612989575777968,Oligo_Hippo
ulm,E2F2,avg_log2FC,-0.366622656833334,0.713920237307897,Oligo_Hippo
ulm,E2F5,avg_log2FC,-0.801830557712677,0.422699446635019,Oligo_Hippo
ulm,EBNA1BP2,avg_log2FC,-0.814301848850461,0.415521375743642,Oligo_Hippo
ulm,EGFR,avg_log2FC,1.26486403666854,0.205995049373903,Oligo_Hippo
ulm,ELF2,avg_log2FC,-0.299299648834122,0.764727245021568,Oligo_Hippo
ulm,ELF5,avg_log2FC,-0.351265283943917,0.725408161885019,Oligo_Hippo
ulm,EMX1,avg_log2FC,0.75165790544011,0.4523018097426,Oligo_Hippo
ulm,EPC1,avg_log2FC,0.437006194482509,0.66213085953359,Oligo_Hippo
ulm,EWSR1,avg_log2FC,0.67039841849341,0.502643224283923,Oligo_Hippo
ulm,F10,avg_log2FC,1.23599209021334,0.216535354398775,Oligo_Hippo
ulm,FEV,avg_log2FC,0.565267852166831,0.571923850097203,Oligo_Hippo
ulm,FOXC1,avg_log2FC,-4.53149426682327,6.03083356207642e-06,Oligo_Hippo
ulm,FOXD2,avg_log2FC,-0.0318728307260403,0.974575083663223,Oligo_Hippo
ulm,FOXD3,avg_log2FC,-0.813025502404684,0.416252673968987,Oligo_Hippo
ulm,FOXE1,avg_log2FC,2.19198812896757,0.0284388113104008,Oligo_Hippo
ulm,FOXG1,avg_log2FC,1.22021974316174,0.222454779322489,Oligo_Hippo
ulm,FOXJ2,avg_log2FC,-0.304731400043758,0.760586864238452,Oligo_Hippo
ulm,FOXN3,avg_log2FC,0.443672119796105,0.65730407375578,Oligo_Hippo
ulm,FOXO4,avg_log2FC,-1.30836702098147,0.19082534580331,Oligo_Hippo
ulm,FOXQ1,avg_log2FC,0.660240158185722,0.50913840930211,Oligo_Hippo
ulm,FOXR2,avg_log2FC,-0.0936600255529346,0.925383998781287,Oligo_Hippo
ulm,FXR1,avg_log2FC,0.580475932691438,0.561626985068554,Oligo_Hippo
ulm,GLI1,avg_log2FC,-1.29763038069636,0.194490517488086,Oligo_Hippo
ulm,GLI3,avg_log2FC,-0.661873333939334,0.508091198788672,Oligo_Hippo
ulm,GLI4,avg_log2FC,1.00208067646128,0.316366308332843,Oligo_Hippo
ulm,GREB1,avg_log2FC,-3.26307619237783,0.00111152265767799,Oligo_Hippo
ulm,GTF2A2,avg_log2FC,2.58907825893994,0.00965879707785517,Oligo_Hippo
ulm,GTF2E2,avg_log2FC,0.861000261690939,0.389290410950143,Oligo_Hippo
ulm,GUCY1B1,avg_log2FC,1.18162840963457,0.237424653197666,Oligo_Hippo
ulm,H1_6,avg_log2FC,-0.832486630200113,0.405184893132684,Oligo_Hippo
ulm,HAND1,avg_log2FC,-0.292262585354807,0.77010128664455,Oligo_Hippo
ulm,HBZ,avg_log2FC,0.636206265400227,0.524679029476116,Oligo_Hippo
ulm,HDAC4,avg_log2FC,0.304898634815862,0.760459496774027,Oligo_Hippo
ulm,HDAC8,avg_log2FC,0.152114143654401,0.879104715252733,Oligo_Hippo
ulm,HDGF,avg_log2FC,-0.236415869696857,0.813122300428923,Oligo_Hippo
ulm,HES2,avg_log2FC,-0.0233106986440623,0.981403620890524,Oligo_Hippo
ulm,HES4,avg_log2FC,0.389376066764391,0.697019065681683,Oligo_Hippo
ulm,HEY2,avg_log2FC,-0.0157115479133053,0.987465311557998,Oligo_Hippo
ulm,HHEX,avg_log2FC,0.96453061816571,0.334839296078576,Oligo_Hippo
ulm,HJURP,avg_log2FC,0.158493799871608,0.874075847229013,Oligo_Hippo
ulm,HMG20B,avg_log2FC,0.415109884253359,0.67808411829668,Oligo_Hippo
ulm,HMGA1,avg_log2FC,-1.19477598140409,0.232246647055166,Oligo_Hippo
ulm,HMGB2,avg_log2FC,-0.684667441121384,0.493594163416555,Oligo_Hippo
ulm,HOXA1,avg_log2FC,-0.680399007388236,0.496291919499644,Oligo_Hippo
ulm,HOXA10,avg_log2FC,0.405593535947129,0.685063352716118,Oligo_Hippo
ulm,HOXA13,avg_log2FC,-0.10422141914208,0.916998953353617,Oligo_Hippo
ulm,HOXA7,avg_log2FC,-0.0651500975098646,0.948057805887132,Oligo_Hippo
ulm,HOXB4,avg_log2FC,-1.22757981575012,0.219678246935162,Oligo_Hippo
ulm,HOXB6,avg_log2FC,0.598312376513016,0.549665990211806,Oligo_Hippo
ulm,HOXB7,avg_log2FC,0.256358944621042,0.797687100995828,Oligo_Hippo
ulm,HOXC11,avg_log2FC,0.870350762260573,0.384161889644266,Oligo_Hippo
ulm,HOXC13,avg_log2FC,0.667335103685252,0.504597279652869,Oligo_Hippo
ulm,HOXC6,avg_log2FC,-0.505351331090191,0.613340427401548,Oligo_Hippo
ulm,HOXD1,avg_log2FC,-0.791375988929374,0.428772363249449,Oligo_Hippo
ulm,HOXD11,avg_log2FC,-0.687748287703088,0.491651882799512,Oligo_Hippo
ulm,HSD17B8,avg_log2FC,0.306659874451353,0.759118516331877,Oligo_Hippo
ulm,HSF2,avg_log2FC,2.22361493232712,0.0262309868793429,Oligo_Hippo
ulm,ID1,avg_log2FC,-0.921297970559115,0.356951416542915,Oligo_Hippo
ulm,ID2,avg_log2FC,0.0630459470655296,0.949733121985778,Oligo_Hippo
ulm,IGLV5_37,avg_log2FC,-3.5551073899042,0.0003822727963125,Oligo_Hippo
ulm,INSM2,avg_log2FC,-0.210984026522307,0.832910671843764,Oligo_Hippo
ulm,IRF5,avg_log2FC,0.726503597270881,0.467573359397758,Oligo_Hippo
ulm,IRX2,avg_log2FC,-0.240448227209524,0.809995333005397,Oligo_Hippo
ulm,IRX3,avg_log2FC,-0.830090642572235,0.40653794484969,Oligo_Hippo
ulm,KAT2A,avg_log2FC,0.0901076907692377,0.928206228380736,Oligo_Hippo
ulm,KAT5,avg_log2FC,0.462408794470631,0.643813786199662,Oligo_Hippo
ulm,KDM1B,avg_log2FC,-1.62444522820982,0.104360992019106,Oligo_Hippo
ulm,KLF14,avg_log2FC,-1.60612220130407,0.108327382094263,Oligo_Hippo
ulm,KLF7,avg_log2FC,0.635594912630975,0.52507748400473,Oligo_Hippo
ulm,KMT2D,avg_log2FC,0.694103428400525,0.48765836410527,Oligo_Hippo
ulm,LCORL,avg_log2FC,-1.03726902391174,0.299674297302154,Oligo_Hippo
ulm,LHX2,avg_log2FC,-0.910370751479743,0.362682833933256,Oligo_Hippo
ulm,LHX9,avg_log2FC,0.35465172173976,0.722869547302475,Oligo_Hippo
ulm,LMNB2,avg_log2FC,-0.0182083867016273,0.985473536199832,Oligo_Hippo
ulm,LMTK3,avg_log2FC,-1.50965364727748,0.13121219418532,Oligo_Hippo
ulm,LMX1B,avg_log2FC,0.234272192083697,0.814785873061686,Oligo_Hippo
ulm,MAFG,avg_log2FC,-2.12468005303816,0.0336755472658827,Oligo_Hippo
ulm,MAML1,avg_log2FC,0.361916165284122,0.717434132370375,Oligo_Hippo
ulm,MAPK3,avg_log2FC,0.343033113678068,0.731591891336574,Oligo_Hippo
ulm,MCM2,avg_log2FC,0.547316866280435,0.584192128666857,Oligo_Hippo
ulm,MCM3,avg_log2FC,-0.961946872319131,0.336135458032039,Oligo_Hippo
ulm,MCRS1,avg_log2FC,0.534180942822964,0.593246559624668,Oligo_Hippo
ulm,MDM2,avg_log2FC,0.532568937109342,0.594362110912173,Oligo_Hippo
ulm,MED16,avg_log2FC,-0.0122191086637386,0.990251424516321,Oligo_Hippo
ulm,MED25,avg_log2FC,0.875795808909103,0.381194559515762,Oligo_Hippo
ulm,MEF2C,avg_log2FC,-0.634744344893523,0.525632106611483,Oligo_Hippo
ulm,MEF2D,avg_log2FC,0.135228743991618,0.892437944993831,Oligo_Hippo
ulm,METHYLCYTOSINE_DIOXYGENASE_TET_UNIPROT_A0A023HHK9_UNREVIEWED,avg_log2FC,-0.507835499159445,0.611597204252111,Oligo_Hippo
ulm,METTL14,avg_log2FC,0.318875009611127,0.749838237062087,Oligo_Hippo
ulm,MIER1,avg_log2FC,-2.72846324682757,0.00639131601704587,Oligo_Hippo
ulm,MSX1,avg_log2FC,-0.033920026650218,0.972942645560716,Oligo_Hippo
ulm,MTHFD1,avg_log2FC,0.307740028160241,0.758296462158478,Oligo_Hippo
ulm,MXD1,avg_log2FC,1.39703362633757,0.162482313302469,Oligo_Hippo
ulm,MYBL1,avg_log2FC,-0.567049215627732,0.570713121840844,Oligo_Hippo
ulm,MYOCD,avg_log2FC,-0.717402590180249,0.47316834811518,Oligo_Hippo
ulm,MZF1,avg_log2FC,2.35259110623442,0.0186921555207541,Oligo_Hippo
ulm,NAB2,avg_log2FC,0.835134007630514,0.403693013307383,Oligo_Hippo
ulm,NCOA2,avg_log2FC,0.0322929814738707,0.974240045707539,Oligo_Hippo
ulm,NCOA4,avg_log2FC,-0.535672238167976,0.592215398297544,Oligo_Hippo
ulm,NCOA6,avg_log2FC,-0.618424431035195,0.536331427302044,Oligo_Hippo
ulm,NEUROG3,avg_log2FC,-0.0533675537888175,0.957441768480027,Oligo_Hippo
ulm,NFE2L1,avg_log2FC,0.810222459069395,0.41786137612819,Oligo_Hippo
ulm,NFKBIA,avg_log2FC,-1.27548284617168,0.202213760654234,Oligo_Hippo
ulm,NFXL1,avg_log2FC,-1.29257494541542,0.196234078964491,Oligo_Hippo
ulm,NKX2_2,avg_log2FC,0.484887316716559,0.627783297818375,Oligo_Hippo
ulm,NKX2_3,avg_log2FC,1.4803354332852,0.138863889769676,Oligo_Hippo
ulm,NKX2_5,avg_log2FC,-0.123438283951994,0.901766353275416,Oligo_Hippo
ulm,NKX2_8,avg_log2FC,0.956633784686067,0.338810957136755,Oligo_Hippo
ulm,NME2,avg_log2FC,-0.209513523193873,0.834058236417448,Oligo_Hippo
ulm,NOTCH3,avg_log2FC,1.03880132548309,0.298961034802088,Oligo_Hippo
ulm,NPAT,avg_log2FC,0.369065309923752,0.712098921935557,Oligo_Hippo
ulm,NPM1,avg_log2FC,-0.387515585304729,0.69839552901472,Oligo_Hippo
ulm,NR0B1,avg_log2FC,-0.403624939625004,0.686510497125165,Oligo_Hippo
ulm,NR1D1,avg_log2FC,-1.3132388508787,0.189179124720405,Oligo_Hippo
ulm,NR1H4,avg_log2FC,1.19581808772996,0.231839682977156,Oligo_Hippo
ulm,NR1I2,avg_log2FC,0.0755386520592208,0.939789989306286,Oligo_Hippo
ulm,NUFIP1,avg_log2FC,0.670895376201597,0.502326598051051,Oligo_Hippo
ulm,OVOL3,avg_log2FC,0.451949258230469,0.651330472794301,Oligo_Hippo
ulm,PAF1,avg_log2FC,-1.17633520874669,0.239532181156025,Oligo_Hippo
ulm,PAX3,avg_log2FC,0.135717410191273,0.892051632779339,Oligo_Hippo
ulm,PAX6,avg_log2FC,-0.6744718041901,0.50005106768137,Oligo_Hippo
ulm,PAX7,avg_log2FC,0.386257997751815,0.699326508470564,Oligo_Hippo
ulm,PAX8,avg_log2FC,-0.47715759892632,0.633276427502295,Oligo_Hippo
ulm,PBXIP1,avg_log2FC,0.585384475012796,0.558322826927715,Oligo_Hippo
ulm,PCGF1,avg_log2FC,-0.488269158380531,0.625386438220873,Oligo_Hippo
ulm,PCGF6,avg_log2FC,-0.493566526638201,0.621639919073073,Oligo_Hippo
ulm,PER1,avg_log2FC,0.232617116239965,0.816070844937006,Oligo_Hippo
ulm,PGM3,avg_log2FC,-0.579138464554611,0.562528931285431,Oligo_Hippo
ulm,PHB2,avg_log2FC,-0.52341265773795,0.600716620861637,Oligo_Hippo
ulm,PHF21A,avg_log2FC,0.163176641810398,0.870387744701098,Oligo_Hippo
ulm,PIAS4,avg_log2FC,0.812526005016773,0.416539073825804,Oligo_Hippo
ulm,PITX1,avg_log2FC,0.5862945614197,0.557711247740517,Oligo_Hippo
ulm,POU2AF1,avg_log2FC,-0.728042082573167,0.466631188882534,Oligo_Hippo
ulm,PPARA,avg_log2FC,-1.27942091080268,0.200824384283686,Oligo_Hippo
ulm,PPARGC1A,avg_log2FC,2.72683007084143,0.00642297335530993,Oligo_Hippo
ulm,PRDM12,avg_log2FC,-1.28151664648525,0.200087841467801,Oligo_Hippo
ulm,PRDM4,avg_log2FC,0.808499188660156,0.418852198894317,Oligo_Hippo
ulm,PRDM5,avg_log2FC,1.48261042127479,0.138258106978268,Oligo_Hippo
ulm,PRKDC,avg_log2FC,0.956528408330728,0.338864159163837,Oligo_Hippo
ulm,PRMT5,avg_log2FC,-2.20553175086061,0.0274744718611447,Oligo_Hippo
ulm,PSIP1,avg_log2FC,-0.775833242524527,0.437894125484086,Oligo_Hippo
ulm,PSMB5,avg_log2FC,2.99255394771414,0.00278373871445536,Oligo_Hippo
ulm,PTPRA,avg_log2FC,0.862128125459267,0.388669604170285,Oligo_Hippo
ulm,PTTG1,avg_log2FC,0.18911498769929,0.850012457966758,Oligo_Hippo
ulm,RAG1,avg_log2FC,0.0709514112074559,0.943440035421588,Oligo_Hippo
ulm,RAX2,avg_log2FC,-0.21060303092262,0.83320796252599,Oligo_Hippo
ulm,RBL1,avg_log2FC,-0.0222348785532567,0.982261723909561,Oligo_Hippo
ulm,RBM15,avg_log2FC,1.52245861497726,0.127974641831038,Oligo_Hippo
ulm,RBM17,avg_log2FC,-0.698895450542425,0.484658717239144,Oligo_Hippo
ulm,RBM34,avg_log2FC,-0.829933323336946,0.406626879759542,Oligo_Hippo
ulm,RFX7,avg_log2FC,0.53001000394082,0.596134928626181,Oligo_Hippo
ulm,RLF,avg_log2FC,-1.04362770845803,0.296721841929325,Oligo_Hippo
ulm,RORA,avg_log2FC,-0.466013497216322,0.641231659175121,Oligo_Hippo
ulm,RPA1,avg_log2FC,0.386026653053476,0.699497819938301,Oligo_Hippo
ulm,RUVBL1,avg_log2FC,-0.0414092381650389,0.966971751090369,Oligo_Hippo
ulm,RUVBL2,avg_log2FC,0.536429572851651,0.591692051820968,Oligo_Hippo
ulm,RYBP,avg_log2FC,-0.245316833645155,0.806223924199561,Oligo_Hippo
ulm,SAFB2,avg_log2FC,-1.91250073331066,0.0558845970786328,Oligo_Hippo
ulm,SALL4,avg_log2FC,0.479794511036479,0.631400209685329,Oligo_Hippo
ulm,SETBP1,avg_log2FC,0.721877906928826,0.470412481583536,Oligo_Hippo
ulm,SETD1A,avg_log2FC,-0.16793027464383,0.866646771263385,Oligo_Hippo
ulm,SETD7,avg_log2FC,2.06253750311262,0.0392221429287191,Oligo_Hippo
ulm,SFMBT1,avg_log2FC,0.404123440317226,0.686143932885667,Oligo_Hippo
ulm,SIPA1,avg_log2FC,0.209851580094372,0.833794389146616,Oligo_Hippo
ulm,SIRT3,avg_log2FC,0.153151701285464,0.878286505707259,Oligo_Hippo
ulm,SIX1,avg_log2FC,-0.95138284693491,0.341468554894244,Oligo_Hippo
ulm,SIX4,avg_log2FC,0.587335209482824,0.557012330844946,Oligo_Hippo
ulm,SKIL,avg_log2FC,0.0563485809809188,0.955066981997064,Oligo_Hippo
ulm,SKP2,avg_log2FC,-0.474713106511231,0.635017845252483,Oligo_Hippo
ulm,SMARCA1,avg_log2FC,-0.17286460310028,0.862766754912046,Oligo_Hippo
ulm,SMCHD1,avg_log2FC,0.103871757273026,0.917276419083211,Oligo_Hippo
ulm,SMN1_SMN2,avg_log2FC,-0.57953462892221,0.562261697654277,Oligo_Hippo
ulm,SNAI1,avg_log2FC,0.733480279772521,0.46330929074095,Oligo_Hippo
ulm,SNAPC4,avg_log2FC,0.191324182467511,0.848281497078919,Oligo_Hippo
ulm,SNIP1,avg_log2FC,-0.0067754968879992,0.99459432081073,Oligo_Hippo
ulm,SNRNP70,avg_log2FC,0.971849289876042,0.331185325058624,Oligo_Hippo
ulm,SOX10,avg_log2FC,-2.05047202725906,0.0403845650718337,Oligo_Hippo
ulm,SOX11,avg_log2FC,0.949646719799915,0.342350169485575,Oligo_Hippo
ulm,SOX3,avg_log2FC,0.168750741583437,0.866001387047469,Oligo_Hippo
ulm,SQSTM1,avg_log2FC,0.134095015117325,0.893334305935898,Oligo_Hippo
ulm,SRPK1,avg_log2FC,-0.646739216250836,0.517838496539689,Oligo_Hippo
ulm,SRPK2,avg_log2FC,1.61945251852423,0.105430150522598,Oligo_Hippo
ulm,SRSF9,avg_log2FC,0.261440901248402,0.793766215298408,Oligo_Hippo
ulm,SS18_SSX1_FUSION_UNIPROT_Q8IZH1_UNREVIEWED,avg_log2FC,-0.414458142842608,0.678561229703245,Oligo_Hippo
ulm,SUMO1,avg_log2FC,-0.0890876139048714,0.929016819194356,Oligo_Hippo
ulm,SUPT16H,avg_log2FC,1.65489031698166,0.0980265776985027,Oligo_Hippo
ulm,SUPT20H,avg_log2FC,-0.0943430439356475,0.924841466525304,Oligo_Hippo
ulm,TAF9B,avg_log2FC,0.839344083601457,0.401327291908011,Oligo_Hippo
ulm,TAFAZZIN,avg_log2FC,0.833497227119582,0.404615001586838,Oligo_Hippo
ulm,TASOR,avg_log2FC,-0.930012613386451,0.352421660225771,Oligo_Hippo
ulm,TBPL1,avg_log2FC,0.219884571589902,0.825972469688306,Oligo_Hippo
ulm,TBX1,avg_log2FC,0.342634945811162,0.731891428076229,Oligo_Hippo
ulm,TBX3,avg_log2FC,0.385685184323825,0.699750706554548,Oligo_Hippo
ulm,TEAD2,avg_log2FC,1.25232175429125,0.21052714509797,Oligo_Hippo
ulm,TERF1,avg_log2FC,0.868550010771436,0.385146329274918,Oligo_Hippo
ulm,TERF2,avg_log2FC,-0.998911733217901,0.317898935402537,Oligo_Hippo
ulm,TERT,avg_log2FC,1.23149017722923,0.218213254467557,Oligo_Hippo
ulm,TET1,avg_log2FC,0.158912008684721,0.873746362688526,Oligo_Hippo
ulm,TFCP2,avg_log2FC,-0.0438020280326786,0.965064435210391,Oligo_Hippo
ulm,TFEB,avg_log2FC,0.749663247701072,0.453502408416806,Oligo_Hippo
ulm,THRA,avg_log2FC,-2.39896799943697,0.0164876478491496,Oligo_Hippo
ulm,THRAP3,avg_log2FC,0.771651415725994,0.440367296144833,Oligo_Hippo
ulm,TOP2B,avg_log2FC,0.826616459051745,0.408504655160823,Oligo_Hippo
ulm,TOX4,avg_log2FC,0.151702386982863,0.879429459081846,Oligo_Hippo
ulm,TRIP13,avg_log2FC,-0.230999705985944,0.817327052093269,Oligo_Hippo
ulm,TSHZ1,avg_log2FC,-2.16891854591248,0.0301486291315344,Oligo_Hippo
ulm,UBE2I,avg_log2FC,-0.979384934372646,0.327450087272721,Oligo_Hippo
ulm,UBN1,avg_log2FC,2.1711936584745,0.029976168411287,Oligo_Hippo
ulm,WDHD1,avg_log2FC,-1.01681825551824,0.309302472832398,Oligo_Hippo
ulm,WIZ,avg_log2FC,-0.168239702121266,0.86640336328353,Oligo_Hippo
ulm,WRNIP1,avg_log2FC,-0.598228443712499,0.549721979501445,Oligo_Hippo
ulm,XPO1,avg_log2FC,0.784552069424448,0.432763516487283,Oligo_Hippo
ulm,YBX1,avg_log2FC,-0.0205209268265124,0.983628859878685,Oligo_Hippo
ulm,YBX3,avg_log2FC,-0.547360560257493,0.584162118593956,Oligo_Hippo
ulm,ZA_UNIPROT_Q9UM89_UNREVIEWED_GENES,avg_log2FC,-0.928463463990287,0.353224216716819,Oligo_Hippo
ulm,ZBED4,avg_log2FC,0.275714695196706,0.782781700051925,Oligo_Hippo
ulm,ZBED5,avg_log2FC,-0.958332378962863,0.33795411709245,Oligo_Hippo
ulm,ZBTB1,avg_log2FC,0.0730128399590466,0.941799614588099,Oligo_Hippo
ulm,ZBTB12,avg_log2FC,-0.565986432606105,0.571435310037081,Oligo_Hippo
ulm,ZBTB18,avg_log2FC,-1.06970774159081,0.284816558269238,Oligo_Hippo
ulm,ZBTB44,avg_log2FC,-1.37133287318934,0.170349485414308,Oligo_Hippo
ulm,ZBTB5,avg_log2FC,1.53019111184519,0.126049893573329,Oligo_Hippo
ulm,ZC3H11A,avg_log2FC,0.353149212986938,0.72399551571655,Oligo_Hippo
ulm,ZFHX3,avg_log2FC,0.81380991793871,0.41580314358735,Oligo_Hippo
ulm,ZFP28,avg_log2FC,0.0969374853370351,0.922780981677816,Oligo_Hippo
ulm,ZFP3,avg_log2FC,0.204529403353624,0.837950405504045,Oligo_Hippo
ulm,ZFP36L1,avg_log2FC,0.559257787758684,0.576017659347026,Oligo_Hippo
ulm,ZFP82,avg_log2FC,-0.0817989370327873,0.934810765783809,Oligo_Hippo
ulm,ZFP91,avg_log2FC,-1.977825732105,0.0480180990429811,Oligo_Hippo
ulm,ZIM3,avg_log2FC,-1.24692740750061,0.212498405047313,Oligo_Hippo
ulm,ZMYM2,avg_log2FC,1.01380476917832,0.3107383134278,Oligo_Hippo
ulm,ZMYND11,avg_log2FC,-0.104841547554873,0.916506890327222,Oligo_Hippo
ulm,ZNF10,avg_log2FC,-0.722433751009495,0.47007081706538,Oligo_Hippo
ulm,ZNF101,avg_log2FC,-0.863285535543593,0.388033161612343,Oligo_Hippo
ulm,ZNF133,avg_log2FC,-0.723154071193969,0.469628256978236,Oligo_Hippo
ulm,ZNF134,avg_log2FC,-0.378783853427521,0.704868834787917,Oligo_Hippo
ulm,ZNF140,avg_log2FC,-1.09259399188509,0.274639055460733,Oligo_Hippo
ulm,ZNF146,avg_log2FC,0.341452782793972,0.732780995310589,Oligo_Hippo
ulm,ZNF157,avg_log2FC,0.789921916071903,0.429621016976537,Oligo_Hippo
ulm,ZNF16,avg_log2FC,0.274850077198579,0.783445866863815,Oligo_Hippo
ulm,ZNF165,avg_log2FC,0.168829660764864,0.865939313451004,Oligo_Hippo
ulm,ZNF169,avg_log2FC,1.62444825569358,0.104360346325125,Oligo_Hippo
ulm,ZNF175,avg_log2FC,0.634960861888031,0.525490895750022,Oligo_Hippo
ulm,ZNF184,avg_log2FC,-1.98239312484034,0.0475047750140853,Oligo_Hippo
ulm,ZNF19,avg_log2FC,0.642831066891212,0.520371213959896,Oligo_Hippo
ulm,ZNF197,avg_log2FC,-1.57708368484413,0.114856735194188,Oligo_Hippo
ulm,ZNF2,avg_log2FC,-0.850509685074039,0.395093578460742,Oligo_Hippo
ulm,ZNF202,avg_log2FC,0.732093483338287,0.464155154571186,Oligo_Hippo
ulm,ZNF213,avg_log2FC,0.0234398698376949,0.981300591902562,Oligo_Hippo
ulm,ZNF22,avg_log2FC,-1.99245524094626,0.0463901735377662,Oligo_Hippo
ulm,ZNF223,avg_log2FC,-0.84606332421917,0.397568917090532,Oligo_Hippo
ulm,ZNF224,avg_log2FC,-2.11704248032823,0.0343188891949355,Oligo_Hippo
ulm,ZNF236,avg_log2FC,1.53517601296401,0.124821075649023,Oligo_Hippo
ulm,ZNF239,avg_log2FC,-1.70416254221245,0.0884297529276399,Oligo_Hippo
ulm,ZNF250,avg_log2FC,0.0358376609976705,0.971413622832824,Oligo_Hippo
ulm,ZNF257,avg_log2FC,0.154229683568653,0.877436555357221,Oligo_Hippo
ulm,ZNF26,avg_log2FC,2.29081280934916,0.0220269291417826,Oligo_Hippo
ulm,ZNF260,avg_log2FC,-0.229011501585316,0.818871889976194,Oligo_Hippo
ulm,ZNF274,avg_log2FC,-0.982516032324628,0.325906153843304,Oligo_Hippo
ulm,ZNF282,avg_log2FC,-0.587885943050184,0.556642621641098,Oligo_Hippo
ulm,ZNF30,avg_log2FC,-0.661018101338754,0.508639442447365,Oligo_Hippo
ulm,ZNF318,avg_log2FC,-1.00218829480297,0.316314345132043,Oligo_Hippo
ulm,ZNF320,avg_log2FC,-0.0901867749798776,0.928143388243265,Oligo_Hippo
ulm,ZNF322,avg_log2FC,-2.59914737890313,0.00938049458415213,Oligo_Hippo
ulm,ZNF329,avg_log2FC,-1.42966986441691,0.152891260259456,Oligo_Hippo
ulm,ZNF331,avg_log2FC,-0.423178932058524,0.672187866281221,Oligo_Hippo
ulm,ZNF33A,avg_log2FC,-1.40176637309576,0.161063974542497,Oligo_Hippo
ulm,ZNF34,avg_log2FC,-0.335615206288669,0.737178965647291,Oligo_Hippo
ulm,ZNF350,avg_log2FC,0.0980413264815144,0.921904476133061,Oligo_Hippo
ulm,ZNF354A,avg_log2FC,-1.03681262518684,0.299886963078783,Oligo_Hippo
ulm,ZNF354B,avg_log2FC,0.25882324871461,0.795785170310393,Oligo_Hippo
ulm,ZNF362,avg_log2FC,-0.118945488711742,0.90532462048081,Oligo_Hippo
ulm,ZNF37A,avg_log2FC,1.3249963124498,0.185249385717451,Oligo_Hippo
ulm,ZNF391,avg_log2FC,-1.59238701462387,0.111378173936115,Oligo_Hippo
ulm,ZNF394,avg_log2FC,0.466321107339071,0.641011511718444,Oligo_Hippo
ulm,ZNF407,avg_log2FC,-1.26195103023298,0.207041276685115,Oligo_Hippo
ulm,ZNF41,avg_log2FC,0.509400515186852,0.610500108729271,Oligo_Hippo
ulm,ZNF410,avg_log2FC,-1.09779640518686,0.27236063922898,Oligo_Hippo
ulm,ZNF418,avg_log2FC,-0.825546515146652,0.409111482345235,Oligo_Hippo
ulm,ZNF423,avg_log2FC,-1.18595619202866,0.235711278094238,Oligo_Hippo
ulm,ZNF426,avg_log2FC,-1.37088121400041,0.1704902503413,Oligo_Hippo
ulm,ZNF433,avg_log2FC,-0.591973176095154,0.553902594526053,Oligo_Hippo
ulm,ZNF436,avg_log2FC,-1.7863686790527,0.0741166283768295,Oligo_Hippo
ulm,ZNF486,avg_log2FC,0.947814230004663,0.343282295661488,Oligo_Hippo
ulm,ZNF488,avg_log2FC,-0.432233300521127,0.665595566927341,Oligo_Hippo
ulm,ZNF490,avg_log2FC,-0.127457465865316,0.898584855148788,Oligo_Hippo
ulm,ZNF502,avg_log2FC,0.0733045731773507,0.941567482160284,Oligo_Hippo
ulm,ZNF507,avg_log2FC,0.150081817620569,0.880707764632949,Oligo_Hippo
ulm,ZNF510,avg_log2FC,-0.367638817038026,0.713162358996767,Oligo_Hippo
ulm,ZNF512,avg_log2FC,-0.817044762193365,0.413952361385948,Oligo_Hippo
ulm,ZNF512B,avg_log2FC,0.10499665465992,0.916383820053096,Oligo_Hippo
ulm,ZNF513,avg_log2FC,-0.349257201913505,0.726914932717538,Oligo_Hippo
ulm,ZNF524,avg_log2FC,-0.487626140000991,0.625841869671525,Oligo_Hippo
ulm,ZNF528,avg_log2FC,0.813282427862495,0.416105404347675,Oligo_Hippo
ulm,ZNF529,avg_log2FC,-0.515971272983112,0.605903492450662,Oligo_Hippo
ulm,ZNF530,avg_log2FC,-0.738066261191646,0.4605182420163,Oligo_Hippo
ulm,ZNF532,avg_log2FC,-0.629007782076294,0.529380510506577,Oligo_Hippo
ulm,ZNF547,avg_log2FC,1.04137997083596,0.297763276374918,Oligo_Hippo
ulm,ZNF548,avg_log2FC,1.11422369827472,0.265251350569487,Oligo_Hippo
ulm,ZNF549,avg_log2FC,-1.62492706797448,0.104258266411235,Oligo_Hippo
ulm,ZNF555,avg_log2FC,-0.925106309012127,0.354967397407474,Oligo_Hippo
ulm,ZNF558,avg_log2FC,-0.851278625989636,0.394666447785888,Oligo_Hippo
ulm,ZNF560,avg_log2FC,-0.739234344704245,0.459808847304347,Oligo_Hippo
ulm,ZNF561,avg_log2FC,-1.03408052486981,0.301162130738339,Oligo_Hippo
ulm,ZNF563,avg_log2FC,0.91002130904588,0.362867065551392,Oligo_Hippo
ulm,ZNF577,avg_log2FC,0.615237477132098,0.538433514931213,Oligo_Hippo
ulm,ZNF579,avg_log2FC,-1.01558630242668,0.309888932595743,Oligo_Hippo
ulm,ZNF581,avg_log2FC,1.39693477289645,0.162512038496031,Oligo_Hippo
ulm,ZNF582,avg_log2FC,1.65008439392704,0.0990055669781355,Oligo_Hippo
ulm,ZNF584,avg_log2FC,-0.371567400522433,0.710234990188456,Oligo_Hippo
ulm,ZNF585B,avg_log2FC,-0.150705826650634,0.880215509138813,Oligo_Hippo
ulm,ZNF586,avg_log2FC,-0.459975927040817,0.645558938896372,Oligo_Hippo
ulm,ZNF589,avg_log2FC,-1.10721674312578,0.26826797646705,Oligo_Hippo
ulm,ZNF592,avg_log2FC,-1.79342020255228,0.0729825987648159,Oligo_Hippo
ulm,ZNF595,avg_log2FC,0.0870686547787235,0.930621375245189,Oligo_Hippo
ulm,ZNF596,avg_log2FC,-1.89512338596652,0.0581493586864428,Oligo_Hippo
ulm,ZNF597,avg_log2FC,-0.461755015837572,0.644282564405057,Oligo_Hippo
ulm,ZNF610,avg_log2FC,-2.63289413546292,0.00849920679191153,Oligo_Hippo
ulm,ZNF618,avg_log2FC,0.565046283390298,0.572074527734335,Oligo_Hippo
ulm,ZNF622,avg_log2FC,-0.219457898092415,0.826304767106407,Oligo_Hippo
ulm,ZNF623,avg_log2FC,-0.331547860557838,0.740248369579841,Oligo_Hippo
ulm,ZNF660,avg_log2FC,-0.336246406834114,0.736703007286936,Oligo_Hippo
ulm,ZNF664,avg_log2FC,0.542497528428953,0.587506562526568,Oligo_Hippo
ulm,ZNF667,avg_log2FC,-0.862335587521953,0.388555477126314,Oligo_Hippo
ulm,ZNF669,avg_log2FC,-0.921976394645941,0.356597469275982,Oligo_Hippo
ulm,ZNF677,avg_log2FC,-0.0929147738629033,0.925976003529859,Oligo_Hippo
ulm,ZNF680,avg_log2FC,-0.204924439437744,0.83764177018536,Oligo_Hippo
ulm,ZNF697,avg_log2FC,-0.93335409458482,0.350694497965118,Oligo_Hippo
ulm,ZNF7,avg_log2FC,-0.536216174441633,0.591839496566829,Oligo_Hippo
ulm,ZNF704,avg_log2FC,-1.24629266296129,0.212731234287557,Oligo_Hippo
ulm,ZNF707,avg_log2FC,0.592680821992443,0.553428869790053,Oligo_Hippo
ulm,ZNF708,avg_log2FC,1.14432404409976,0.252558947778139,Oligo_Hippo
ulm,ZNF711,avg_log2FC,-0.675042324386425,0.499688576430164,Oligo_Hippo
ulm,ZNF740,avg_log2FC,-1.78522090224622,0.0743025707430074,Oligo_Hippo
ulm,ZNF746,avg_log2FC,0.546236778286906,0.584934187122106,Oligo_Hippo
ulm,ZNF766,avg_log2FC,-2.272685911185,0.023098869012332,Oligo_Hippo
ulm,ZNF768,avg_log2FC,0.137327509419335,0.890778960032535,Oligo_Hippo
ulm,ZNF774,avg_log2FC,-0.694402575125872,0.487470815305431,Oligo_Hippo
ulm,ZNF776,avg_log2FC,0.024797478168377,0.980217761218995,Oligo_Hippo
ulm,ZNF777,avg_log2FC,-0.131232985638385,0.895597718387366,Oligo_Hippo
ulm,ZNF781,avg_log2FC,-1.44388491453153,0.148851040567668,Oligo_Hippo
ulm,ZNF784,avg_log2FC,1.83683526455503,0.0663096739208087,Oligo_Hippo
ulm,ZNF785,avg_log2FC,1.01849572485495,0.308505109652834,Oligo_Hippo
ulm,ZNF791,avg_log2FC,0.741940770009433,0.458167548293208,Oligo_Hippo
ulm,ZNF8,avg_log2FC,-0.710192086954714,0.477627154567096,Oligo_Hippo
ulm,ZNF816,avg_log2FC,-0.798110181218416,0.424854764188383,Oligo_Hippo
ulm,ZNF830,avg_log2FC,0.361931548655172,0.717422637255339,Oligo_Hippo
ulm,ZNF843,avg_log2FC,-0.510217507775302,0.609927734126312,Oligo_Hippo
ulm,ZNF85,avg_log2FC,-2.17818074980406,0.0294518180277355,Oligo_Hippo
ulm,ZNF92,avg_log2FC,-1.3788556830857,0.16801770616428,Oligo_Hippo
ulm,ZSCAN18,avg_log2FC,1.82758164319415,0.0676881298787109,Oligo_Hippo
ulm,ZSCAN2,avg_log2FC,-0.82770271888492,0.407889123107723,Oligo_Hippo
ulm,ZSCAN21,avg_log2FC,0.682841535294248,0.494747219084625,Oligo_Hippo
ulm,ZSCAN23,avg_log2FC,0.0833573849535425,0.933571616711004,Oligo_Hippo
ulm,ZSCAN30,avg_log2FC,-1.5970150040923,0.110342739518942,Oligo_Hippo
ulm,ZSCAN31,avg_log2FC,-1.05836846344456,0.289952521356682,Oligo_Hippo
ulm,ZSCAN4,avg_log2FC,-0.778268180133585,0.436457770603588,Oligo_Hippo
ulm,ZSCAN5B,avg_log2FC,0.896662644200572,0.369953867041745,Oligo_Hippo
ulm,ZSCAN5C,avg_log2FC,-0.918013537344402,0.358668099042133,Oligo_Hippo
ulm,ZSCAN5DP,avg_log2FC,-0.158216283737539,0.874294499531938,Oligo_Hippo
ulm,ZZZ3,avg_log2FC,0.266750201358578,0.789675490420658,Oligo_Hippo
ulm,ADA2,avg_log2FC,0.240505504960189,0.80995089627988,OPC_Frontal
ulm,ADNP,avg_log2FC,1.21505180593658,0.224419066751478,OPC_Frontal
ulm,AEBP2,avg_log2FC,-0.314753892409697,0.752965172005361,OPC_Frontal
ulm,AHRR,avg_log2FC,-0.662602168376876,0.50762409904719,OPC_Frontal
ulm,ALKBH3,avg_log2FC,1.42891560808485,0.153107683239928,OPC_Frontal
ulm,ALX4,avg_log2FC,0.488317861235013,0.62535185943704,OPC_Frontal
ulm,ARHGAP35,avg_log2FC,0.123494210740251,0.901722051069022,OPC_Frontal
ulm,ARID3B,avg_log2FC,-0.408250573566273,0.683111884365592,OPC_Frontal
ulm,ARID5B,avg_log2FC,-0.677997883982424,0.497812808077619,OPC_Frontal
ulm,ARNT2,avg_log2FC,0.690510530319285,0.48991382313104,OPC_Frontal
ulm,ASH1L,avg_log2FC,-0.141869437333305,0.887190381630349,OPC_Frontal
ulm,ASXL2,avg_log2FC,1.2165484923717,0.223848847858445,OPC_Frontal
ulm,ATF5,avg_log2FC,1.53477224921193,0.124919992298746,OPC_Frontal
ulm,ATF6,avg_log2FC,-0.0241732276892844,0.98071565599719,OPC_Frontal
ulm,ATOH8,avg_log2FC,-2.84674724578241,0.00443966171954509,OPC_Frontal
ulm,ATXN7L3,avg_log2FC,0.840385800593645,0.400743050439996,OPC_Frontal
ulm,AUTS2,avg_log2FC,-0.314138954588335,0.753432119216542,OPC_Frontal
ulm,BAHD1,avg_log2FC,0.010044521140194,0.991986274444039,OPC_Frontal
ulm,BANP,avg_log2FC,1.47615335833544,0.139982559157748,OPC_Frontal
ulm,BARHL1,avg_log2FC,0.060959774815852,0.951394333199139,OPC_Frontal
ulm,BARX1,avg_log2FC,0.0985288525400721,0.92151736943704,OPC_Frontal
ulm,BARX2,avg_log2FC,0.502153595530909,0.615587514932621,OPC_Frontal
ulm,BCL6B,avg_log2FC,-0.77156073121294,0.44042086356377,OPC_Frontal
ulm,BDP1,avg_log2FC,-2.65576379902432,0.00794473754514572,OPC_Frontal
ulm,BPTF,avg_log2FC,-1.62925548120801,0.103338807080212,OPC_Frontal
ulm,BRCA2,avg_log2FC,-0.846948714954028,0.397075095859433,OPC_Frontal
ulm,BRF1,avg_log2FC,-1.39218588087361,0.163944608454859,OPC_Frontal
ulm,CASP8AP2,avg_log2FC,-0.257321147265414,0.796944292448438,OPC_Frontal
ulm,CAVIN1,avg_log2FC,-1.03393130999106,0.301231668852789,OPC_Frontal
ulm,CBX5,avg_log2FC,0.616667785547583,0.537489466814381,OPC_Frontal
ulm,CBX7,avg_log2FC,-1.51603155908664,0.129591512080691,OPC_Frontal
ulm,CC2D1A,avg_log2FC,-0.340634949770937,0.733396557733986,OPC_Frontal
ulm,CDC5L,avg_log2FC,0.392487161505048,0.694719504845613,OPC_Frontal
ulm,CDC73,avg_log2FC,0.279607881175568,0.779793021877866,OPC_Frontal
ulm,CDH4,avg_log2FC,0.752541443788106,0.451770427983764,OPC_Frontal
ulm,CDX1,avg_log2FC,0.495112971355158,0.620547959457695,OPC_Frontal
ulm,CEBPE,avg_log2FC,-0.0820100702256565,0.934642867024889,OPC_Frontal
ulm,CEBPZ,avg_log2FC,0.0487906417912925,0.961088610543975,OPC_Frontal
ulm,CENPT,avg_log2FC,-0.538003370881644,0.590605078587674,OPC_Frontal
ulm,CHAF1A,avg_log2FC,0.249966988941913,0.802625896022485,OPC_Frontal
ulm,CHAF1B,avg_log2FC,0.280685685389805,0.778966211266726,OPC_Frontal
ulm,CHAMP1,avg_log2FC,-0.205328164010316,0.837326337470047,OPC_Frontal
ulm,CIC,avg_log2FC,1.98061534663482,0.0477037967506681,OPC_Frontal
ulm,CIITA,avg_log2FC,-1.95466945931194,0.0506926490163123,OPC_Frontal
ulm,COBLL1,avg_log2FC,-0.329203506222899,0.742019353115519,OPC_Frontal
ulm,CREB3,avg_log2FC,1.44345655406273,0.148971323600342,OPC_Frontal
ulm,CREB3L2,avg_log2FC,1.65865707738042,0.0972644286392006,OPC_Frontal
ulm,CREB3L4,avg_log2FC,0.0155411934123516,0.987601206943196,OPC_Frontal
ulm,CSHL1,avg_log2FC,0.174590127814312,0.861410667582621,OPC_Frontal
ulm,CTR9,avg_log2FC,0.39458982225079,0.693166961765607,OPC_Frontal
ulm,CUX1,avg_log2FC,-1.30169686151753,0.193096056959608,OPC_Frontal
ulm,DACH1,avg_log2FC,-0.34172325805671,0.732577373125118,OPC_Frontal
ulm,DBP,avg_log2FC,2.0770259971438,0.0378637405403257,OPC_Frontal
ulm,DICER1,avg_log2FC,1.12281829228891,0.261583020093323,OPC_Frontal
ulm,DIDO1,avg_log2FC,0.912629730629089,0.361493093738362,OPC_Frontal
ulm,DLX2,avg_log2FC,1.49809055548801,0.134189751967386,OPC_Frontal
ulm,DLX4,avg_log2FC,1.70608352749239,0.0880712593458875,OPC_Frontal
ulm,DLX6,avg_log2FC,-0.00047811124142407,0.999618546616772,OPC_Frontal
ulm,DMRT1,avg_log2FC,0.519877747613191,0.603177962510136,OPC_Frontal
ulm,DNMT1,avg_log2FC,-0.100868576881621,0.919659914972356,OPC_Frontal
ulm,DNMT3A,avg_log2FC,-1.74345945337546,0.0813313108787332,OPC_Frontal
ulm,DROSHA,avg_log2FC,-0.767928563098545,0.442575600216944,OPC_Frontal
ulm,DYRK1A,avg_log2FC,0.676124768606484,0.499001076796464,OPC_Frontal
ulm,E2F2,avg_log2FC,0.724073413101802,0.469063612047171,OPC_Frontal
ulm,E2F5,avg_log2FC,0.248222137371416,0.803975461888954,OPC_Frontal
ulm,EBNA1BP2,avg_log2FC,0.302798392585123,0.762059477214469,OPC_Frontal
ulm,EGFR,avg_log2FC,-0.0291864396673604,0.976717372915794,OPC_Frontal
ulm,ELF2,avg_log2FC,0.118147214897538,0.905957029795458,OPC_Frontal
ulm,ELF5,avg_log2FC,0.526204183266819,0.598775935251292,OPC_Frontal
ulm,EMX1,avg_log2FC,1.08299387033467,0.278877348440295,OPC_Frontal
ulm,EPC1,avg_log2FC,0.985270386978612,0.324551712160348,OPC_Frontal
ulm,EWSR1,avg_log2FC,-0.832984814040114,0.404903732651128,OPC_Frontal
ulm,F10,avg_log2FC,0.00213910348710529,0.998293351839086,OPC_Frontal
ulm,FEV,avg_log2FC,1.00567346813277,0.31463436480318,OPC_Frontal
ulm,FOXC1,avg_log2FC,-1.92054029356577,0.0548617146005864,OPC_Frontal
ulm,FOXD2,avg_log2FC,0.867313386681507,0.385823088285696,OPC_Frontal
ulm,FOXD3,avg_log2FC,-0.266309695116615,0.790014628080648,OPC_Frontal
ulm,FOXE1,avg_log2FC,1.25596817507215,0.209201903772609,OPC_Frontal
ulm,FOXG1,avg_log2FC,1.03897417930974,0.298880434634172,OPC_Frontal
ulm,FOXJ2,avg_log2FC,2.0837872539781,0.0372437476950504,OPC_Frontal
ulm,FOXN3,avg_log2FC,-0.857788745724388,0.391061247385596,OPC_Frontal
ulm,FOXO4,avg_log2FC,0.381255653908849,0.703034092326275,OPC_Frontal
ulm,FOXQ1,avg_log2FC,0.408451043632462,0.682964739787179,OPC_Frontal
ulm,FOXR2,avg_log2FC,0.56681329494579,0.57087329174456,OPC_Frontal
ulm,FXR1,avg_log2FC,0.126633458515787,0.899236969170414,OPC_Frontal
ulm,GLI1,avg_log2FC,1.82178914524512,0.0685626924647167,OPC_Frontal
ulm,GLI3,avg_log2FC,1.18831126659982,0.23478234997223,OPC_Frontal
ulm,GLI4,avg_log2FC,0.616729780927561,0.537448571831544,OPC_Frontal
ulm,GREB1,avg_log2FC,-0.593694427610163,0.552750557671698,OPC_Frontal
ulm,GTF2A2,avg_log2FC,0.309473910597027,0.756977403514528,OPC_Frontal
ulm,GTF2E2,avg_log2FC,-0.0469883564281353,0.962524886523088,OPC_Frontal
ulm,GUCY1B1,avg_log2FC,-0.259190380073111,0.795501880012775,OPC_Frontal
ulm,H1_6,avg_log2FC,0.429008311298279,0.667940607552604,OPC_Frontal
ulm,HAND1,avg_log2FC,0.485121511833856,0.627617097323356,OPC_Frontal
ulm,HBZ,avg_log2FC,-0.897723410841698,0.369387822057818,OPC_Frontal
ulm,HDAC4,avg_log2FC,0.0657898841899512,0.947548444486012,OPC_Frontal
ulm,HDAC8,avg_log2FC,0.633616858452804,0.526367637478197,OPC_Frontal
ulm,HDGF,avg_log2FC,0.498889490079172,0.617885061820289,OPC_Frontal
ulm,HES2,avg_log2FC,0.513316658425343,0.607758585058944,OPC_Frontal
ulm,HES4,avg_log2FC,1.0836579072881,0.278582746791506,OPC_Frontal
ulm,HEY2,avg_log2FC,-0.328751781613972,0.742360765761553,OPC_Frontal
ulm,HHEX,avg_log2FC,0.475518550067315,0.634443749117687,OPC_Frontal
ulm,HJURP,avg_log2FC,-0.821590031057229,0.411359925891908,OPC_Frontal
ulm,HMG20B,avg_log2FC,1.46106125357418,0.144078292070256,OPC_Frontal
ulm,HMGA1,avg_log2FC,0.303124933686096,0.761810640455856,OPC_Frontal
ulm,HMGB2,avg_log2FC,-0.347301527806905,0.728383334186575,OPC_Frontal
ulm,HOXA1,avg_log2FC,1.10011090641365,0.271350943721895,OPC_Frontal
ulm,HOXA10,avg_log2FC,0.327814858112856,0.743069052471064,OPC_Frontal
ulm,HOXA13,avg_log2FC,-0.0814720793964784,0.935070662455708,OPC_Frontal
ulm,HOXA7,avg_log2FC,0.767929357029466,0.442575128569598,OPC_Frontal
ulm,HOXB4,avg_log2FC,-0.138173683144167,0.890110207165634,OPC_Frontal
ulm,HOXB6,avg_log2FC,-1.58950979172688,0.112025496063991,OPC_Frontal
ulm,HOXB7,avg_log2FC,-0.23724854889183,0.812476296962446,OPC_Frontal
ulm,HOXC11,avg_log2FC,1.05049566132241,0.293554646623031,OPC_Frontal
ulm,HOXC13,avg_log2FC,1.55755322796533,0.119419427486142,OPC_Frontal
ulm,HOXC6,avg_log2FC,0.167041214554288,0.867346183346028,OPC_Frontal
ulm,HOXD1,avg_log2FC,0.7653036611339,0.444136536698394,OPC_Frontal
ulm,HOXD11,avg_log2FC,0.18873127557358,0.850313148143555,OPC_Frontal
ulm,HSD17B8,avg_log2FC,0.17539540013823,0.860777958527386,OPC_Frontal
ulm,HSF2,avg_log2FC,0.247958076232808,0.804179752594366,OPC_Frontal
ulm,ID1,avg_log2FC,0.208389895568072,0.834935305946465,OPC_Frontal
ulm,ID2,avg_log2FC,-0.377532306764647,0.705798374441888,OPC_Frontal
ulm,IGLV5_37,avg_log2FC,-0.758989653342841,0.447904102722527,OPC_Frontal
ulm,INSM2,avg_log2FC,-0.571828658313562,0.567470647633756,OPC_Frontal
ulm,IRF5,avg_log2FC,0.684773279817305,0.493527237597477,OPC_Frontal
ulm,IRX2,avg_log2FC,1.26194704231201,0.207042464853923,OPC_Frontal
ulm,IRX3,avg_log2FC,-0.278723908916361,0.780471325235254,OPC_Frontal
ulm,KAT2A,avg_log2FC,0.244198395515662,0.807089871819802,OPC_Frontal
ulm,KAT5,avg_log2FC,1.29515397624323,0.195342924114699,OPC_Frontal
ulm,KDM1B,avg_log2FC,0.192436223425154,0.847410427969902,OPC_Frontal
ulm,KLF14,avg_log2FC,-0.795607785675794,0.426307919478599,OPC_Frontal
ulm,KLF7,avg_log2FC,0.901944241591493,0.367141564456011,OPC_Frontal
ulm,KMT2D,avg_log2FC,-0.456633775778384,0.647959443950013,OPC_Frontal
ulm,LCORL,avg_log2FC,0.483470973699376,0.628788203647343,OPC_Frontal
ulm,LHX2,avg_log2FC,0.128129701335474,0.898052864101296,OPC_Frontal
ulm,LHX9,avg_log2FC,0.406844862872275,0.684144010950459,OPC_Frontal
ulm,LMTK3,avg_log2FC,-1.1195761409122,0.262962603665296,OPC_Frontal
ulm,LMX1B,avg_log2FC,-0.269906199380214,0.787246538570974,OPC_Frontal
ulm,MAFG,avg_log2FC,0.856042215870708,0.392026432976397,OPC_Frontal
ulm,MAML1,avg_log2FC,1.22253988985299,0.221576580148516,OPC_Frontal
ulm,MAPK3,avg_log2FC,0.522484932288595,0.601362080561427,OPC_Frontal
ulm,MCM2,avg_log2FC,0.159217181676187,0.873505919935462,OPC_Frontal
ulm,MCM3,avg_log2FC,-1.27575554218205,0.202117077910413,OPC_Frontal
ulm,MCRS1,avg_log2FC,0.365368939929261,0.714855615855598,OPC_Frontal
ulm,MED16,avg_log2FC,-0.658040658938558,0.510550411110332,OPC_Frontal
ulm,MED25,avg_log2FC,-0.167689832498782,0.86683589293743,OPC_Frontal
ulm,MEF2C,avg_log2FC,-2.19842186403244,0.02797694409836,OPC_Frontal
ulm,MEF2D,avg_log2FC,0.910598766164747,0.362562468534374,OPC_Frontal
ulm,METHYLCYTOSINE_DIOXYGENASE_TET_UNIPROT_A0A023HHK9_UNREVIEWED,avg_log2FC,1.00442922716187,0.315233387051824,OPC_Frontal
ulm,METTL14,avg_log2FC,0.587980370730923,0.556579132731738,OPC_Frontal
ulm,MIER1,avg_log2FC,-1.34642036758715,0.178244358594683,OPC_Frontal
ulm,MSX1,avg_log2FC,-0.0899227395466631,0.928353176858222,OPC_Frontal
ulm,MTHFD1,avg_log2FC,-0.877909161584262,0.380046492874418,OPC_Frontal
ulm,MXD1,avg_log2FC,0.0935469918549851,0.925473770868763,OPC_Frontal
ulm,MYBL1,avg_log2FC,0.45901686537353,0.646247350145118,OPC_Frontal
ulm,MYOCD,avg_log2FC,-0.525762168018581,0.599083021995661,OPC_Frontal
ulm,MZF1,avg_log2FC,-0.478448200082252,0.632357754409955,OPC_Frontal
ulm,NAB2,avg_log2FC,-1.50579063152642,0.132201009858621,OPC_Frontal
ulm,NCOA2,avg_log2FC,0.793258358375534,0.427675030896768,OPC_Frontal
ulm,NCOA4,avg_log2FC,0.136153388752436,0.891706971118681,OPC_Frontal
ulm,NCOA6,avg_log2FC,0.220261768871223,0.825678693089207,OPC_Frontal
ulm,NEUROG3,avg_log2FC,0.0762239196800599,0.939244819009607,OPC_Frontal
ulm,NFE2L1,avg_log2FC,0.337102112518016,0.73605786229643,OPC_Frontal
ulm,NFKBIA,avg_log2FC,-0.579060071012849,0.562581709752513,OPC_Frontal
ulm,NFXL1,avg_log2FC,0.0546179446540249,0.956445608702706,OPC_Frontal
ulm,NKX2_2,avg_log2FC,1.21644911356811,0.223886677790714,OPC_Frontal
ulm,NKX2_3,avg_log2FC,-0.46717653858001,0.640399385650992,OPC_Frontal
ulm,NKX2_5,avg_log2FC,-1.23568522143286,0.216649187705476,OPC_Frontal
ulm,NKX2_8,avg_log2FC,-1.03637664860272,0.300089996750037,OPC_Frontal
ulm,NKX6_1,avg_log2FC,-0.244462277759402,0.806885530401192,OPC_Frontal
ulm,NME2,avg_log2FC,-1.47137818095106,0.141268651421352,OPC_Frontal
ulm,NOTCH3,avg_log2FC,1.55447698146065,0.120150918082346,OPC_Frontal
ulm,NPAT,avg_log2FC,0.7524129377221,0.451847671188769,OPC_Frontal
ulm,NPM1,avg_log2FC,0.308296813430863,0.75787277192354,OPC_Frontal
ulm,NR0B1,avg_log2FC,-0.266506376464061,0.789863181213295,OPC_Frontal
ulm,NR1D1,avg_log2FC,0.0599118337852074,0.952228890248042,OPC_Frontal
ulm,NR1H4,avg_log2FC,0.0481323299165183,0.961613217580035,OPC_Frontal
ulm,NR1I2,avg_log2FC,-0.27732400504257,0.78154586310055,OPC_Frontal
ulm,NR2E3,avg_log2FC,0.648200090265797,0.516893277603895,OPC_Frontal
ulm,NUFIP1,avg_log2FC,1.91283278837405,0.0558418076221503,OPC_Frontal
ulm,OVOL3,avg_log2FC,0.0592620153915151,0.952746417622793,OPC_Frontal
ulm,PAF1,avg_log2FC,-0.566151111882981,0.571323271277005,OPC_Frontal
ulm,PAX3,avg_log2FC,-0.0796034575035444,0.93655668383476,OPC_Frontal
ulm,PAX6,avg_log2FC,-1.15496333546619,0.248175410851768,OPC_Frontal
ulm,PAX7,avg_log2FC,-0.924203275691252,0.355437030138058,OPC_Frontal
ulm,PAX8,avg_log2FC,-0.00874286492584918,0.993024734107102,OPC_Frontal
ulm,PBXIP1,avg_log2FC,-1.43264845371476,0.152037580998769,OPC_Frontal
ulm,PCGF1,avg_log2FC,-1.56580678829235,0.11747408204963,OPC_Frontal
ulm,PCGF6,avg_log2FC,0.248878750054363,0.803467532056638,OPC_Frontal
ulm,PER1,avg_log2FC,0.00655967331924522,0.99476650722699,OPC_Frontal
ulm,PGM3,avg_log2FC,1.38521501028955,0.166065070560719,OPC_Frontal
ulm,PHB2,avg_log2FC,-0.76325331592319,0.445357988480559,OPC_Frontal
ulm,PHF21A,avg_log2FC,-2.30029949357417,0.0214832130510042,OPC_Frontal
ulm,PIAS4,avg_log2FC,1.08833143897007,0.276515315529585,OPC_Frontal
ulm,PITX1,avg_log2FC,0.47445842194796,0.63519930811184,OPC_Frontal
ulm,POU2AF1,avg_log2FC,-1.05454275433064,0.291699092825981,OPC_Frontal
ulm,PPARA,avg_log2FC,-1.09509317194827,0.27354268900901,OPC_Frontal
ulm,PPARGC1A,avg_log2FC,-0.491759667563507,0.622916618908657,OPC_Frontal
ulm,PRDM12,avg_log2FC,0.404852425582698,0.685607946011486,OPC_Frontal
ulm,PRDM4,avg_log2FC,-0.245581605408643,0.806018907943857,OPC_Frontal
ulm,PRDM5,avg_log2FC,-0.16213143106554,0.871210660558424,OPC_Frontal
ulm,PRKDC,avg_log2FC,-0.523520064427797,0.600641805005177,OPC_Frontal
ulm,PRMT5,avg_log2FC,-1.02403303440632,0.305882475803941,OPC_Frontal
ulm,PSIP1,avg_log2FC,-0.256411983783823,0.797646108860552,OPC_Frontal
ulm,PSMB5,avg_log2FC,-0.0109558010102061,0.991259264506555,OPC_Frontal
ulm,PTPRA,avg_log2FC,1.76759307318868,0.077206267284201,OPC_Frontal
ulm,PTTG1,avg_log2FC,2.22520065451089,0.0261241163566736,OPC_Frontal
ulm,RAG1,avg_log2FC,-0.153649026217173,0.87789433934886,OPC_Frontal
ulm,RAX2,avg_log2FC,0.160309835572943,0.872645221140831,OPC_Frontal
ulm,RBL1,avg_log2FC,-1.90289281236748,0.0571272829651169,OPC_Frontal
ulm,RBM15,avg_log2FC,1.71305041467075,0.0867818569575716,OPC_Frontal
ulm,RBM17,avg_log2FC,-0.61102101094678,0.541220882517667,OPC_Frontal
ulm,RBM34,avg_log2FC,-0.734721884244037,0.462552570664401,OPC_Frontal
ulm,RFX7,avg_log2FC,1.04255607931925,0.297217839488249,OPC_Frontal
ulm,RLF,avg_log2FC,0.304219628727902,0.760976620993175,OPC_Frontal
ulm,RORA,avg_log2FC,0.306194020799454,0.759473086312676,OPC_Frontal
ulm,RPA1,avg_log2FC,0.323766099187875,0.746132290652518,OPC_Frontal
ulm,RUVBL1,avg_log2FC,-0.315054064663235,0.752737271868007,OPC_Frontal
ulm,RUVBL2,avg_log2FC,0.336264440631997,0.736689351183123,OPC_Frontal
ulm,RYBP,avg_log2FC,-0.334412855977848,0.738085821033184,OPC_Frontal
ulm,SAFB2,avg_log2FC,-0.309903292024274,0.756650872219416,OPC_Frontal
ulm,SALL4,avg_log2FC,1.20831545604793,0.226998387945396,OPC_Frontal
ulm,SETBP1,avg_log2FC,0.434372617312762,0.664041640944095,OPC_Frontal
ulm,SETD1A,avg_log2FC,0.537349795297153,0.5910563297247,OPC_Frontal
ulm,SETD7,avg_log2FC,-0.981430593363204,0.326440643901387,OPC_Frontal
ulm,SFMBT1,avg_log2FC,-2.30088059715931,0.0214503016013465,OPC_Frontal
ulm,SIPA1,avg_log2FC,0.651639619973022,0.514671651120829,OPC_Frontal
ulm,SIRT3,avg_log2FC,-0.577652266773428,0.563531886917323,OPC_Frontal
ulm,SIX1,avg_log2FC,0.0479387130235652,0.961767513557361,OPC_Frontal
ulm,SIX4,avg_log2FC,0.0822824149888666,0.934426313189861,OPC_Frontal
ulm,SKIL,avg_log2FC,-0.00675902536082905,0.994607460920729,OPC_Frontal
ulm,SKP2,avg_log2FC,0.543323682283772,0.586937667102486,OPC_Frontal
ulm,SMARCA1,avg_log2FC,1.28627000783769,0.198424348016976,OPC_Frontal
ulm,SMCHD1,avg_log2FC,-0.259531699270321,0.795238572910137,OPC_Frontal
ulm,SMN1_SMN2,avg_log2FC,-0.902019032916157,0.367101838668303,OPC_Frontal
ulm,SNAI1,avg_log2FC,1.02766257176448,0.304171599985856,OPC_Frontal
ulm,SNAPC4,avg_log2FC,0.243137392953567,0.807911608862303,OPC_Frontal
ulm,SNIP1,avg_log2FC,-0.329253032983389,0.741981923966883,OPC_Frontal
ulm,SNRNP70,avg_log2FC,0.00713604551362148,0.99430666869228,OPC_Frontal
ulm,SOX10,avg_log2FC,0.887537153408085,0.374843891833857,OPC_Frontal
ulm,SOX11,avg_log2FC,0.948258045747716,0.34305620062688,OPC_Frontal
ulm,SOX3,avg_log2FC,0.160330031800188,0.872629313705676,OPC_Frontal
ulm,SQSTM1,avg_log2FC,-0.496732943494357,0.619405073055027,OPC_Frontal
ulm,SRPK1,avg_log2FC,-0.481155613366925,0.630432596613136,OPC_Frontal
ulm,SRPK2,avg_log2FC,-0.0126509718902297,0.989906893960653,OPC_Frontal
ulm,SRSF9,avg_log2FC,0.836236667560504,0.403072434326257,OPC_Frontal
ulm,SS18_SSX1_FUSION_UNIPROT_Q8IZH1_UNREVIEWED,avg_log2FC,-1.86077104006334,0.0628508814601636,OPC_Frontal
ulm,SUMO1,avg_log2FC,-0.000614844605345086,0.999509456108318,OPC_Frontal
ulm,SUPT16H,avg_log2FC,-0.540574777371487,0.588831232312599,OPC_Frontal
ulm,SUPT20H,avg_log2FC,0.0647396567924355,0.948384568478906,OPC_Frontal
ulm,TAF9B,avg_log2FC,1.41614792571565,0.156811167495071,OPC_Frontal
ulm,TAFAZZIN,avg_log2FC,0.305267729659228,0.760178360636636,OPC_Frontal
ulm,TASOR,avg_log2FC,-0.721686422411186,0.470530072982465,OPC_Frontal
ulm,TBPL1,avg_log2FC,0.146920732478358,0.883202096655939,OPC_Frontal
ulm,TBX1,avg_log2FC,0.160224041136809,0.87271279717911,OPC_Frontal
ulm,TBX3,avg_log2FC,0.578058824685908,0.563257407064788,OPC_Frontal
ulm,TEAD2,avg_log2FC,0.207194364591889,0.835868764683764,OPC_Frontal
ulm,TERF1,avg_log2FC,0.66104261786813,0.508623594216627,OPC_Frontal
ulm,TERF2,avg_log2FC,0.491411031801841,0.623163108054393,OPC_Frontal
ulm,TERT,avg_log2FC,-0.641103151097503,0.521492917562339,OPC_Frontal
ulm,TET1,avg_log2FC,-0.0549269398538748,0.956199451440657,OPC_Frontal
ulm,TFCP2,avg_log2FC,0.126848733012563,0.899066590142996,OPC_Frontal
ulm,TFEB,avg_log2FC,-0.662302256166369,0.507816228651459,OPC_Frontal
ulm,THRA,avg_log2FC,-0.72594726970196,0.467914172202753,OPC_Frontal
ulm,THRAP3,avg_log2FC,-0.530364265762133,0.59588925514068,OPC_Frontal
ulm,TOP2B,avg_log2FC,0.34490601702276,0.730183418206689,OPC_Frontal
ulm,TOX4,avg_log2FC,0.154057236537921,0.8775724881162,OPC_Frontal
ulm,TRIP13,avg_log2FC,0.856038683208655,0.392028386696863,OPC_Frontal
ulm,TSHZ1,avg_log2FC,0.0563003180856801,0.955105417290443,OPC_Frontal
ulm,UBE2I,avg_log2FC,-0.166616064926362,0.867680693437689,OPC_Frontal
ulm,UBN1,avg_log2FC,1.80204037061769,0.0716153820468603,OPC_Frontal
ulm,WDHD1,avg_log2FC,-0.203353557703822,0.838869187488736,OPC_Frontal
ulm,WIZ,avg_log2FC,-0.369141147371081,0.712042335957166,OPC_Frontal
ulm,WRNIP1,avg_log2FC,-1.25826839900401,0.208369188384816,OPC_Frontal
ulm,YBX1,avg_log2FC,0.583492181203213,0.559595383465711,OPC_Frontal
ulm,YBX3,avg_log2FC,0.859735480300006,0.389987125568713,OPC_Frontal
ulm,ZA_UNIPROT_Q9UM89_UNREVIEWED_GENES,avg_log2FC,-0.403845638153974,0.68634812860149,OPC_Frontal
ulm,ZBED4,avg_log2FC,0.389140241299158,0.697193414826732,OPC_Frontal
ulm,ZBED5,avg_log2FC,0.258135726333283,0.796315628646249,OPC_Frontal
ulm,ZBTB1,avg_log2FC,1.28931758603541,0.197363307112442,OPC_Frontal
ulm,ZBTB12,avg_log2FC,1.68254997520205,0.0925413972572205,OPC_Frontal
ulm,ZBTB18,avg_log2FC,1.81890532299758,0.069001675870385,OPC_Frontal
ulm,ZBTB44,avg_log2FC,-2.06429820278668,0.0390546961084793,OPC_Frontal
ulm,ZBTB5,avg_log2FC,-1.38515954012112,0.16608202634172,OPC_Frontal
ulm,ZC3H11A,avg_log2FC,0.274769120146708,0.783508015504686,OPC_Frontal
ulm,ZFHX3,avg_log2FC,0.560986048549015,0.574838917039069,OPC_Frontal
ulm,ZFP28,avg_log2FC,0.494134069490581,0.621239017067822,OPC_Frontal
ulm,ZFP3,avg_log2FC,-0.431677534306401,0.6659993934164,OPC_Frontal
ulm,ZFP36L1,avg_log2FC,-1.69346768857734,0.0904454462847815,OPC_Frontal
ulm,ZFP82,avg_log2FC,0.117839944368611,0.906200479610327,OPC_Frontal
ulm,ZFP91,avg_log2FC,-0.033590397242232,0.973205479605634,OPC_Frontal
ulm,ZIM3,avg_log2FC,0.240335871068453,0.810082379550764,OPC_Frontal
ulm,ZMYM2,avg_log2FC,-1.34322430065288,0.179276639743596,OPC_Frontal
ulm,ZMYND11,avg_log2FC,0.995012663505429,0.319791146360771,OPC_Frontal
ulm,ZNF10,avg_log2FC,-2.52125792599741,0.0117327105677693,OPC_Frontal
ulm,ZNF101,avg_log2FC,0.341118625144931,0.73303245107235,OPC_Frontal
ulm,ZNF133,avg_log2FC,0.510501947542351,0.609728420746301,OPC_Frontal
ulm,ZNF134,avg_log2FC,-0.461802297402076,0.644248573176744,OPC_Frontal
ulm,ZNF140,avg_log2FC,0.144061414958151,0.885459333459824,OPC_Frontal
ulm,ZNF146,avg_log2FC,1.76879401155119,0.0770055348661587,OPC_Frontal
ulm,ZNF157,avg_log2FC,-2.19122453007874,0.0284938466852067,OPC_Frontal
ulm,ZNF16,avg_log2FC,-1.18777863224233,0.234992159978596,OPC_Frontal
ulm,ZNF165,avg_log2FC,-0.188540620308074,0.850462576337869,OPC_Frontal
ulm,ZNF169,avg_log2FC,-2.48194937409247,0.0131079140588168,OPC_Frontal
ulm,ZNF175,avg_log2FC,1.6170973063744,0.105937249529438,OPC_Frontal
ulm,ZNF184,avg_log2FC,0.437032849386937,0.662111451475511,OPC_Frontal
ulm,ZNF19,avg_log2FC,0.282037558589585,0.777929509229961,OPC_Frontal
ulm,ZNF197,avg_log2FC,0.214940234112117,0.82982502856944,OPC_Frontal
ulm,ZNF2,avg_log2FC,-0.247955520631521,0.804181729798813,OPC_Frontal
ulm,ZNF202,avg_log2FC,1.18593837083704,0.235718079294803,OPC_Frontal
ulm,ZNF213,avg_log2FC,-1.14312798769205,0.253054838429151,OPC_Frontal
ulm,ZNF214,avg_log2FC,-0.279824291642494,0.779626987959168,OPC_Frontal
ulm,ZNF22,avg_log2FC,-0.428608284266018,0.668231722423481,OPC_Frontal
ulm,ZNF223,avg_log2FC,-1.20272921219059,0.229153322944438,OPC_Frontal
ulm,ZNF224,avg_log2FC,-0.324634478199473,0.745474946331089,OPC_Frontal
ulm,ZNF236,avg_log2FC,2.45649442682022,0.0140727915508297,OPC_Frontal
ulm,ZNF239,avg_log2FC,-0.619906107987641,0.535355416248841,OPC_Frontal
ulm,ZNF250,avg_log2FC,0.417158019920426,0.676585533630644,OPC_Frontal
ulm,ZNF257,avg_log2FC,-0.0451781346863353,0.963967609622392,OPC_Frontal
ulm,ZNF26,avg_log2FC,-0.403753550673488,0.686415845666618,OPC_Frontal
ulm,ZNF260,avg_log2FC,1.25147297558722,0.210836188910401,OPC_Frontal
ulm,ZNF274,avg_log2FC,-0.772178367221957,0.440055058628433,OPC_Frontal
ulm,ZNF282,avg_log2FC,-1.31011250972166,0.190234073736973,OPC_Frontal
ulm,ZNF30,avg_log2FC,2.25337984776792,0.0242899161947192,OPC_Frontal
ulm,ZNF318,avg_log2FC,0.919190993314025,0.35805189319419,OPC_Frontal
ulm,ZNF320,avg_log2FC,0.524224113322875,0.600152129933525,OPC_Frontal
ulm,ZNF322,avg_log2FC,-1.00111840945343,0.316830982122966,OPC_Frontal
ulm,ZNF329,avg_log2FC,-0.785236497674913,0.432362086258423,OPC_Frontal
ulm,ZNF331,avg_log2FC,0.0824945197019116,0.934257662348065,OPC_Frontal
ulm,ZNF33A,avg_log2FC,0.745696323864756,0.455895319222374,OPC_Frontal
ulm,ZNF34,avg_log2FC,0.682117467887401,0.495204732161802,OPC_Frontal
ulm,ZNF350,avg_log2FC,0.370263197566978,0.711206274564728,OPC_Frontal
ulm,ZNF354A,avg_log2FC,1.78092886709244,0.0750010175402972,OPC_Frontal
ulm,ZNF354B,avg_log2FC,-2.2795763496805,0.0226860001807254,OPC_Frontal
ulm,ZNF362,avg_log2FC,0.990188277036244,0.322142844315307,OPC_Frontal
ulm,ZNF37A,avg_log2FC,1.90801870342525,0.0564613413651536,OPC_Frontal
ulm,ZNF391,avg_log2FC,0.923922287611538,0.35558329944132,OPC_Frontal
ulm,ZNF394,avg_log2FC,1.49792350421559,0.134233152346966,OPC_Frontal
ulm,ZNF407,avg_log2FC,0.276477943212437,0.782195485488354,OPC_Frontal
ulm,ZNF41,avg_log2FC,0.369856773752868,0.711509068768015,OPC_Frontal
ulm,ZNF410,avg_log2FC,-0.937068013602847,0.348780949517833,OPC_Frontal
ulm,ZNF418,avg_log2FC,0.0772513935391527,0.93842747616714,OPC_Frontal
ulm,ZNF423,avg_log2FC,-0.318955997737642,0.749776770647785,OPC_Frontal
ulm,ZNF426,avg_log2FC,0.152951735741587,0.878444160951934,OPC_Frontal
ulm,ZNF433,avg_log2FC,-0.84921623884278,0.395812520832538,OPC_Frontal
ulm,ZNF436,avg_log2FC,-1.37930100299503,0.167880171000769,OPC_Frontal
ulm,ZNF486,avg_log2FC,-0.54928711479341,0.582839526016194,OPC_Frontal
ulm,ZNF488,avg_log2FC,2.76880069051574,0.00565259688905341,OPC_Frontal
ulm,ZNF490,avg_log2FC,-0.135659855722346,0.892097107905051,OPC_Frontal
ulm,ZNF501,avg_log2FC,0.975566685412696,0.329339071567148,OPC_Frontal
ulm,ZNF502,avg_log2FC,0.502621983682025,0.615258133027279,OPC_Frontal
ulm,ZNF507,avg_log2FC,-1.12506422533519,0.260630281399685,OPC_Frontal
ulm,ZNF510,avg_log2FC,-0.297970573931457,0.765741317761213,OPC_Frontal
ulm,ZNF512,avg_log2FC,0.0220313956513062,0.982424025994738,OPC_Frontal
ulm,ZNF512B,avg_log2FC,-0.400584476894712,0.688747773839055,OPC_Frontal
ulm,ZNF513,avg_log2FC,-1.70847917561827,0.0876261504803121,OPC_Frontal
ulm,ZNF524,avg_log2FC,0.0127617728411727,0.98981850033405,OPC_Frontal
ulm,ZNF528,avg_log2FC,-0.579360210493658,0.562379235046299,OPC_Frontal
ulm,ZNF529,avg_log2FC,-0.909025182154949,0.363392377430925,OPC_Frontal
ulm,ZNF530,avg_log2FC,-1.24459241103611,0.213355563224807,OPC_Frontal
ulm,ZNF532,avg_log2FC,-0.631151874285913,0.527977799711138,OPC_Frontal
ulm,ZNF547,avg_log2FC,1.81051819346205,0.0702915319737219,OPC_Frontal
ulm,ZNF548,avg_log2FC,-2.83086984741625,0.00466566387575994,OPC_Frontal
ulm,ZNF549,avg_log2FC,1.59753693737758,0.110226179733619,OPC_Frontal
ulm,ZNF555,avg_log2FC,0.364028510813906,0.715856232718588,OPC_Frontal
ulm,ZNF558,avg_log2FC,-1.05254215199337,0.29261536219729,OPC_Frontal
ulm,ZNF560,avg_log2FC,0.966193714650902,0.334006497806372,OPC_Frontal
ulm,ZNF561,avg_log2FC,0.232985402608252,0.815784830945249,OPC_Frontal
ulm,ZNF563,avg_log2FC,0.710674751055773,0.47732783117794,OPC_Frontal
ulm,ZNF577,avg_log2FC,-0.429117595579161,0.66786108591711,OPC_Frontal
ulm,ZNF579,avg_log2FC,-0.710705328034354,0.477308881164754,OPC_Frontal
ulm,ZNF581,avg_log2FC,0.764046193041203,0.444885420951055,OPC_Frontal
ulm,ZNF582,avg_log2FC,0.375641427597064,0.70720368945039,OPC_Frontal
ulm,ZNF584,avg_log2FC,0.478633012150034,0.632226260773932,OPC_Frontal
ulm,ZNF585B,avg_log2FC,-0.430521203114493,0.666840070834753,OPC_Frontal
ulm,ZNF586,avg_log2FC,0.0240230922734391,0.980835404350351,OPC_Frontal
ulm,ZNF589,avg_log2FC,0.10293326600917,0.918021168592232,OPC_Frontal
ulm,ZNF592,avg_log2FC,-1.15627056338157,0.24764053864931,OPC_Frontal
ulm,ZNF595,avg_log2FC,1.44893144481476,0.147436228240813,OPC_Frontal
ulm,ZNF596,avg_log2FC,-0.549902793200188,0.582417186220124,OPC_Frontal
ulm,ZNF597,avg_log2FC,-0.378955842407804,0.704741054103884,OPC_Frontal
ulm,ZNF610,avg_log2FC,-0.253541602696354,0.799862932074519,OPC_Frontal
ulm,ZNF618,avg_log2FC,0.138524686433519,0.889832832771236,OPC_Frontal
ulm,ZNF622,avg_log2FC,-2.97578467145067,0.00294014180488995,OPC_Frontal
ulm,ZNF623,avg_log2FC,-2.55878631347812,0.0105408397597047,OPC_Frontal
ulm,ZNF660,avg_log2FC,0.189339743575798,0.849836290545278,OPC_Frontal
ulm,ZNF664,avg_log2FC,-0.371394053954242,0.710364002959066,OPC_Frontal
ulm,ZNF667,avg_log2FC,0.624805125945567,0.532135109667141,OPC_Frontal
ulm,ZNF669,avg_log2FC,1.00304735082369,0.315899549878827,OPC_Frontal
ulm,ZNF677,avg_log2FC,-0.633401267799895,0.526508364107484,OPC_Frontal
ulm,ZNF680,avg_log2FC,0.752674331891949,0.451690558653707,OPC_Frontal
ulm,ZNF697,avg_log2FC,0.300299862659933,0.763964265013177,OPC_Frontal
ulm,ZNF7,avg_log2FC,0.213383605496066,0.831038796068054,OPC_Frontal
ulm,ZNF704,avg_log2FC,-0.92999536867741,0.352430399490796,OPC_Frontal
ulm,ZNF707,avg_log2FC,0.375115336704696,0.707594861769712,OPC_Frontal
ulm,ZNF708,avg_log2FC,-0.281756715854519,0.778144844764199,OPC_Frontal
ulm,ZNF711,avg_log2FC,0.558448724691105,0.576569710119904,OPC_Frontal
ulm,ZNF740,avg_log2FC,-1.44733248297389,0.147883302634686,OPC_Frontal
ulm,ZNF746,avg_log2FC,-1.66040781258803,0.0969119309217121,OPC_Frontal
ulm,ZNF766,avg_log2FC,0.190905351011858,0.848609573837477,OPC_Frontal
ulm,ZNF768,avg_log2FC,0.700084530921914,0.483915807760102,OPC_Frontal
ulm,ZNF777,avg_log2FC,-0.0345764348717497,0.972419242230885,OPC_Frontal
ulm,ZNF781,avg_log2FC,0.360860236915233,0.718223256323252,OPC_Frontal
ulm,ZNF784,avg_log2FC,2.34955969800198,0.0188446802742597,OPC_Frontal
ulm,ZNF785,avg_log2FC,-1.30089957747197,0.193368828566576,OPC_Frontal
ulm,ZNF791,avg_log2FC,1.352372482501,0.176333720946029,OPC_Frontal
ulm,ZNF8,avg_log2FC,1.93624867549358,0.0529086108090805,OPC_Frontal
ulm,ZNF816,avg_log2FC,0.51421919564442,0.607127558862753,OPC_Frontal
ulm,ZNF830,avg_log2FC,-0.331145650309279,0.740552063369498,OPC_Frontal
ulm,ZNF843,avg_log2FC,-0.0329912820687454,0.973683209176213,OPC_Frontal
ulm,ZNF85,avg_log2FC,-0.575165113485229,0.565212443899642,OPC_Frontal
ulm,ZNF92,avg_log2FC,-1.0426475769415,0.297175450608516,OPC_Frontal
ulm,ZSCAN18,avg_log2FC,1.25380836933915,0.209985978390365,OPC_Frontal
ulm,ZSCAN2,avg_log2FC,0.139262311894026,0.889249980766292,OPC_Frontal
ulm,ZSCAN21,avg_log2FC,-0.0629876781104,0.949779508135151,OPC_Frontal
ulm,ZSCAN23,avg_log2FC,0.847207678119135,0.39693078033713,OPC_Frontal
ulm,ZSCAN30,avg_log2FC,-1.73881032614125,0.0821461613292748,OPC_Frontal
ulm,ZSCAN31,avg_log2FC,-0.0169268952641375,0.986495792708338,OPC_Frontal
ulm,ZSCAN4,avg_log2FC,0.254334952993655,0.799250057772902,OPC_Frontal
ulm,ZSCAN5B,avg_log2FC,-0.486828712874464,0.626406773351574,OPC_Frontal
ulm,ZSCAN5C,avg_log2FC,0.956117714203329,0.339071366305179,OPC_Frontal
ulm,ZSCAN5DP,avg_log2FC,-1.54511120391061,0.122399597244419,OPC_Frontal
ulm,ZZZ3,avg_log2FC,-1.43478551573699,0.151427514628676,OPC_Frontal
ulm,ADA2,avg_log2FC,-1.79562714564356,0.0726039510540604,OPC_Hippo
ulm,ADNP,avg_log2FC,1.95002887689163,0.0512190174419212,OPC_Hippo
ulm,AEBP2,avg_log2FC,-2.01480802779966,0.0439691299351099,OPC_Hippo
ulm,AHRR,avg_log2FC,-1.22052179797069,0.222314920539724,OPC_Hippo
ulm,ALKBH3,avg_log2FC,-1.91289206656903,0.055809249993761,OPC_Hippo
ulm,ALX4,avg_log2FC,0.495453219423468,0.620298314364482,OPC_Hippo
ulm,ARHGAP35,avg_log2FC,0.202333633735301,0.839662742700296,OPC_Hippo
ulm,ARID3B,avg_log2FC,0.719261300763481,0.472007845211701,OPC_Hippo
ulm,ARID5B,avg_log2FC,-1.47372209619103,0.140608699569335,OPC_Hippo
ulm,ARNT2,avg_log2FC,-2.32620476874956,0.020040651726545,OPC_Hippo
ulm,ASH1L,avg_log2FC,-1.69292097537643,0.0905222342256797,OPC_Hippo
ulm,ASXL2,avg_log2FC,0.616567930870335,0.537543059449067,OPC_Hippo
ulm,ATF5,avg_log2FC,-0.963150296919451,0.335510776826803,OPC_Hippo
ulm,ATF6,avg_log2FC,-1.08190247573555,0.27933918556093,OPC_Hippo
ulm,ATOH8,avg_log2FC,-2.28723503654748,0.0222166339704402,OPC_Hippo
ulm,ATXN7L3,avg_log2FC,-1.91869291589072,0.0550704299176703,OPC_Hippo
ulm,AUTS2,avg_log2FC,-0.572359408095113,0.567099875973171,OPC_Hippo
ulm,BAHD1,avg_log2FC,0.980433576765086,0.32691152822282,OPC_Hippo
ulm,BANP,avg_log2FC,-1.45827359980537,0.144817293826479,OPC_Hippo
ulm,BARHL1,avg_log2FC,-2.57904657405199,0.0099308501774123,OPC_Hippo
ulm,BARX1,avg_log2FC,-2.52585571211913,0.0115671204478828,OPC_Hippo
ulm,BARX2,avg_log2FC,-1.64124280719762,0.100799243291532,OPC_Hippo
ulm,BCL6B,avg_log2FC,-1.38452897127048,0.166247840704038,OPC_Hippo
ulm,BDP1,avg_log2FC,-1.17707721766785,0.239211208108523,OPC_Hippo
ulm,BPTF,avg_log2FC,-0.746640544005427,0.455309715583147,OPC_Hippo
ulm,BRCA2,avg_log2FC,-1.09993406754666,0.271404817723326,OPC_Hippo
ulm,BRF1,avg_log2FC,0.548927345337508,0.583075662628576,OPC_Hippo
ulm,CARM1,avg_log2FC,0.305996492828462,0.759617893669395,OPC_Hippo
ulm,CASP8AP2,avg_log2FC,-2.59320034898936,0.0095317412154485,OPC_Hippo
ulm,CAVIN1,avg_log2FC,0.00691722095225621,0.994481129336426,OPC_Hippo
ulm,CBX5,avg_log2FC,-0.19099322304377,0.848537341188286,OPC_Hippo
ulm,CBX7,avg_log2FC,-1.60690657564924,0.108127291079011,OPC_Hippo
ulm,CC2D1A,avg_log2FC,-2.45407480372412,0.014152872730095,OPC_Hippo
ulm,CDC5L,avg_log2FC,0.0427982507837138,0.965863777291004,OPC_Hippo
ulm,CDC73,avg_log2FC,-0.0148956995469013,0.988115884253044,OPC_Hippo
ulm,CDH4,avg_log2FC,1.54885665254622,0.121468731330485,OPC_Hippo
ulm,CDX1,avg_log2FC,0.513817411446124,0.607398505551199,OPC_Hippo
ulm,CEBPE,avg_log2FC,-0.706756638568444,0.479745070289527,OPC_Hippo
ulm,CEBPZ,avg_log2FC,-1.15471025790685,0.248254915782634,OPC_Hippo
ulm,CENPT,avg_log2FC,-0.369501535554567,0.71176692092284,OPC_Hippo
ulm,CHAF1A,avg_log2FC,0.513909709072352,0.607333975008155,OPC_Hippo
ulm,CHAF1B,avg_log2FC,-2.33000080135812,0.0198389844351811,OPC_Hippo
ulm,CHAMP1,avg_log2FC,-1.64416146821715,0.100195051900347,OPC_Hippo
ulm,CIC,avg_log2FC,-1.90435805544509,0.0569111744352842,OPC_Hippo
ulm,CIITA,avg_log2FC,-2.91007142038466,0.00362669948260674,OPC_Hippo
ulm,COBLL1,avg_log2FC,0.591906606161133,0.553935350129827,OPC_Hippo
ulm,CREB3,avg_log2FC,-1.09876036164071,0.271916532172053,OPC_Hippo
ulm,CREB3L2,avg_log2FC,-1.11136985082965,0.266453552792457,OPC_Hippo
ulm,CREB3L4,avg_log2FC,-2.20506718928204,0.0274870390853532,OPC_Hippo
ulm,CSHL1,avg_log2FC,-0.631017497460753,0.528053031637377,OPC_Hippo
ulm,CTR9,avg_log2FC,-0.46777473649394,0.639962616188298,OPC_Hippo
ulm,CUX1,avg_log2FC,-1.65195360235406,0.0985961451126503,OPC_Hippo
ulm,DACH1,avg_log2FC,-0.29518362287878,0.76786378811249,OPC_Hippo
ulm,DBP,avg_log2FC,-2.93180714357017,0.00338264401046722,OPC_Hippo
ulm,DICER1,avg_log2FC,0.153229808914256,0.87822218510937,OPC_Hippo
ulm,DIDO1,avg_log2FC,-3.5181641048573,0.000437750675151337,OPC_Hippo
ulm,DLX2,avg_log2FC,-0.6180825787183,0.536544279508813,OPC_Hippo
ulm,DLX4,avg_log2FC,-3.27141155309018,0.00107614510314125,OPC_Hippo
ulm,DLX6,avg_log2FC,-2.3706208700175,0.0177895435579323,OPC_Hippo
ulm,DMRT1,avg_log2FC,-2.2599183902119,0.0238618915755102,OPC_Hippo
ulm,DNMT1,avg_log2FC,-0.989271437346708,0.322570100932139,OPC_Hippo
ulm,DNMT3A,avg_log2FC,-1.83158142033935,0.0670631779262184,OPC_Hippo
ulm,DPPA3,avg_log2FC,-0.314439809733556,0.753197917400419,OPC_Hippo
ulm,DROSHA,avg_log2FC,-0.0215169133791434,0.982834024531476,OPC_Hippo
ulm,DYRK1A,avg_log2FC,-1.51738042842493,0.129223153562392,OPC_Hippo
ulm,E2F2,avg_log2FC,-2.53356979379469,0.0113158756391511,OPC_Hippo
ulm,E2F5,avg_log2FC,0.6201772514666,0.535164563477846,OPC_Hippo
ulm,EBNA1BP2,avg_log2FC,1.24842632183327,0.211923508074372,OPC_Hippo
ulm,EGFR,avg_log2FC,-0.580832009692214,0.561375414771292,OPC_Hippo
ulm,ELF2,avg_log2FC,-3.8007425950167,0.000145686878430453,OPC_Hippo
ulm,ELF5,avg_log2FC,-2.19175500295889,0.0284353599875128,OPC_Hippo
ulm,EMX1,avg_log2FC,-0.841529574287641,0.40008473961652,OPC_Hippo
ulm,EPC1,avg_log2FC,-0.382147058187884,0.702365773282736,OPC_Hippo
ulm,ERCC8,avg_log2FC,-0.70267068439257,0.482288161614217,OPC_Hippo
ulm,EWSR1,avg_log2FC,-0.107827536053805,0.91413609177811,OPC_Hippo
ulm,F10,avg_log2FC,-1.55732776568762,0.119445235119232,OPC_Hippo
ulm,FEV,avg_log2FC,-2.88322706221987,0.00395017870016955,OPC_Hippo
ulm,FOXC1,avg_log2FC,-0.64986001709172,0.515807434729285,OPC_Hippo
ulm,FOXD2,avg_log2FC,-1.8201911109699,0.0687795226545,OPC_Hippo
ulm,FOXD3,avg_log2FC,-0.0929334088006538,0.925959555647951,OPC_Hippo
ulm,FOXE1,avg_log2FC,-1.06539349853348,0.286740611178501,OPC_Hippo
ulm,FOXG1,avg_log2FC,-1.74609504172013,0.0808454289547875,OPC_Hippo
ulm,FOXJ2,avg_log2FC,0.0260094810126688,0.979250638060296,OPC_Hippo
ulm,FOXN3,avg_log2FC,0.759401084215805,0.447642389719584,OPC_Hippo
ulm,FOXO4,avg_log2FC,0.778587604942493,0.436253274161633,OPC_Hippo
ulm,FOXQ1,avg_log2FC,-0.378463390063643,0.705099726170146,OPC_Hippo
ulm,FOXR2,avg_log2FC,-0.789755750983104,0.429701520239626,OPC_Hippo
ulm,FXR1,avg_log2FC,-0.989364047195594,0.322524808211044,OPC_Hippo
ulm,GLI1,avg_log2FC,1.35517304206224,0.175413260057709,OPC_Hippo
ulm,GLI3,avg_log2FC,-1.46422540131729,0.143184569995934,OPC_Hippo
ulm,GLI4,avg_log2FC,-1.8964841885702,0.0579438617488457,OPC_Hippo
ulm,GREB1,avg_log2FC,0.421011744176789,0.673761530659221,OPC_Hippo
ulm,GTF2A2,avg_log2FC,-1.37993167124958,0.167658912680888,OPC_Hippo
ulm,GTF2E2,avg_log2FC,-3.00697794660598,0.00264948177054568,OPC_Hippo
ulm,GUCY1B1,avg_log2FC,-1.15567919688841,0.247858249833886,OPC_Hippo
ulm,H1_6,avg_log2FC,-1.39817577261208,0.162111780541764,OPC_Hippo
ulm,HAND1,avg_log2FC,-0.538221201948155,0.590444235817097,OPC_Hippo
ulm,HBZ,avg_log2FC,-0.784003120017053,0.433069115113513,OPC_Hippo
ulm,HDAC4,avg_log2FC,-0.220097035505963,0.825803044058688,OPC_Hippo
ulm,HDAC8,avg_log2FC,1.25270975864605,0.210359995843984,OPC_Hippo
ulm,HDGF,avg_log2FC,0.927637282574646,0.353632928577452,OPC_Hippo
ulm,HES2,avg_log2FC,-0.0282646341952157,0.977452023731907,OPC_Hippo
ulm,HES4,avg_log2FC,-1.02770309456549,0.304130788253561,OPC_Hippo
ulm,HEY2,avg_log2FC,1.25207965890865,0.210589465524743,OPC_Hippo
ulm,HHEX,avg_log2FC,-1.79850910759924,0.0721464256995588,OPC_Hippo
ulm,HJURP,avg_log2FC,-0.624259938475611,0.53248053682884,OPC_Hippo
ulm,HMG20B,avg_log2FC,-0.824748878943185,0.409546841757823,OPC_Hippo
ulm,HMGA1,avg_log2FC,-0.535477193957591,0.592339697649908,OPC_Hippo
ulm,HMGB2,avg_log2FC,-1.57301361348273,0.115768199253325,OPC_Hippo
ulm,HOXA1,avg_log2FC,-2.37293275330262,0.017678694513387,OPC_Hippo
ulm,HOXA10,avg_log2FC,-0.461414002422877,0.644518272700902,OPC_Hippo
ulm,HOXA13,avg_log2FC,-0.0452390123372714,0.963918298703603,OPC_Hippo
ulm,HOXA7,avg_log2FC,0.0244031467945587,0.980531846842467,OPC_Hippo
ulm,HOXB4,avg_log2FC,-0.356547196371998,0.72144330513397,OPC_Hippo
ulm,HOXB6,avg_log2FC,-1.99742192872667,0.0458242799846115,OPC_Hippo
ulm,HOXB7,avg_log2FC,-0.496917024560037,0.619265705367628,OPC_Hippo
ulm,HOXC11,avg_log2FC,0.0471429221719679,0.962400881650846,OPC_Hippo
ulm,HOXC13,avg_log2FC,-1.18446575379722,0.236275490437013,OPC_Hippo
ulm,HOXC6,avg_log2FC,-1.7294824238365,0.0837740328821764,OPC_Hippo
ulm,HOXD1,avg_log2FC,0.0517259168033449,0.958748801862735,OPC_Hippo
ulm,HOXD11,avg_log2FC,-1.58661241013899,0.112652957582921,OPC_Hippo
ulm,HSD17B8,avg_log2FC,0.461224782087837,0.644654001080721,OPC_Hippo
ulm,HSF2,avg_log2FC,-1.70689629124876,0.0878928830242692,OPC_Hippo
ulm,ID1,avg_log2FC,-1.88568430716634,0.0593855990843448,OPC_Hippo
ulm,ID2,avg_log2FC,-2.09357739852369,0.0363393621889898,OPC_Hippo
ulm,IGLV5_37,avg_log2FC,-0.678125539257383,0.49771815381056,OPC_Hippo
ulm,ILK,avg_log2FC,-0.197956895569319,0.843085470309551,OPC_Hippo
ulm,INSM2,avg_log2FC,-0.111615555838065,0.911131957183742,OPC_Hippo
ulm,IRF5,avg_log2FC,-2.10735807759978,0.0351277876230264,OPC_Hippo
ulm,IRX2,avg_log2FC,-2.06394559131263,0.0390656158557531,OPC_Hippo
ulm,IRX3,avg_log2FC,-0.759362322293141,0.44766556859136,OPC_Hippo
ulm,KAT2A,avg_log2FC,-1.94048120107407,0.052367850822283,OPC_Hippo
ulm,KAT5,avg_log2FC,-1.96050258593206,0.0499831100990928,OPC_Hippo
ulm,KDM1B,avg_log2FC,0.159623380952823,0.873183113094103,OPC_Hippo
ulm,KLF14,avg_log2FC,-1.72877248529438,0.083901076123287,OPC_Hippo
ulm,KLF7,avg_log2FC,-0.391334082586335,0.695564154670879,OPC_Hippo
ulm,KMT2D,avg_log2FC,-0.0570425475399929,0.954513194751861,OPC_Hippo
ulm,LCORL,avg_log2FC,-1.95241029291555,0.0509357830162397,OPC_Hippo
ulm,LHX2,avg_log2FC,-2.74125424342765,0.00613857594863186,OPC_Hippo
ulm,LHX9,avg_log2FC,-3.86355498194928,0.000112922178060409,OPC_Hippo
ulm,LMNB2,avg_log2FC,-0.0515364639207373,0.958899755744815,OPC_Hippo
ulm,LMTK3,avg_log2FC,0.383456955031919,0.701394516605464,OPC_Hippo
ulm,LMX1B,avg_log2FC,0.0256952758358991,0.979501243337949,OPC_Hippo
ulm,MAFG,avg_log2FC,-1.41581289972033,0.156882007960811,OPC_Hippo
ulm,MAML1,avg_log2FC,1.34078472014842,0.18004093118144,OPC_Hippo
ulm,MAP2K1,avg_log2FC,-1.25196333514226,0.210631848106452,OPC_Hippo
ulm,MAPK3,avg_log2FC,-1.32791584587724,0.184256238504627,OPC_Hippo
ulm,MCM2,avg_log2FC,0.497823624055036,0.618626541241208,OPC_Hippo
ulm,MCM3,avg_log2FC,-1.44606867450942,0.148209982090391,OPC_Hippo
ulm,MCRS1,avg_log2FC,0.0900915842273616,0.928217432982707,OPC_Hippo
ulm,MED16,avg_log2FC,-0.773906955108835,0.439016196253695,OPC_Hippo
ulm,MED25,avg_log2FC,0.0399603320595298,0.968126076109971,OPC_Hippo
ulm,MEF2C,avg_log2FC,-2.51402334772462,0.0119621222610776,OPC_Hippo
ulm,MEF2D,avg_log2FC,-0.466938029034713,0.640561108967257,OPC_Hippo
ulm,METHYLCYTOSINE_DIOXYGENASE_TET_UNIPROT_A0A023HHK9_UNREVIEWED,avg_log2FC,0.650879400204693,0.515149173426095,OPC_Hippo
ulm,METTL14,avg_log2FC,0.027180351678902,0.97831678763373,OPC_Hippo
ulm,MIER1,avg_log2FC,3.06407802126251,0.00219307602892144,OPC_Hippo
ulm,MSX1,avg_log2FC,-1.94495922598969,0.0518263721240134,OPC_Hippo
ulm,MSX2,avg_log2FC,-1.25951425601103,0.207893457526449,OPC_Hippo
ulm,MTHFD1,avg_log2FC,-1.49310547836109,0.135461966762374,OPC_Hippo
ulm,MXD1,avg_log2FC,-1.3885435875649,0.165022937398778,OPC_Hippo
ulm,MYBL1,avg_log2FC,-2.28969416646694,0.0220734830771028,OPC_Hippo
ulm,MYOCD,avg_log2FC,2.19274479790593,0.0283638923476545,OPC_Hippo
ulm,MZF1,avg_log2FC,-2.44806005104846,0.0143911126482215,OPC_Hippo
ulm,NAB2,avg_log2FC,-0.619149218476834,0.535841483154738,OPC_Hippo
ulm,NCOA2,avg_log2FC,-1.04975989176644,0.293870645565013,OPC_Hippo
ulm,NCOA4,avg_log2FC,-1.14872947574334,0.250713172780885,OPC_Hippo
ulm,NCOA6,avg_log2FC,-0.144809807429227,0.884865884687618,OPC_Hippo
ulm,NEUROG3,avg_log2FC,0.0596376555419244,0.952446205827508,OPC_Hippo
ulm,NFE2L1,avg_log2FC,-3.10950029343897,0.0018827892708936,OPC_Hippo
ulm,NFKBIA,avg_log2FC,1.66714126827249,0.0955383167943153,OPC_Hippo
ulm,NFXL1,avg_log2FC,1.93462774447973,0.0530827726928456,OPC_Hippo
ulm,NKX2_2,avg_log2FC,-2.30705439502153,0.0210855497543781,OPC_Hippo
ulm,NKX2_3,avg_log2FC,-1.54353268213937,0.122754128687519,OPC_Hippo
ulm,NKX2_5,avg_log2FC,-3.27684426052506,0.00105568880235684,OPC_Hippo
ulm,NKX2_8,avg_log2FC,-0.79502967407897,0.426627573440812,OPC_Hippo
ulm,NKX6_1,avg_log2FC,0.435152201400265,0.663467549049047,OPC_Hippo
ulm,NME2,avg_log2FC,-0.330314495128003,0.741173831995338,OPC_Hippo
ulm,NOTCH3,avg_log2FC,-1.43994143197673,0.149935951641217,OPC_Hippo
ulm,NPAT,avg_log2FC,-0.987717629163106,0.323330641161153,OPC_Hippo
ulm,NPM1,avg_log2FC,-2.83674081449448,0.00457287945020939,OPC_Hippo
ulm,NR0B1,avg_log2FC,1.20644214016533,0.227694448317188,OPC_Hippo
ulm,NR1D1,avg_log2FC,-1.67173783175864,0.0946279844466937,OPC_Hippo
ulm,NR1H4,avg_log2FC,-0.664644332034143,0.506303456717734,OPC_Hippo
ulm,NR1I2,avg_log2FC,-0.391935431700478,0.695119791524554,OPC_Hippo
ulm,NR2E3,avg_log2FC,-0.0445467371565244,0.9644700750515,OPC_Hippo
ulm,NUFIP1,avg_log2FC,0.439952928063529,0.659986989212375,OPC_Hippo
ulm,OVOL3,avg_log2FC,-1.43355850819848,0.151750207632118,OPC_Hippo
ulm,PAF1,avg_log2FC,-0.304983301485728,0.760389410156778,OPC_Hippo
ulm,PAX3,avg_log2FC,-0.21536776950144,0.82948788998731,OPC_Hippo
ulm,PAX6,avg_log2FC,-1.34287530274707,0.179362965591448,OPC_Hippo
ulm,PAX7,avg_log2FC,-1.45805690042115,0.144877007819649,OPC_Hippo
ulm,PAX8,avg_log2FC,-0.433537985511589,0.664639505285469,OPC_Hippo
ulm,PBXIP1,avg_log2FC,-0.441891492622373,0.65858359461028,OPC_Hippo
ulm,PCGF1,avg_log2FC,1.30242815114477,0.192819871873657,OPC_Hippo
ulm,PCGF6,avg_log2FC,0.48680039972045,0.626417503710367,OPC_Hippo
ulm,PER1,avg_log2FC,-1.829294786624,0.0674048801247175,OPC_Hippo
ulm,PGM3,avg_log2FC,1.06132932522587,0.28858282502945,OPC_Hippo
ulm,PHB2,avg_log2FC,0.571937829959418,0.567385441783574,OPC_Hippo
ulm,PHF21A,avg_log2FC,-2.26330190184514,0.0236525307408477,OPC_Hippo
ulm,PIAS4,avg_log2FC,-0.233535402289624,0.815353620207738,OPC_Hippo
ulm,PITX1,avg_log2FC,-0.741288662733635,0.45854733993884,OPC_Hippo
ulm,POU2AF1,avg_log2FC,-1.90393587290598,0.0569661540066322,OPC_Hippo
ulm,PPARA,avg_log2FC,0.490639739261191,0.623699151458761,OPC_Hippo
ulm,PPARGC1A,avg_log2FC,-1.36775017620383,0.171441326392065,OPC_Hippo
ulm,PRDM12,avg_log2FC,1.24937718765152,0.211575705916193,OPC_Hippo
ulm,PRDM4,avg_log2FC,-1.31869366067365,0.187321693421981,OPC_Hippo
ulm,PRDM5,avg_log2FC,-0.441010774057999,0.659221028823199,OPC_Hippo
ulm,PRKDC,avg_log2FC,-0.669281156689339,0.503341802243044,OPC_Hippo
ulm,PRMT5,avg_log2FC,-1.06018196135232,0.289104344869071,OPC_Hippo
ulm,PSIP1,avg_log2FC,-1.57109133858522,0.116213970447757,OPC_Hippo
ulm,PSMB5,avg_log2FC,-0.635103511039403,0.525385036973076,OPC_Hippo
ulm,PTPRA,avg_log2FC,-0.259129530609258,0.795544157711285,OPC_Hippo
ulm,PTTG1,avg_log2FC,0.90415316294295,0.365950359472942,OPC_Hippo
ulm,RAG1,avg_log2FC,-4.03418441348826,5.54702618534465e-05,OPC_Hippo
ulm,RAX2,avg_log2FC,-1.87983553268421,0.0601787336826597,OPC_Hippo
ulm,RBL1,avg_log2FC,-1.34905685538964,0.177369426719569,OPC_Hippo
ulm,RBM15,avg_log2FC,-0.208592064384354,0.834773760680059,OPC_Hippo
ulm,RBM17,avg_log2FC,-0.184998961371069,0.853236080138588,OPC_Hippo
ulm,RBM34,avg_log2FC,-1.1499229841371,0.250221257256877,OPC_Hippo
ulm,RFX7,avg_log2FC,-2.39263948466799,0.0167581276320612,OPC_Hippo
ulm,RLF,avg_log2FC,-1.0841318498226,0.278349744739213,OPC_Hippo
ulm,RORA,avg_log2FC,-2.11063769130966,0.0348445842433803,OPC_Hippo
ulm,RPA1,avg_log2FC,2.43119410192774,0.0150781325959435,OPC_Hippo
ulm,RUVBL1,avg_log2FC,-1.27107567752978,0.203750822324159,OPC_Hippo
ulm,RUVBL2,avg_log2FC,-0.0917947583785989,0.926864161939296,OPC_Hippo
ulm,RYBP,avg_log2FC,-0.429843069479864,0.667325180337963,OPC_Hippo
ulm,SAFB2,avg_log2FC,-1.5721700093266,0.115963663325404,OPC_Hippo
ulm,SALL4,avg_log2FC,-1.88559722044875,0.059397344705158,OPC_Hippo
ulm,SETBP1,avg_log2FC,-0.544842200291284,0.585882227540772,OPC_Hippo
ulm,SETD1A,avg_log2FC,-2.91359512882865,0.0035860765843848,OPC_Hippo
ulm,SETD7,avg_log2FC,-2.4355935512759,0.0148961945420886,OPC_Hippo
ulm,SFMBT1,avg_log2FC,-1.91416684380252,0.0556461849776712,OPC_Hippo
ulm,SIGMAR1,avg_log2FC,0.17328778016169,0.862431052477365,OPC_Hippo
ulm,SIPA1,avg_log2FC,-0.432036055582961,0.665730676424716,OPC_Hippo
ulm,SIRT3,avg_log2FC,1.06152332210892,0.288494708912244,OPC_Hippo
ulm,SIX1,avg_log2FC,1.30503118370948,0.19193209270224,OPC_Hippo
ulm,SIX4,avg_log2FC,-2.40897076215534,0.0160274117061284,OPC_Hippo
ulm,SKIL,avg_log2FC,0.153780386091001,0.877788052334621,OPC_Hippo
ulm,SKP2,avg_log2FC,-1.25536419097293,0.209395292027315,OPC_Hippo
ulm,SMARCA1,avg_log2FC,-0.000932401756955021,0.999256082025457,OPC_Hippo
ulm,SMCHD1,avg_log2FC,-0.36474073073666,0.715317758985645,OPC_Hippo
ulm,SMN1_SMN2,avg_log2FC,1.74006590984097,0.0818985302064718,OPC_Hippo
ulm,SNAI1,avg_log2FC,-1.78268292027565,0.0746882945382958,OPC_Hippo
ulm,SNAPC4,avg_log2FC,-0.115517444987032,0.908038845502791,OPC_Hippo
ulm,SNIP1,avg_log2FC,-0.652618831054147,0.514026953511665,OPC_Hippo
ulm,SNRNP70,avg_log2FC,-0.868088086591459,0.385380704321634,OPC_Hippo
ulm,SOX10,avg_log2FC,-0.677059809847502,0.498394014218619,OPC_Hippo
ulm,SOX11,avg_log2FC,-0.874629183692709,0.381810583045962,OPC_Hippo
ulm,SOX3,avg_log2FC,-2.01678611859796,0.0437621371337136,OPC_Hippo
ulm,SQSTM1,avg_log2FC,-1.43631117743702,0.150965759971165,OPC_Hippo
ulm,SRPK1,avg_log2FC,-2.17551100531318,0.0296306072466779,OPC_Hippo
ulm,SRPK2,avg_log2FC,2.02688819897061,0.0427178202226976,OPC_Hippo
ulm,SRSF9,avg_log2FC,-1.94554328261216,0.0517560951654931,OPC_Hippo
ulm,SS18_SSX1_FUSION_UNIPROT_Q8IZH1_UNREVIEWED,avg_log2FC,0.793192620893488,0.427696855802616,OPC_Hippo
ulm,SUMO1,avg_log2FC,-1.35540850328847,0.17533827458466,OPC_Hippo
ulm,SUPT16H,avg_log2FC,-1.49439735248213,0.135124187966475,OPC_Hippo
ulm,SUPT20H,avg_log2FC,-3.31097705323127,0.00093518093475334,OPC_Hippo
ulm,SYNCRIP,avg_log2FC,0.487424419100361,0.625975334811627,OPC_Hippo
ulm,TAF9B,avg_log2FC,-2.17417721968328,0.0297306408529432,OPC_Hippo
ulm,TAFAZZIN,avg_log2FC,0.741258665735334,0.45856552295614,OPC_Hippo
ulm,TASOR,avg_log2FC,-0.946024487903496,0.344174052868087,OPC_Hippo
ulm,TBPL1,avg_log2FC,-0.208059817053265,0.835189297836842,OPC_Hippo
ulm,TBX1,avg_log2FC,0.33250546863767,0.739519184456936,OPC_Hippo
ulm,TBX3,avg_log2FC,-0.928094526134007,0.353395735364003,OPC_Hippo
ulm,TCOF1,avg_log2FC,-0.456289911551335,0.648197972555565,OPC_Hippo
ulm,TEAD2,avg_log2FC,-2.09463634047788,0.0362450146653484,OPC_Hippo
ulm,TERF1,avg_log2FC,-0.77116236333072,0.440640955569541,OPC_Hippo
ulm,TERF2,avg_log2FC,0.0516639354598776,0.958798187723131,OPC_Hippo
ulm,TERT,avg_log2FC,1.00345139362074,0.315683435697011,OPC_Hippo
ulm,TET1,avg_log2FC,-2.7848621041175,0.00537177802887934,OPC_Hippo
ulm,TFCP2,avg_log2FC,-0.838462895468315,0.401804057141325,OPC_Hippo
ulm,TFEB,avg_log2FC,-2.00335608922053,0.0451838072148096,OPC_Hippo
ulm,THRA,avg_log2FC,-0.0233200019528159,0.981395789440122,OPC_Hippo
ulm,THRAP3,avg_log2FC,-1.17881245226118,0.238519438626306,OPC_Hippo
ulm,TOP2B,avg_log2FC,-2.18676826284147,0.0287977898093528,OPC_Hippo
ulm,TOX4,avg_log2FC,-0.206014056682638,0.836786895238069,OPC_Hippo
ulm,TRIP13,avg_log2FC,-1.18920143517377,0.2344072976128,OPC_Hippo
ulm,TSHZ1,avg_log2FC,-1.90897778113465,0.0563124415937061,OPC_Hippo
ulm,UBE2I,avg_log2FC,-1.1534277474411,0.248780635030548,OPC_Hippo
ulm,UBN1,avg_log2FC,-2.18727739249714,0.0287606054680896,OPC_Hippo
ulm,WDHD1,avg_log2FC,-2.10567657692798,0.0352737502472481,OPC_Hippo
ulm,WIZ,avg_log2FC,-0.654022261468531,0.513122437363918,OPC_Hippo
ulm,WRNIP1,avg_log2FC,-2.48444157653889,0.0130024493790221,OPC_Hippo
ulm,XPO1,avg_log2FC,0.423169855237385,0.672186449961906,OPC_Hippo
ulm,YBX1,avg_log2FC,-1.3451048163972,0.178642039317096,OPC_Hippo
ulm,YBX3,avg_log2FC,0.0971873627733632,0.92258083781833,OPC_Hippo
ulm,ZA_UNIPROT_Q9UM89_UNREVIEWED_GENES,avg_log2FC,0.201396746739179,0.840395160912554,OPC_Hippo
ulm,ZBED4,avg_log2FC,-0.757361794697201,0.448862770967172,OPC_Hippo
ulm,ZBED5,avg_log2FC,1.05016847917806,0.293682800117906,OPC_Hippo
ulm,ZBTB1,avg_log2FC,1.44988249924639,0.147143364938416,OPC_Hippo
ulm,ZBTB12,avg_log2FC,-0.775382446466777,0.438144150968929,OPC_Hippo
ulm,ZBTB18,avg_log2FC,-0.041558816909887,0.96685178194479,OPC_Hippo
ulm,ZBTB44,avg_log2FC,-0.71454591922671,0.474917368986826,OPC_Hippo
ulm,ZBTB5,avg_log2FC,-1.66274736450181,0.096415057180289,OPC_Hippo
ulm,ZC3H11A,avg_log2FC,-0.0398726147991465,0.968196005710528,OPC_Hippo
ulm,ZFHX3,avg_log2FC,-2.49238821137258,0.0127153991807673,OPC_Hippo
ulm,ZFP28,avg_log2FC,-0.75578032418044,0.449810476355266,OPC_Hippo
ulm,ZFP3,avg_log2FC,0.180155298240758,0.857036712795897,OPC_Hippo
ulm,ZFP36L1,avg_log2FC,0.54022576563411,0.589061323259486,OPC_Hippo
ulm,ZFP82,avg_log2FC,-0.389279385784087,0.69708324839211,OPC_Hippo
ulm,ZFP91,avg_log2FC,0.494617227399305,0.620888382723953,OPC_Hippo
ulm,ZIM3,avg_log2FC,-0.702630892745664,0.482312963860098,OPC_Hippo
ulm,ZMYM2,avg_log2FC,1.11163863033404,0.266337934007687,OPC_Hippo
ulm,ZMYND11,avg_log2FC,-1.20318786795584,0.228950927293891,OPC_Hippo
ulm,ZNF10,avg_log2FC,-0.714874669363451,0.474714202017664,OPC_Hippo
ulm,ZNF101,avg_log2FC,-1.89157465382285,0.0585956154561445,OPC_Hippo
ulm,ZNF133,avg_log2FC,0.185223817409688,0.853059726446894,OPC_Hippo
ulm,ZNF134,avg_log2FC,-2.01285047073625,0.0441747873918115,OPC_Hippo
ulm,ZNF140,avg_log2FC,0.243638253578993,0.807519297853044,OPC_Hippo
ulm,ZNF146,avg_log2FC,-0.798074296866613,0.424858845684315,OPC_Hippo
ulm,ZNF157,avg_log2FC,1.68947259847851,0.0911806626259094,OPC_Hippo
ulm,ZNF16,avg_log2FC,-0.520616068100264,0.602653393975687,OPC_Hippo
ulm,ZNF165,avg_log2FC,0.419873324760877,0.67459297457624,OPC_Hippo
ulm,ZNF169,avg_log2FC,-1.17171820669113,0.24135656621766,OPC_Hippo
ulm,ZNF175,avg_log2FC,-0.786495611921031,0.4316081367635,OPC_Hippo
ulm,ZNF184,avg_log2FC,-0.872028817902559,0.383227421917341,OPC_Hippo
ulm,ZNF19,avg_log2FC,-0.388060809120881,0.69798475020174,OPC_Hippo
ulm,ZNF197,avg_log2FC,0.178176035130902,0.858590722960826,OPC_Hippo
ulm,ZNF2,avg_log2FC,0.179597593167478,0.857474536790002,OPC_Hippo
ulm,ZNF202,avg_log2FC,1.12965594440149,0.258666221838398,OPC_Hippo
ulm,ZNF213,avg_log2FC,-1.33235128821761,0.182795195586894,OPC_Hippo
ulm,ZNF214,avg_log2FC,0.0960105609586053,0.923515379600164,OPC_Hippo
ulm,ZNF22,avg_log2FC,0.185318357834,0.852985580963348,OPC_Hippo
ulm,ZNF223,avg_log2FC,0.142428726076034,0.886746138349499,OPC_Hippo
ulm,ZNF224,avg_log2FC,-0.287844693996214,0.773475528910858,OPC_Hippo
ulm,ZNF236,avg_log2FC,0.00182893611587679,0.998540781504038,OPC_Hippo
ulm,ZNF239,avg_log2FC,-0.557903678210148,0.576930898622925,OPC_Hippo
ulm,ZNF250,avg_log2FC,-0.32578598797772,0.744597600249353,OPC_Hippo
ulm,ZNF257,avg_log2FC,-0.89162258875981,0.372630881868521,OPC_Hippo
ulm,ZNF26,avg_log2FC,-0.717428161472862,0.473137775180498,OPC_Hippo
ulm,ZNF260,avg_log2FC,-1.69234249824804,0.0906324200113216,OPC_Hippo
ulm,ZNF274,avg_log2FC,-1.97172491992975,0.0486867172950164,OPC_Hippo
ulm,ZNF282,avg_log2FC,-1.56761119287662,0.117024439303112,OPC_Hippo
ulm,ZNF30,avg_log2FC,-1.24070320281749,0.214763743852045,OPC_Hippo
ulm,ZNF318,avg_log2FC,-2.20624161247842,0.0274047019405899,OPC_Hippo
ulm,ZNF320,avg_log2FC,-1.26336386950568,0.20650735067413,OPC_Hippo
ulm,ZNF322,avg_log2FC,-0.312655602676254,0.754553155639066,OPC_Hippo
ulm,ZNF329,avg_log2FC,-1.87729020127356,0.060526631435314,OPC_Hippo
ulm,ZNF331,avg_log2FC,1.3971253570255,0.162427353847519,OPC_Hippo
ulm,ZNF33A,avg_log2FC,0.715624671148731,0.474250881047935,OPC_Hippo
ulm,ZNF34,avg_log2FC,-1.32208285908207,0.186190775331191,OPC_Hippo
ulm,ZNF350,avg_log2FC,0.136852710035175,0.89115179379621,OPC_Hippo
ulm,ZNF354A,avg_log2FC,0.951950907642563,0.341160085306768,OPC_Hippo
ulm,ZNF354B,avg_log2FC,-2.46589393875356,0.0136948461901962,OPC_Hippo
ulm,ZNF362,avg_log2FC,0.854602705125416,0.392805125536976,OPC_Hippo
ulm,ZNF37A,avg_log2FC,0.565643700821231,0.57165708827924,OPC_Hippo
ulm,ZNF391,avg_log2FC,-1.44710091058653,0.147920713941026,OPC_Hippo
ulm,ZNF394,avg_log2FC,-0.892471005944784,0.372176187225126,OPC_Hippo
ulm,ZNF407,avg_log2FC,-3.51583757583009,0.000441596438172692,OPC_Hippo
ulm,ZNF41,avg_log2FC,1.73799435411001,0.0822629251489121,OPC_Hippo
ulm,ZNF410,avg_log2FC,-0.199727134438001,0.841700734725109,OPC_Hippo
ulm,ZNF418,avg_log2FC,0.316129340643545,0.751915293472563,OPC_Hippo
ulm,ZNF423,avg_log2FC,-1.37121390928868,0.170359377147294,OPC_Hippo
ulm,ZNF426,avg_log2FC,0.630736059914289,0.528237052377666,OPC_Hippo
ulm,ZNF433,avg_log2FC,0.267798974259067,0.788863231929363,OPC_Hippo
ulm,ZNF436,avg_log2FC,0.238024462628735,0.811870219033611,OPC_Hippo
ulm,ZNF486,avg_log2FC,0.20964897060505,0.83394874771519,OPC_Hippo
ulm,ZNF488,avg_log2FC,0.910750548995998,0.36246327609937,OPC_Hippo
ulm,ZNF490,avg_log2FC,-0.819468679656125,0.412551494567915,OPC_Hippo
ulm,ZNF501,avg_log2FC,-0.773032279124863,0.439533617947295,OPC_Hippo
ulm,ZNF502,avg_log2FC,-0.436990320379666,0.662134036581225,OPC_Hippo
ulm,ZNF507,avg_log2FC,-3.62123729502866,0.000295608811843357,OPC_Hippo
ulm,ZNF510,avg_log2FC,-0.0585080066892881,0.953345926278016,OPC_Hippo
ulm,ZNF512,avg_log2FC,-0.432246481404108,0.665577756680903,OPC_Hippo
ulm,ZNF512B,avg_log2FC,1.62742618249245,0.103698930087111,OPC_Hippo
ulm,ZNF513,avg_log2FC,-0.0387127710981649,0.96912067442373,OPC_Hippo
ulm,ZNF524,avg_log2FC,-0.371309030016725,0.710420435267478,OPC_Hippo
ulm,ZNF528,avg_log2FC,-2.58956926560726,0.00963274241986568,OPC_Hippo
ulm,ZNF529,avg_log2FC,-1.26652915072323,0.205372685184359,OPC_Hippo
ulm,ZNF530,avg_log2FC,-1.3457742598707,0.178425992347523,OPC_Hippo
ulm,ZNF532,avg_log2FC,-0.380665322421443,0.703465030538643,OPC_Hippo
ulm,ZNF547,avg_log2FC,-0.590109311811782,0.555139507808566,OPC_Hippo
ulm,ZNF548,avg_log2FC,-2.30540339629835,0.021177817046446,OPC_Hippo
ulm,ZNF549,avg_log2FC,-0.0390938947446188,0.968816824435303,OPC_Hippo
ulm,ZNF555,avg_log2FC,1.28523910493028,0.19875816880884,OPC_Hippo
ulm,ZNF558,avg_log2FC,-1.95202931225341,0.0509810067075778,OPC_Hippo
ulm,ZNF560,avg_log2FC,0.380001398873366,0.703957777730641,OPC_Hippo
ulm,ZNF561,avg_log2FC,-1.06465780710188,0.287073496260698,OPC_Hippo
ulm,ZNF563,avg_log2FC,0.0773413277871837,0.938354583935865,OPC_Hippo
ulm,ZNF577,avg_log2FC,-1.18893780205866,0.234511023101125,OPC_Hippo
ulm,ZNF579,avg_log2FC,-0.458474920807982,0.646627820993832,OPC_Hippo
ulm,ZNF581,avg_log2FC,-0.806645487669746,0.419902613692237,OPC_Hippo
ulm,ZNF582,avg_log2FC,0.431930141944011,0.665807650787902,OPC_Hippo
ulm,ZNF584,avg_log2FC,0.499241506555317,0.617627494585053,OPC_Hippo
ulm,ZNF585B,avg_log2FC,1.36112556971568,0.173524939861157,OPC_Hippo
ulm,ZNF586,avg_log2FC,1.21073505152162,0.226044478942168,OPC_Hippo
ulm,ZNF589,avg_log2FC,-0.698471562183969,0.484909307454421,OPC_Hippo
ulm,ZNF592,avg_log2FC,-1.1182096998697,0.26352204739017,OPC_Hippo
ulm,ZNF595,avg_log2FC,-0.0324623419137318,0.974104422808422,OPC_Hippo
ulm,ZNF596,avg_log2FC,0.24111247162774,0.809476155486876,OPC_Hippo
ulm,ZNF597,avg_log2FC,-0.58231626596433,0.560375471449406,OPC_Hippo
ulm,ZNF610,avg_log2FC,-2.40449257613758,0.0162249390606205,OPC_Hippo
ulm,ZNF618,avg_log2FC,-1.80509248304795,0.0711101392028191,OPC_Hippo
ulm,ZNF622,avg_log2FC,0.689935468411124,0.490261356191541,OPC_Hippo
ulm,ZNF623,avg_log2FC,-0.859080170995204,0.390330480566782,OPC_Hippo
ulm,ZNF626,avg_log2FC,1.63389508098904,0.10233315576311,OPC_Hippo
ulm,ZNF660,avg_log2FC,-1.76336434427202,0.077889765390938,OPC_Hippo
ulm,ZNF664,avg_log2FC,-0.676019732618926,0.499054077043896,OPC_Hippo
ulm,ZNF667,avg_log2FC,-0.746475306593536,0.455409483103743,OPC_Hippo
ulm,ZNF669,avg_log2FC,-1.20115173017163,0.22973958931161,OPC_Hippo
ulm,ZNF677,avg_log2FC,-0.167430377212361,0.867037046873425,OPC_Hippo
ulm,ZNF680,avg_log2FC,-1.4258812207083,0.153954464161518,OPC_Hippo
ulm,ZNF697,avg_log2FC,1.09475058991831,0.273669702019784,OPC_Hippo
ulm,ZNF7,avg_log2FC,0.759537873289288,0.447560597981251,OPC_Hippo
ulm,ZNF704,avg_log2FC,-1.84461623409948,0.0651424632569506,OPC_Hippo
ulm,ZNF707,avg_log2FC,0.291559304886576,0.770633636311204,OPC_Hippo
ulm,ZNF708,avg_log2FC,-0.937697003474753,0.34843774896966,OPC_Hippo
ulm,ZNF711,avg_log2FC,-3.88511905367726,0.000103376665925332,OPC_Hippo
ulm,ZNF740,avg_log2FC,-1.46752508770072,0.142285493154927,OPC_Hippo
ulm,ZNF746,avg_log2FC,0.0585662838101697,0.953299509400685,OPC_Hippo
ulm,ZNF766,avg_log2FC,-0.316604845701775,0.751554432530898,OPC_Hippo
ulm,ZNF768,avg_log2FC,0.500549518477137,0.616706490189776,OPC_Hippo
ulm,ZNF774,avg_log2FC,1.67386493054488,0.0942090802752868,OPC_Hippo
ulm,ZNF777,avg_log2FC,-1.06837102041751,0.285396007967172,OPC_Hippo
ulm,ZNF781,avg_log2FC,0.872166847198793,0.383152134227506,OPC_Hippo
ulm,ZNF784,avg_log2FC,-1.59366454635218,0.111063669545091,OPC_Hippo
ulm,ZNF785,avg_log2FC,0.579915360360944,0.561993392263744,OPC_Hippo
ulm,ZNF791,avg_log2FC,-0.155864205787984,0.87614528434004,OPC_Hippo
ulm,ZNF8,avg_log2FC,-2.79876784320628,0.00514611646807792,OPC_Hippo
ulm,ZNF816,avg_log2FC,-0.518172171943143,0.604357185369906,OPC_Hippo
ulm,ZNF830,avg_log2FC,-0.163886903745854,0.869825676872471,OPC_Hippo
ulm,ZNF843,avg_log2FC,0.329222889245233,0.741998672494484,OPC_Hippo
ulm,ZNF85,avg_log2FC,-4.25480880279434,2.12400576124991e-05,OPC_Hippo
ulm,ZNF92,avg_log2FC,0.753376086386668,0.451253400928719,OPC_Hippo
ulm,ZSCAN18,avg_log2FC,-0.653723184018606,0.513315124346895,OPC_Hippo
ulm,ZSCAN2,avg_log2FC,-0.898854701898362,0.368765996680356,OPC_Hippo
ulm,ZSCAN21,avg_log2FC,-1.2970898610052,0.194649961295772,OPC_Hippo
ulm,ZSCAN23,avg_log2FC,-1.14559349334419,0.252008913672489,OPC_Hippo
ulm,ZSCAN30,avg_log2FC,-1.71937950979133,0.0855966774113329,OPC_Hippo
ulm,ZSCAN31,avg_log2FC,-0.418914718724587,0.675293400276058,OPC_Hippo
ulm,ZSCAN4,avg_log2FC,4.34066010091326,1.44381105881305e-05,OPC_Hippo
ulm,ZSCAN5B,avg_log2FC,1.91520542133123,0.055513627482417,OPC_Hippo
ulm,ZSCAN5C,avg_log2FC,-0.978394448141729,0.327918575287308,OPC_Hippo
ulm,ZSCAN5DP,avg_log2FC,-1.57832304680358,0.114543937063937,OPC_Hippo
ulm,ZZZ3,avg_log2FC,-2.25426927945781,0.0242150242162823,OPC_Hippo
ulm,ADA2,avg_log2FC,-3.48865143359148,0.000487582725797649,Neuron_Ex_Frontal
ulm,ADNP,avg_log2FC,-2.13919449402511,0.0324444114095513,Neuron_Ex_Frontal
ulm,AEBP2,avg_log2FC,-4.78056516692968,1.7733210598508e-06,Neuron_Ex_Frontal
ulm,AHRR,avg_log2FC,-5.65984886043496,1.55741421499477e-08,Neuron_Ex_Frontal
ulm,ALKBH3,avg_log2FC,-3.3111931467003,0.000932329648884684,Neuron_Ex_Frontal
ulm,ALX4,avg_log2FC,0.432607294738948,0.665309552363232,Neuron_Ex_Frontal
ulm,ARHGAP35,avg_log2FC,-1.82466969993864,0.0680811391257017,Neuron_Ex_Frontal
ulm,ARID3B,avg_log2FC,0.185783357991765,0.852618478110382,Neuron_Ex_Frontal
ulm,ARID5B,avg_log2FC,-3.10588643073774,0.00190247968597664,Neuron_Ex_Frontal
ulm,ARNT2,avg_log2FC,-5.82013613102689,6.06345349430257e-09,Neuron_Ex_Frontal
ulm,ASH1L,avg_log2FC,-4.48186220094717,7.48292976382591e-06,Neuron_Ex_Frontal
ulm,ASXL2,avg_log2FC,-0.509858457303747,0.610162041959968,Neuron_Ex_Frontal
ulm,ATF5,avg_log2FC,-4.06827025328096,4.77324456491933e-05,Neuron_Ex_Frontal
ulm,ATF6,avg_log2FC,-6.83561925667219,8.64872956138443e-12,Neuron_Ex_Frontal
ulm,ATM,avg_log2FC,-1.18371652173003,0.23655383890964,Neuron_Ex_Frontal
ulm,ATOH8,avg_log2FC,-1.56142897542382,0.118454669430243,Neuron_Ex_Frontal
ulm,ATXN7L3,avg_log2FC,-6.04127702942336,1.58428463574528e-09,Neuron_Ex_Frontal
ulm,AUTS2,avg_log2FC,-4.81563046577538,1.48919693402799e-06,Neuron_Ex_Frontal
ulm,BAHD1,avg_log2FC,-0.127153757332769,0.898821297915956,Neuron_Ex_Frontal
ulm,BANP,avg_log2FC,-4.73881617678351,2.17976856857857e-06,Neuron_Ex_Frontal
ulm,BARHL1,avg_log2FC,-6.67242396356253,2.65134687677865e-11,Neuron_Ex_Frontal
ulm,BARX1,avg_log2FC,-6.74357057566627,1.63207640668398e-11,Neuron_Ex_Frontal
ulm,BARX2,avg_log2FC,-5.99827796353846,2.06431391565637e-09,Neuron_Ex_Frontal
ulm,BCL6B,avg_log2FC,-0.541267317500419,0.588335575016132,Neuron_Ex_Frontal
ulm,BDP1,avg_log2FC,-0.728481636389704,0.466336110022342,Neuron_Ex_Frontal
ulm,BPTF,avg_log2FC,-0.401036425192511,0.688401998105708,Neuron_Ex_Frontal
ulm,BRCA2,avg_log2FC,-6.65593634328254,2.96481262931015e-11,Neuron_Ex_Frontal
ulm,BRF1,avg_log2FC,-2.1518550577737,0.0314329817900456,Neuron_Ex_Frontal
ulm,CARM1,avg_log2FC,-0.637041267451696,0.524112756594103,Neuron_Ex_Frontal
ulm,CASP8AP2,avg_log2FC,-1.73135527937773,0.0834197041327183,Neuron_Ex_Frontal
ulm,CAVIN1,avg_log2FC,-0.512563411669356,0.608268236508474,Neuron_Ex_Frontal
ulm,CBX5,avg_log2FC,2.17032323975678,0.030006162391067,Neuron_Ex_Frontal
ulm,CBX7,avg_log2FC,-0.940902107973961,0.346778082277884,Neuron_Ex_Frontal
ulm,CC2D1A,avg_log2FC,-2.33064595095341,0.019792102003273,Neuron_Ex_Frontal
ulm,CDC5L,avg_log2FC,-1.44003043707446,0.14989054336839,Neuron_Ex_Frontal
ulm,CDC73,avg_log2FC,-5.83239013558808,5.6358176194278e-09,Neuron_Ex_Frontal
ulm,CDH4,avg_log2FC,-2.29502540434323,0.0217525742077345,Neuron_Ex_Frontal
ulm,CDX1,avg_log2FC,-0.459300923119063,0.646028212454626,Neuron_Ex_Frontal
ulm,CEBPE,avg_log2FC,1.06216419421434,0.288187171112964,Neuron_Ex_Frontal
ulm,CEBPZ,avg_log2FC,-5.66759563747941,1.4888509032842e-08,Neuron_Ex_Frontal
ulm,CENPT,avg_log2FC,-3.26910918798669,0.00108256486966537,Neuron_Ex_Frontal
ulm,CHAF1A,avg_log2FC,-1.43536310704281,0.151215379713234,Neuron_Ex_Frontal
ulm,CHAF1B,avg_log2FC,-5.45825768446328,4.92485943815308e-08,Neuron_Ex_Frontal
ulm,CHAMP1,avg_log2FC,0.236928038264682,0.812717540814709,Neuron_Ex_Frontal
ulm,CIC,avg_log2FC,-5.16098440337597,2.50439188630637e-07,Neuron_Ex_Frontal
ulm,CIITA,avg_log2FC,-6.7395033879575,1.67820178475596e-11,Neuron_Ex_Frontal
ulm,COBLL1,avg_log2FC,-2.88450843724138,0.00392874597642661,Neuron_Ex_Frontal
ulm,CREB3,avg_log2FC,-1.66344156456392,0.0962558652254595,Neuron_Ex_Frontal
ulm,CREB3L2,avg_log2FC,-2.01866208732917,0.0435493764212733,Neuron_Ex_Frontal
ulm,CREB3L4,avg_log2FC,-5.67355851541094,1.4380823336792e-08,Neuron_Ex_Frontal
ulm,CSHL1,avg_log2FC,-0.578106580624967,0.563205369610394,Neuron_Ex_Frontal
ulm,CTR9,avg_log2FC,-1.88305854253284,0.059721851923761,Neuron_Ex_Frontal
ulm,CUX1,avg_log2FC,-3.06454569774669,0.00218589885244218,Neuron_Ex_Frontal
ulm,DACH1,avg_log2FC,-3.10886336217013,0.00188343441528712,Neuron_Ex_Frontal
ulm,DBP,avg_log2FC,-8.6960730180097,3.98405061785847e-18,Neuron_Ex_Frontal
ulm,DICER1,avg_log2FC,-1.33241501306219,0.182754649704248,Neuron_Ex_Frontal
ulm,DIDO1,avg_log2FC,-4.30590744915529,1.6791162451152e-05,Neuron_Ex_Frontal
ulm,DLX2,avg_log2FC,-0.446686393642445,0.655111319620118,Neuron_Ex_Frontal
ulm,DLX4,avg_log2FC,-5.4969096778927,3.96137190056965e-08,Neuron_Ex_Frontal
ulm,DLX6,avg_log2FC,-4.97718081958862,6.56082823453341e-07,Neuron_Ex_Frontal
ulm,DMRT1,avg_log2FC,-3.61298782022434,0.000304195130388005,Neuron_Ex_Frontal
ulm,DNMT1,avg_log2FC,0.943463320963956,0.345467089030727,Neuron_Ex_Frontal
ulm,DNMT3A,avg_log2FC,-3.55102705982968,0.000385520607082051,Neuron_Ex_Frontal
ulm,DPPA3,avg_log2FC,-0.33754927251014,0.735710062064799,Neuron_Ex_Frontal
ulm,DROSHA,avg_log2FC,0.000249623700407071,0.999800834156436,Neuron_Ex_Frontal
ulm,DYRK1A,avg_log2FC,-4.77292822759944,1.84177190971405e-06,Neuron_Ex_Frontal
ulm,E2F2,avg_log2FC,-5.51934368497528,3.4888504568483e-08,Neuron_Ex_Frontal
ulm,E2F5,avg_log2FC,-3.24122157296185,0.00119413897215784,Neuron_Ex_Frontal
ulm,EBNA1BP2,avg_log2FC,0.563572926285915,0.573057635386743,Neuron_Ex_Frontal
ulm,EGFR,avg_log2FC,-3.68239450662203,0.000232288391766886,Neuron_Ex_Frontal
ulm,ELF2,avg_log2FC,-7.3483341823774,2.16622783505796e-13,Neuron_Ex_Frontal
ulm,ELF5,avg_log2FC,-3.42582796141021,0.000615428509413107,Neuron_Ex_Frontal
ulm,EMX1,avg_log2FC,-2.38859510961847,0.0169316295399853,Neuron_Ex_Frontal
ulm,EPC1,avg_log2FC,-5.56729650129242,2.65500135509297e-08,Neuron_Ex_Frontal
ulm,ERCC8,avg_log2FC,-0.0704775505780646,0.943814997738927,Neuron_Ex_Frontal
ulm,EWSR1,avg_log2FC,-4.90167304953173,9.65385473657789e-07,Neuron_Ex_Frontal
ulm,F10,avg_log2FC,-0.739852065733051,0.459407380821459,Neuron_Ex_Frontal
ulm,FEV,avg_log2FC,-6.27410131031113,3.66437287394207e-10,Neuron_Ex_Frontal
ulm,FOXC1,avg_log2FC,0.41149405078107,0.680719248429366,Neuron_Ex_Frontal
ulm,FOXD2,avg_log2FC,-6.42689663413615,1.36259180056625e-10,Neuron_Ex_Frontal
ulm,FOXD3,avg_log2FC,-0.108209201686148,0.91383194815984,Neuron_Ex_Frontal
ulm,FOXE1,avg_log2FC,-7.28247785895523,3.52823245382901e-13,Neuron_Ex_Frontal
ulm,FOXG1,avg_log2FC,-4.73147605510328,2.2599175201042e-06,Neuron_Ex_Frontal
ulm,FOXJ2,avg_log2FC,-1.0960948205969,0.273064057026837,Neuron_Ex_Frontal
ulm,FOXN3,avg_log2FC,2.37533670629842,0.0175519597410267,Neuron_Ex_Frontal
ulm,FOXO4,avg_log2FC,-3.68219481001806,0.000232470219894505,Neuron_Ex_Frontal
ulm,FOXQ1,avg_log2FC,-1.59845487319482,0.109973829392486,Neuron_Ex_Frontal
ulm,FOXR2,avg_log2FC,-4.7349643799767,2.22148078150989e-06,Neuron_Ex_Frontal
ulm,FXR1,avg_log2FC,-6.60180329218273,4.27103913323635e-11,Neuron_Ex_Frontal
ulm,GLI1,avg_log2FC,0.152020666436544,0.879173746581889,Neuron_Ex_Frontal
ulm,GLI3,avg_log2FC,-4.02250828119742,5.80113749035577e-05,Neuron_Ex_Frontal
ulm,GLI4,avg_log2FC,-3.64247055172872,0.000271419199765281,Neuron_Ex_Frontal
ulm,GREB1,avg_log2FC,0.757717993745681,0.448637936373355,Neuron_Ex_Frontal
ulm,GTF2A2,avg_log2FC,-7.36913319930998,1.85531392922887e-13,Neuron_Ex_Frontal
ulm,GTF2E2,avg_log2FC,-6.05843811268211,1.42476376488773e-09,Neuron_Ex_Frontal
ulm,GTF3A,avg_log2FC,0.318616918731709,0.750023772270993,Neuron_Ex_Frontal
ulm,GUCY1B1,avg_log2FC,-5.72438425198642,1.06843795978777e-08,Neuron_Ex_Frontal
ulm,H1_6,avg_log2FC,-2.04317232451527,0.0410619163270516,Neuron_Ex_Frontal
ulm,HAND1,avg_log2FC,-0.667444008700641,0.504504186481185,Neuron_Ex_Frontal
ulm,HBZ,avg_log2FC,1.21668928887715,0.223751584451692,Neuron_Ex_Frontal
ulm,HDAC4,avg_log2FC,-2.69739732632162,0.00700027001386212,Neuron_Ex_Frontal
ulm,HDAC8,avg_log2FC,-1.38943667275303,0.16473138540242,Neuron_Ex_Frontal
ulm,HDGF,avg_log2FC,-5.39385829967861,7.05564326614965e-08,Neuron_Ex_Frontal
ulm,HES2,avg_log2FC,-1.06666319822247,0.286150073061931,Neuron_Ex_Frontal
ulm,HES4,avg_log2FC,-4.7453171047165,2.11106894918202e-06,Neuron_Ex_Frontal
ulm,HEY2,avg_log2FC,-0.328673058496415,0.74240980156293,Neuron_Ex_Frontal
ulm,HHEX,avg_log2FC,-3.89698256537828,9.80431982930028e-05,Neuron_Ex_Frontal
ulm,HJURP,avg_log2FC,-3.23976467194271,0.00120025012373517,Neuron_Ex_Frontal
ulm,HMG20B,avg_log2FC,-2.93985245797912,0.00329130877455675,Neuron_Ex_Frontal
ulm,HMGA1,avg_log2FC,3.42058559647297,0.000627398908846784,Neuron_Ex_Frontal
ulm,HMGB2,avg_log2FC,-2.79142596184495,0.00525773293936662,Neuron_Ex_Frontal
ulm,HOXA1,avg_log2FC,-4.27859897039054,1.89849290856009e-05,Neuron_Ex_Frontal
ulm,HOXA10,avg_log2FC,-2.03018911704646,0.042364114691668,Neuron_Ex_Frontal
ulm,HOXA13,avg_log2FC,-1.36284924300375,0.172961157545627,Neuron_Ex_Frontal
ulm,HOXA7,avg_log2FC,-1.819263118655,0.0689016183686693,Neuron_Ex_Frontal
ulm,HOXB4,avg_log2FC,-3.52455308761436,0.000426121567718091,Neuron_Ex_Frontal
ulm,HOXB6,avg_log2FC,-4.08060343059244,4.52729598804064e-05,Neuron_Ex_Frontal
ulm,HOXB7,avg_log2FC,0.115427408433017,0.908108706346642,Neuron_Ex_Frontal
ulm,HOXC11,avg_log2FC,-1.86516894896777,0.0621874131294262,Neuron_Ex_Frontal
ulm,HOXC13,avg_log2FC,-2.31029047443303,0.0208926239189575,Neuron_Ex_Frontal
ulm,HOXC6,avg_log2FC,-4.44570468950883,8.85622633455907e-06,Neuron_Ex_Frontal
ulm,HOXD1,avg_log2FC,-0.0864533874240406,0.931107764539084,Neuron_Ex_Frontal
ulm,HOXD11,avg_log2FC,-1.88583076109733,0.0593471386495172,Neuron_Ex_Frontal
ulm,HSD17B8,avg_log2FC,0.69889963605749,0.484631242938624,Neuron_Ex_Frontal
ulm,HSF2,avg_log2FC,-6.03482139400691,1.64869176443554e-09,Neuron_Ex_Frontal
ulm,HSF4,avg_log2FC,-1.47508870026435,0.140220633730466,Neuron_Ex_Frontal
ulm,ID1,avg_log2FC,-4.1201526704273,3.81717108030132e-05,Neuron_Ex_Frontal
ulm,ID2,avg_log2FC,-4.43520855093292,9.29800404044351e-06,Neuron_Ex_Frontal
ulm,IGLV5_37,avg_log2FC,0.57003623123865,0.568666114971555,Neuron_Ex_Frontal
ulm,ILK,avg_log2FC,-1.73448317642032,0.0828636463985332,Neuron_Ex_Frontal
ulm,INSM2,avg_log2FC,-3.79716152452052,0.000147240547217918,Neuron_Ex_Frontal
ulm,IRF5,avg_log2FC,-5.01742582517608,5.32823156310761e-07,Neuron_Ex_Frontal
ulm,IRX2,avg_log2FC,-3.14852762648513,0.00164584865553242,Neuron_Ex_Frontal
ulm,IRX3,avg_log2FC,-3.46967329934023,0.00052332042466219,Neuron_Ex_Frontal
ulm,KAT2A,avg_log2FC,-6.83958619821476,8.41369879335831e-12,Neuron_Ex_Frontal
ulm,KAT5,avg_log2FC,-8.67005717489782,4.99971284167489e-18,Neuron_Ex_Frontal
ulm,KDM1B,avg_log2FC,-0.436556109476005,0.662442859866061,Neuron_Ex_Frontal
ulm,KLF14,avg_log2FC,-2.7304427326472,0.00633617113377794,Neuron_Ex_Frontal
ulm,KLF7,avg_log2FC,-4.56951151886612,4.94804040128706e-06,Neuron_Ex_Frontal
ulm,KMT2D,avg_log2FC,-2.50228948309474,0.0123553643175059,Neuron_Ex_Frontal
ulm,LCORL,avg_log2FC,-2.84681656106148,0.00442500180425762,Neuron_Ex_Frontal
ulm,LHX2,avg_log2FC,-3.39982659846075,0.000676959384041222,Neuron_Ex_Frontal
ulm,LHX3,avg_log2FC,-0.138387359108014,0.889937113447754,Neuron_Ex_Frontal
ulm,LHX9,avg_log2FC,-2.68539068977941,0.0072566337910944,Neuron_Ex_Frontal
ulm,LMNB2,avg_log2FC,0.364629379807609,0.715395901994031,Neuron_Ex_Frontal
ulm,LMTK3,avg_log2FC,1.23281956489184,0.217672488508419,Neuron_Ex_Frontal
ulm,LMX1B,avg_log2FC,-1.52183858185648,0.128081605589213,Neuron_Ex_Frontal
ulm,MAFG,avg_log2FC,-2.0078243293756,0.0446891974139027,Neuron_Ex_Frontal
ulm,MAML1,avg_log2FC,0.432956494424486,0.665055848292417,Neuron_Ex_Frontal
ulm,MAP2K1,avg_log2FC,-1.45784063712162,0.144916329502912,Neuron_Ex_Frontal
ulm,MAPK3,avg_log2FC,-5.2048218356509,1.98091664665264e-07,Neuron_Ex_Frontal
ulm,MCM2,avg_log2FC,-1.44754825863808,0.147775230192424,Neuron_Ex_Frontal
ulm,MCM3,avg_log2FC,-3.16859212550947,0.00153647092392898,Neuron_Ex_Frontal
ulm,MCRS1,avg_log2FC,-0.711229284363493,0.476958992325305,Neuron_Ex_Frontal
ulm,MDM2,avg_log2FC,-3.35364355350824,0.000800555655705103,Neuron_Ex_Frontal
ulm,MED16,avg_log2FC,-2.7111435265336,0.00671677452403989,Neuron_Ex_Frontal
ulm,MED25,avg_log2FC,-1.74467160566885,0.0810732112102636,Neuron_Ex_Frontal
ulm,MEF2C,avg_log2FC,-2.29559390362801,0.0217200040419774,Neuron_Ex_Frontal
ulm,MEF2D,avg_log2FC,-1.8779765860469,0.0604138631660029,Neuron_Ex_Frontal
ulm,METHYLCYTOSINE_DIOXYGENASE_TET_UNIPROT_A0A023HHK9_UNREVIEWED,avg_log2FC,0.267188809000525,0.789329381352991,Neuron_Ex_Frontal
ulm,METTL14,avg_log2FC,-0.423157941552595,0.672189261248247,Neuron_Ex_Frontal
ulm,MIER1,avg_log2FC,-2.85652420363514,0.00429203069670713,Neuron_Ex_Frontal
ulm,MSX1,avg_log2FC,-2.37918032859721,0.0173701063699977,Neuron_Ex_Frontal
ulm,MSX2,avg_log2FC,-2.35852295800548,0.0183672325653219,Neuron_Ex_Frontal
ulm,MTHFD1,avg_log2FC,-1.90319384397187,0.0570443559771156,Neuron_Ex_Frontal
ulm,MXD1,avg_log2FC,-3.25327114514315,0.00114468689256914,Neuron_Ex_Frontal
ulm,MYBL1,avg_log2FC,-4.43879923734276,9.14455571344414e-06,Neuron_Ex_Frontal
ulm,MYF6,avg_log2FC,0.25912124562533,0.795547103270865,Neuron_Ex_Frontal
ulm,MYOCD,avg_log2FC,0.959838956307359,0.337159813198877,Neuron_Ex_Frontal
ulm,MZF1,avg_log2FC,-6.17190592771254,7.01277551646097e-10,Neuron_Ex_Frontal
ulm,NAB2,avg_log2FC,-5.65913624704277,1.56387311844117e-08,Neuron_Ex_Frontal
ulm,NCOA2,avg_log2FC,-3.46342707326582,0.000535606897413514,Neuron_Ex_Frontal
ulm,NCOA4,avg_log2FC,-6.11431406265252,1.00651149673593e-09,Neuron_Ex_Frontal
ulm,NCOA6,avg_log2FC,-2.47871900736219,0.0132021171542781,Neuron_Ex_Frontal
ulm,NEUROD2,avg_log2FC,-0.279740568915659,0.779682419980334,Neuron_Ex_Frontal
ulm,NEUROG3,avg_log2FC,-2.4167151387501,0.0156793083851341,Neuron_Ex_Frontal
ulm,NFE2L1,avg_log2FC,-8.97883197970455,3.23712886872626e-19,Neuron_Ex_Frontal
ulm,NFKBIA,avg_log2FC,2.00329226871005,0.045173249272335,Neuron_Ex_Frontal
ulm,NFXL1,avg_log2FC,0.125293063468917,0.900294098330187,Neuron_Ex_Frontal
ulm,NKX2_2,avg_log2FC,-6.36018861513109,2.10446514200527e-10,Neuron_Ex_Frontal
ulm,NKX2_3,avg_log2FC,-2.78961922061936,0.00528713598556523,Neuron_Ex_Frontal
ulm,NKX2_5,avg_log2FC,-3.64674205396203,0.000266954806960356,Neuron_Ex_Frontal
ulm,NKX2_8,avg_log2FC,-0.875756065633128,0.38118399662069,Neuron_Ex_Frontal
ulm,NKX6_1,avg_log2FC,-0.0553891171349257,0.955829588265812,Neuron_Ex_Frontal
ulm,NME2,avg_log2FC,2.02251506022577,0.0431501167590654,Neuron_Ex_Frontal
ulm,NOTCH3,avg_log2FC,-0.995763175322481,0.319389667251147,Neuron_Ex_Frontal
ulm,NPAT,avg_log2FC,-2.78888574081453,0.00529911502646458,Neuron_Ex_Frontal
ulm,NPM1,avg_log2FC,-5.22858527038438,1.74312107769344e-07,Neuron_Ex_Frontal
ulm,NR0B1,avg_log2FC,-0.838747692273023,0.401631246455012,Neuron_Ex_Frontal
ulm,NR1D1,avg_log2FC,-1.43224045330822,0.152106724504305,Neuron_Ex_Frontal
ulm,NR1H4,avg_log2FC,-0.435802460405989,0.662989600859998,Neuron_Ex_Frontal
ulm,NR1I2,avg_log2FC,-3.85486245351977,0.000116530163232741,Neuron_Ex_Frontal
ulm,NR2E3,avg_log2FC,-0.777168609037052,0.437077948335405,Neuron_Ex_Frontal
ulm,NR5A1,avg_log2FC,-1.54960501775399,0.121268448705984,Neuron_Ex_Frontal
ulm,NUFIP1,avg_log2FC,0.38187276678705,0.702563972268442,Neuron_Ex_Frontal
ulm,OVOL3,avg_log2FC,-3.62368960182224,0.000291891450623603,Neuron_Ex_Frontal
ulm,PAF1,avg_log2FC,-1.90821785656323,0.0563920830276981,Neuron_Ex_Frontal
ulm,PAX3,avg_log2FC,3.44320917850931,0.000577243868221914,Neuron_Ex_Frontal
ulm,PAX6,avg_log2FC,-2.65769147435545,0.00788047886669259,Neuron_Ex_Frontal
ulm,PAX7,avg_log2FC,0.41857998289024,0.675532239930171,Neuron_Ex_Frontal
ulm,PAX8,avg_log2FC,-1.25404145073538,0.209856675202822,Neuron_Ex_Frontal
ulm,PBXIP1,avg_log2FC,-0.0756392498597543,0.93970764387906,Neuron_Ex_Frontal
ulm,PCGF1,avg_log2FC,-2.26020768139462,0.0238300877884949,Neuron_Ex_Frontal
ulm,PCGF6,avg_log2FC,-0.872606550145573,0.382898822227783,Neuron_Ex_Frontal
ulm,PER1,avg_log2FC,-2.94866036219038,0.00319903545506973,Neuron_Ex_Frontal
ulm,PGBD5,avg_log2FC,-0.378725022310348,0.704900225964167,Neuron_Ex_Frontal
ulm,PGM3,avg_log2FC,-3.57530102316427,0.000351498818342968,Neuron_Ex_Frontal
ulm,PHB2,avg_log2FC,-1.09233095839247,0.274714351466304,Neuron_Ex_Frontal
ulm,PHF21A,avg_log2FC,-1.38211246754191,0.166968485728115,Neuron_Ex_Frontal
ulm,PIAS4,avg_log2FC,-0.552368083386138,0.580708716018008,Neuron_Ex_Frontal
ulm,PITX1,avg_log2FC,-4.14368370246661,3.44626728898896e-05,Neuron_Ex_Frontal
ulm,POU2AF1,avg_log2FC,-4.54461274706663,5.56913445249566e-06,Neuron_Ex_Frontal
ulm,PPARA,avg_log2FC,-2.67866190177247,0.00740396152852836,Neuron_Ex_Frontal
ulm,PPARGC1A,avg_log2FC,-6.75447503165152,1.51445108495472e-11,Neuron_Ex_Frontal
ulm,PRDM12,avg_log2FC,1.06778252547143,0.285644769571585,Neuron_Ex_Frontal
ulm,PRDM4,avg_log2FC,-2.39757872824628,0.0165223224344422,Neuron_Ex_Frontal
ulm,PRDM5,avg_log2FC,1.09683650890781,0.272739659537926,Neuron_Ex_Frontal
ulm,PRKDC,avg_log2FC,-2.90049157857599,0.00373401417545562,Neuron_Ex_Frontal
ulm,PRMT5,avg_log2FC,-1.20716558152004,0.227397346533205,Neuron_Ex_Frontal
ulm,PSIP1,avg_log2FC,-2.74969953806571,0.00597586401661303,Neuron_Ex_Frontal
ulm,PSMB5,avg_log2FC,-10.7571421239684,7.72664503296394e-27,Neuron_Ex_Frontal
ulm,PTPRA,avg_log2FC,-2.44091659412834,0.0146675140574642,Neuron_Ex_Frontal
ulm,PTTG1,avg_log2FC,-0.2464445479232,0.805343256358139,Neuron_Ex_Frontal
ulm,RAG1,avg_log2FC,-4.58153175842152,4.672497101016e-06,Neuron_Ex_Frontal
ulm,RAX2,avg_log2FC,-4.03179953556147,5.5768129903571e-05,Neuron_Ex_Frontal
ulm,RBL1,avg_log2FC,-2.32031224259968,0.0203443018523866,Neuron_Ex_Frontal
ulm,RBM15,avg_log2FC,-3.08389063676386,0.00204877605757588,Neuron_Ex_Frontal
ulm,RBM17,avg_log2FC,-0.0322073260233424,0.97430736591647,Neuron_Ex_Frontal
ulm,RBM34,avg_log2FC,-3.8562756525522,0.000115859887184255,Neuron_Ex_Frontal
ulm,RFX7,avg_log2FC,-3.79099345259144,0.000150940627033455,Neuron_Ex_Frontal
ulm,RLF,avg_log2FC,-0.12320393241534,0.901948123315176,Neuron_Ex_Frontal
ulm,RORA,avg_log2FC,-1.30058204858068,0.193431957249587,Neuron_Ex_Frontal
ulm,RPA1,avg_log2FC,-1.60777843541563,0.107915737321816,Neuron_Ex_Frontal
ulm,RUVBL1,avg_log2FC,-3.30844998291372,0.000941500958581809,Neuron_Ex_Frontal
ulm,RUVBL2,avg_log2FC,-2.41318534326124,0.0158318984743558,Neuron_Ex_Frontal
ulm,RYBP,avg_log2FC,-2.53060895871428,0.0114018986377123,Neuron_Ex_Frontal
ulm,SAFB2,avg_log2FC,-3.14984421319433,0.00163845748854557,Neuron_Ex_Frontal
ulm,SALL4,avg_log2FC,-5.38112942577452,7.57170840407639e-08,Neuron_Ex_Frontal
ulm,SETBP1,avg_log2FC,-2.21774154538076,0.0265951711159956,Neuron_Ex_Frontal
ulm,SETD1A,avg_log2FC,-7.0549169333142,1.8432250289207e-12,Neuron_Ex_Frontal
ulm,SETD7,avg_log2FC,-11.5196488358505,1.64614656998988e-30,Neuron_Ex_Frontal
ulm,SFMBT1,avg_log2FC,-4.69059726660033,2.76070877656035e-06,Neuron_Ex_Frontal
ulm,SIGMAR1,avg_log2FC,-2.47667494752285,0.0132779120029252,Neuron_Ex_Frontal
ulm,SIPA1,avg_log2FC,-1.14273705494657,0.253175532025953,Neuron_Ex_Frontal
ulm,SIRT3,avg_log2FC,0.258851826144425,0.795754973202866,Neuron_Ex_Frontal
ulm,SIX1,avg_log2FC,0.724206450925469,0.468956184850962,Neuron_Ex_Frontal
ulm,SIX4,avg_log2FC,-0.101519648971896,0.919140025184939,Neuron_Ex_Frontal
ulm,SKIL,avg_log2FC,-4.52685984330783,6.05684560671106e-06,Neuron_Ex_Frontal
ulm,SKP2,avg_log2FC,-0.396401542173024,0.69181740849478,Neuron_Ex_Frontal
ulm,SMARCA1,avg_log2FC,-1.69559767217674,0.0899936766083539,Neuron_Ex_Frontal
ulm,SMCHD1,avg_log2FC,-1.39972851309149,0.161626099428609,Neuron_Ex_Frontal
ulm,SMN1_SMN2,avg_log2FC,-0.88688399908906,0.375162992661882,Neuron_Ex_Frontal
ulm,SNAI1,avg_log2FC,-2.04034617560512,0.0413424498934448,Neuron_Ex_Frontal
ulm,SNAPC4,avg_log2FC,0.190195406082758,0.849159927019633,Neuron_Ex_Frontal
ulm,SNIP1,avg_log2FC,-4.72317021433659,2.35402483901706e-06,Neuron_Ex_Frontal
ulm,SNRNP70,avg_log2FC,-7.01461654709013,2.45737467231373e-12,Neuron_Ex_Frontal
ulm,SOX10,avg_log2FC,1.52578051668231,0.12709661481023,Neuron_Ex_Frontal
ulm,SOX11,avg_log2FC,-0.707973116791627,0.478978690212538,Neuron_Ex_Frontal
ulm,SOX3,avg_log2FC,-3.22576244597637,0.00126047526431616,Neuron_Ex_Frontal
ulm,SQSTM1,avg_log2FC,-0.124323009690584,0.901062064323991,Neuron_Ex_Frontal
ulm,SRPK1,avg_log2FC,-3.0144936595343,0.00258063402782036,Neuron_Ex_Frontal
ulm,SRPK2,avg_log2FC,0.55418342346898,0.579465892481882,Neuron_Ex_Frontal
ulm,SRSF9,avg_log2FC,0.995789261793125,0.319376990247637,Neuron_Ex_Frontal
ulm,SS18_SSX1_FUSION_UNIPROT_Q8IZH1_UNREVIEWED,avg_log2FC,1.15064302562874,0.249907034211563,Neuron_Ex_Frontal
ulm,STN1,avg_log2FC,-3.79522572657729,0.00014839248838969,Neuron_Ex_Frontal
ulm,SUMO1,avg_log2FC,-3.6741701442647,0.000239888377767268,Neuron_Ex_Frontal
ulm,SUPT16H,avg_log2FC,-6.2333769220328,4.75178283466504e-10,Neuron_Ex_Frontal
ulm,SUPT20H,avg_log2FC,-6.68649281657466,2.40971217929006e-11,Neuron_Ex_Frontal
ulm,SVIL,avg_log2FC,-1.12039284294285,0.262573687652665,Neuron_Ex_Frontal
ulm,SYNCRIP,avg_log2FC,-1.46285805060158,0.143538104973683,Neuron_Ex_Frontal
ulm,TAF9B,avg_log2FC,-4.73530432417744,2.21776880165844e-06,Neuron_Ex_Frontal
ulm,TAFAZZIN,avg_log2FC,-0.46606283346542,0.641180823113576,Neuron_Ex_Frontal
ulm,TASOR,avg_log2FC,-3.75467950932761,0.000174561479445193,Neuron_Ex_Frontal
ulm,TBPL1,avg_log2FC,0.451746857867403,0.651461295893777,Neuron_Ex_Frontal
ulm,TBX1,avg_log2FC,-0.534493875523632,0.593011939475924,Neuron_Ex_Frontal
ulm,TBX3,avg_log2FC,-3.11819914914502,0.00182483779980255,Neuron_Ex_Frontal
ulm,TCOF1,avg_log2FC,-0.151387710703701,0.879672980881598,Neuron_Ex_Frontal
ulm,TEAD2,avg_log2FC,-6.96458519307959,3.50406640265363e-12,Neuron_Ex_Frontal
ulm,TERF1,avg_log2FC,-0.46494616275823,0.641980280461426,Neuron_Ex_Frontal
ulm,TERF2,avg_log2FC,1.75201055732251,0.0798030834076595,Neuron_Ex_Frontal
ulm,TERT,avg_log2FC,-2.57749407447501,0.00996634993774949,Neuron_Ex_Frontal
ulm,TET1,avg_log2FC,-3.53841486183515,0.000404389594745554,Neuron_Ex_Frontal
ulm,TFCP2,avg_log2FC,-0.88615074651761,0.375557916437855,Neuron_Ex_Frontal
ulm,TFEB,avg_log2FC,-6.45833556571892,1.10853624015525e-10,Neuron_Ex_Frontal
ulm,THRA,avg_log2FC,-0.727537000788665,0.466914335547218,Neuron_Ex_Frontal
ulm,THRAP3,avg_log2FC,-1.57969575668245,0.114208641400579,Neuron_Ex_Frontal
ulm,TOP2B,avg_log2FC,-2.71407194760429,0.00665773050818443,Neuron_Ex_Frontal
ulm,TOX4,avg_log2FC,-3.07237188809075,0.00212944149581176,Neuron_Ex_Frontal
ulm,TRIP13,avg_log2FC,1.59284689614148,0.111226602710321,Neuron_Ex_Frontal
ulm,TSHZ1,avg_log2FC,0.204635550683907,0.8378611023302,Neuron_Ex_Frontal
ulm,UBE2I,avg_log2FC,-1.85787369474643,0.0632167457925548,Neuron_Ex_Frontal
ulm,UBN1,avg_log2FC,-5.01143889007706,5.49629835054783e-07,Neuron_Ex_Frontal
ulm,VRTN,avg_log2FC,-1.51427818888944,0.129987357663717,Neuron_Ex_Frontal
ulm,WDHD1,avg_log2FC,-0.22989120516082,0.818181080361293,Neuron_Ex_Frontal
ulm,WIZ,avg_log2FC,2.95547433160083,0.00312927547190318,Neuron_Ex_Frontal
ulm,WRN,avg_log2FC,-1.08459386787598,0.278128095879045,Neuron_Ex_Frontal
ulm,WRNIP1,avg_log2FC,-5.227109105093,1.75705128160844e-07,Neuron_Ex_Frontal
ulm,XPO1,avg_log2FC,0.315567006948589,0.752337863621763,Neuron_Ex_Frontal
ulm,YBX1,avg_log2FC,-2.33463627304285,0.0195824013955078,Neuron_Ex_Frontal
ulm,YBX3,avg_log2FC,-1.17131188214801,0.241501747156186,Neuron_Ex_Frontal
ulm,ZA_UNIPROT_Q9UM89_UNREVIEWED_GENES,avg_log2FC,-1.88448089774226,0.0595293515654956,Neuron_Ex_Frontal
ulm,ZBED4,avg_log2FC,-2.31340936654453,0.0207206150062651,Neuron_Ex_Frontal
ulm,ZBED5,avg_log2FC,-4.60978393170615,4.08155327399396e-06,Neuron_Ex_Frontal
ulm,ZBTB1,avg_log2FC,-2.39284358595789,0.0167369662517247,Neuron_Ex_Frontal
ulm,ZBTB12,avg_log2FC,-4.85090851619681,1.24778712043511e-06,Neuron_Ex_Frontal
ulm,ZBTB18,avg_log2FC,-1.95429205305523,0.050694919777338,Neuron_Ex_Frontal
ulm,ZBTB44,avg_log2FC,-3.36543946380574,0.000767135896501219,Neuron_Ex_Frontal
ulm,ZBTB49,avg_log2FC,-1.48763397628751,0.13687943244185,Neuron_Ex_Frontal
ulm,ZBTB5,avg_log2FC,-2.21591747175716,0.026719908162603,Neuron_Ex_Frontal
ulm,ZC3H11A,avg_log2FC,-4.6717858428125,3.02544603070837e-06,Neuron_Ex_Frontal
ulm,ZFHX3,avg_log2FC,-7.6383536192139,2.40476216659665e-14,Neuron_Ex_Frontal
ulm,ZFP28,avg_log2FC,0.776628123822561,0.437396837518475,Neuron_Ex_Frontal
ulm,ZFP3,avg_log2FC,-0.336251411144036,0.73668844384341,Neuron_Ex_Frontal
ulm,ZFP36L1,avg_log2FC,-1.62138485894313,0.104967106775959,Neuron_Ex_Frontal
ulm,ZFP82,avg_log2FC,-0.652477344124871,0.51410849747031,Neuron_Ex_Frontal
ulm,ZFP91,avg_log2FC,-2.27864870730731,0.0227092470728054,Neuron_Ex_Frontal
ulm,ZIM3,avg_log2FC,1.10942741289923,0.267272904883962,Neuron_Ex_Frontal
ulm,ZMYM2,avg_log2FC,-1.06501169031706,0.286896723943618,Neuron_Ex_Frontal
ulm,ZMYND11,avg_log2FC,-2.91148752002141,0.00360518413724218,Neuron_Ex_Frontal
ulm,ZNF10,avg_log2FC,-2.13470430593618,0.0328097618126763,Neuron_Ex_Frontal
ulm,ZNF101,avg_log2FC,-3.16336717035211,0.00156428993149337,Neuron_Ex_Frontal
ulm,ZNF133,avg_log2FC,2.04303226497341,0.0410757810474855,Neuron_Ex_Frontal
ulm,ZNF134,avg_log2FC,-1.3341277660288,0.18219280564691,Neuron_Ex_Frontal
ulm,ZNF136,avg_log2FC,-0.351821287788855,0.724979812495894,Neuron_Ex_Frontal
ulm,ZNF140,avg_log2FC,-1.96394442853463,0.0495645949303733,Neuron_Ex_Frontal
ulm,ZNF146,avg_log2FC,-3.44888388087553,0.000565262840278622,Neuron_Ex_Frontal
ulm,ZNF157,avg_log2FC,1.1300432971048,0.258485474950978,Neuron_Ex_Frontal
ulm,ZNF16,avg_log2FC,2.88290630713323,0.00394876574916208,Neuron_Ex_Frontal
ulm,ZNF165,avg_log2FC,-0.0338535855680154,0.972994590695716,Neuron_Ex_Frontal
ulm,ZNF169,avg_log2FC,-0.455825387416941,0.648525586973338,Neuron_Ex_Frontal
ulm,ZNF175,avg_log2FC,-4.43342015150763,9.3753463659448e-06,Neuron_Ex_Frontal
ulm,ZNF184,avg_log2FC,-4.04996745029921,5.1617073359707e-05,Neuron_Ex_Frontal
ulm,ZNF19,avg_log2FC,-1.55512150665865,0.119949235037981,Neuron_Ex_Frontal
ulm,ZNF197,avg_log2FC,-2.48762666123357,0.0128762649118883,Neuron_Ex_Frontal
ulm,ZNF2,avg_log2FC,-3.89032682358455,0.000100767536667423,Neuron_Ex_Frontal
ulm,ZNF202,avg_log2FC,-1.04960457385354,0.293925683653795,Neuron_Ex_Frontal
ulm,ZNF213,avg_log2FC,-2.896228516445,0.00378507661054913,Neuron_Ex_Frontal
ulm,ZNF214,avg_log2FC,0.546599058287158,0.584666587300854,Neuron_Ex_Frontal
ulm,ZNF22,avg_log2FC,0.594818885760748,0.551978194122055,Neuron_Ex_Frontal
ulm,ZNF223,avg_log2FC,-0.506681771999325,0.612389454478921,Neuron_Ex_Frontal
ulm,ZNF224,avg_log2FC,-2.29705841009765,0.0216362957645616,Neuron_Ex_Frontal
ulm,ZNF23,avg_log2FC,1.68687049253153,0.0916598964027576,Neuron_Ex_Frontal
ulm,ZNF236,avg_log2FC,-1.91344688196674,0.055719800162981,Neuron_Ex_Frontal
ulm,ZNF239,avg_log2FC,-0.579680831215858,0.562143119448991,Neuron_Ex_Frontal
ulm,ZNF250,avg_log2FC,-2.6535865404737,0.00797690973206157,Neuron_Ex_Frontal
ulm,ZNF257,avg_log2FC,-2.91694398801498,0.00354276822172776,Neuron_Ex_Frontal
ulm,ZNF26,avg_log2FC,-0.796520123272344,0.42574896533998,Neuron_Ex_Frontal
ulm,ZNF260,avg_log2FC,-2.55777475571701,0.0105492537234789,Neuron_Ex_Frontal
ulm,ZNF274,avg_log2FC,0.290180901977832,0.771683949473325,Neuron_Ex_Frontal
ulm,ZNF282,avg_log2FC,-6.16953469105593,7.11833852014855e-10,Neuron_Ex_Frontal
ulm,ZNF292,avg_log2FC,-0.547902253451303,0.583771426803452,Neuron_Ex_Frontal
ulm,ZNF30,avg_log2FC,-2.98817123007824,0.0028134369953303,Neuron_Ex_Frontal
ulm,ZNF318,avg_log2FC,-6.02362185521923,1.76653292596653e-09,Neuron_Ex_Frontal
ulm,ZNF320,avg_log2FC,-1.17568540770138,0.239749004582133,Neuron_Ex_Frontal
ulm,ZNF322,avg_log2FC,-2.41770643686259,0.0156366887965431,Neuron_Ex_Frontal
ulm,ZNF329,avg_log2FC,-0.587962291787761,0.556571071813391,Neuron_Ex_Frontal
ulm,ZNF331,avg_log2FC,1.03363722643763,0.301331145509822,Neuron_Ex_Frontal
ulm,ZNF33A,avg_log2FC,0.330269553916595,0.741203314142692,Neuron_Ex_Frontal
ulm,ZNF34,avg_log2FC,1.26912474240811,0.204426539762584,Neuron_Ex_Frontal
ulm,ZNF350,avg_log2FC,-4.25723203380194,2.08890855558045e-05,Neuron_Ex_Frontal
ulm,ZNF354A,avg_log2FC,0.612845316571663,0.53999276083597,Neuron_Ex_Frontal
ulm,ZNF354B,avg_log2FC,-3.46151915579884,0.000539413080419321,Neuron_Ex_Frontal
ulm,ZNF362,avg_log2FC,-2.415515881965,0.0157310054843629,Neuron_Ex_Frontal
ulm,ZNF37A,avg_log2FC,-1.75999510909157,0.0784396457526945,Neuron_Ex_Frontal
ulm,ZNF391,avg_log2FC,-3.62565187955238,0.000289686654370945,Neuron_Ex_Frontal
ulm,ZNF394,avg_log2FC,-2.27886728012624,0.0226962418139762,Neuron_Ex_Frontal
ulm,ZNF404,avg_log2FC,-1.31054425693458,0.190042314192355,Neuron_Ex_Frontal
ulm,ZNF407,avg_log2FC,-6.53567224485498,6.6456674810262e-11,Neuron_Ex_Frontal
ulm,ZNF41,avg_log2FC,0.880066855393815,0.378844546422412,Neuron_Ex_Frontal
ulm,ZNF410,avg_log2FC,-2.36610289713006,0.0179956764084587,Neuron_Ex_Frontal
ulm,ZNF418,avg_log2FC,0.126545202795096,0.899302950754242,Neuron_Ex_Frontal
ulm,ZNF423,avg_log2FC,-2.15292020649002,0.0313491362656533,Neuron_Ex_Frontal
ulm,ZNF426,avg_log2FC,1.30464223781818,0.192045154242928,Neuron_Ex_Frontal
ulm,ZNF433,avg_log2FC,0.680009427811846,0.496514459583141,Neuron_Ex_Frontal
ulm,ZNF436,avg_log2FC,-0.687623078821891,0.491706348419685,Neuron_Ex_Frontal
ulm,ZNF445,avg_log2FC,2.71782685749575,0.00658270552204801,Neuron_Ex_Frontal
ulm,ZNF454,avg_log2FC,-0.529040482873141,0.596789278641517,Neuron_Ex_Frontal
ulm,ZNF486,avg_log2FC,1.77323305599763,0.0762209660876783,Neuron_Ex_Frontal
ulm,ZNF488,avg_log2FC,2.02167735352214,0.0432366588950146,Neuron_Ex_Frontal
ulm,ZNF490,avg_log2FC,0.0333967730719933,0.973358859077458,Neuron_Ex_Frontal
ulm,ZNF501,avg_log2FC,0.235532319373211,0.813800489654309,Neuron_Ex_Frontal
ulm,ZNF502,avg_log2FC,-0.103952516098375,0.917209145665559,Neuron_Ex_Frontal
ulm,ZNF507,avg_log2FC,-5.84594833153687,5.19684755268552e-09,Neuron_Ex_Frontal
ulm,ZNF510,avg_log2FC,0.394976956490256,0.692868439852873,Neuron_Ex_Frontal
ulm,ZNF512,avg_log2FC,-1.95807421938231,0.0502494683662875,Neuron_Ex_Frontal
ulm,ZNF512B,avg_log2FC,-0.784090554599369,0.433005816615817,Neuron_Ex_Frontal
ulm,ZNF513,avg_log2FC,-2.30883577882162,0.0209732760744799,Neuron_Ex_Frontal
ulm,ZNF524,avg_log2FC,-3.02921403765538,0.00245825845712569,Neuron_Ex_Frontal
ulm,ZNF528,avg_log2FC,-0.536150655876181,0.591866530265887,Neuron_Ex_Frontal
ulm,ZNF529,avg_log2FC,-1.09226162312808,0.274744815809455,Neuron_Ex_Frontal
ulm,ZNF530,avg_log2FC,1.04810023897736,0.294618121612007,Neuron_Ex_Frontal
ulm,ZNF532,avg_log2FC,-1.63101009568923,0.102920133594864,Neuron_Ex_Frontal
ulm,ZNF547,avg_log2FC,-1.13715847589985,0.25549968167485,Neuron_Ex_Frontal
ulm,ZNF548,avg_log2FC,-0.934497935977975,0.350069989429937,Neuron_Ex_Frontal
ulm,ZNF549,avg_log2FC,-1.80407141184632,0.0712506248078638,Neuron_Ex_Frontal
ulm,ZNF555,avg_log2FC,1.95009112036729,0.0511935656572425,Neuron_Ex_Frontal
ulm,ZNF558,avg_log2FC,-0.330222101365578,0.741239165348083,Neuron_Ex_Frontal
ulm,ZNF560,avg_log2FC,-1.62803348715577,0.103549741489311,Neuron_Ex_Frontal
ulm,ZNF561,avg_log2FC,-2.73878302563004,0.00617778432590322,Neuron_Ex_Frontal
ulm,ZNF563,avg_log2FC,-1.8194257775564,0.0688768159422024,Neuron_Ex_Frontal
ulm,ZNF577,avg_log2FC,0.158302682585069,0.874221536911356,Neuron_Ex_Frontal
ulm,ZNF579,avg_log2FC,-3.93242532640255,8.46690356100547e-05,Neuron_Ex_Frontal
ulm,ZNF581,avg_log2FC,-4.3680571402057,1.26638002064629e-05,Neuron_Ex_Frontal
ulm,ZNF582,avg_log2FC,-0.740057111293367,0.459282965053784,Neuron_Ex_Frontal
ulm,ZNF584,avg_log2FC,-2.20704666799114,0.0273337569553462,Neuron_Ex_Frontal
ulm,ZNF585B,avg_log2FC,-0.323920712450495,0.746004934272305,Neuron_Ex_Frontal
ulm,ZNF586,avg_log2FC,0.3141806373424,0.753390496164652,Neuron_Ex_Frontal
ulm,ZNF589,avg_log2FC,-3.70662967450291,0.00021118632625868,Neuron_Ex_Frontal
ulm,ZNF592,avg_log2FC,-4.73731947089202,2.19588667314951e-06,Neuron_Ex_Frontal
ulm,ZNF595,avg_log2FC,-0.773592216066108,0.439190526538178,Neuron_Ex_Frontal
ulm,ZNF596,avg_log2FC,0.961860935684276,0.336143055664313,Neuron_Ex_Frontal
ulm,ZNF597,avg_log2FC,-2.93534075387648,0.00333950751861554,Neuron_Ex_Frontal
ulm,ZNF610,avg_log2FC,-3.86097765560057,0.000113655825832407,Neuron_Ex_Frontal
ulm,ZNF618,avg_log2FC,-1.7740486051851,0.0760859713811989,Neuron_Ex_Frontal
ulm,ZNF622,avg_log2FC,-0.706177655039922,0.480094352973778,Neuron_Ex_Frontal
ulm,ZNF623,avg_log2FC,-1.23690706356513,0.216151052260474,Neuron_Ex_Frontal
ulm,ZNF626,avg_log2FC,-0.157223668521647,0.875071795378629,Neuron_Ex_Frontal
ulm,ZNF660,avg_log2FC,-3.67337980661194,0.000240630874997987,Neuron_Ex_Frontal
ulm,ZNF664,avg_log2FC,-1.72306017981665,0.0849090023188463,Neuron_Ex_Frontal
ulm,ZNF667,avg_log2FC,-0.734485256631006,0.462670512502994,Neuron_Ex_Frontal
ulm,ZNF669,avg_log2FC,-0.292512566447158,0.769900909291545,Neuron_Ex_Frontal
ulm,ZNF677,avg_log2FC,-0.076290616202831,0.939189439424035,Neuron_Ex_Frontal
ulm,ZNF680,avg_log2FC,-0.308764714095189,0.757507037181868,Neuron_Ex_Frontal
ulm,ZNF697,avg_log2FC,1.32648622554435,0.184709423024134,Neuron_Ex_Frontal
ulm,ZNF7,avg_log2FC,-4.13051789189222,3.64934724671994e-05,Neuron_Ex_Frontal
ulm,ZNF704,avg_log2FC,-2.11873648839571,0.034137683982897,Neuron_Ex_Frontal
ulm,ZNF707,avg_log2FC,0.83429626057432,0.404134274537534,Neuron_Ex_Frontal
ulm,ZNF708,avg_log2FC,-0.209052158211968,0.834411841109047,Neuron_Ex_Frontal
ulm,ZNF711,avg_log2FC,-5.83100030480382,5.68280322046459e-09,Neuron_Ex_Frontal
ulm,ZNF740,avg_log2FC,-7.34662040895571,2.19401830017506e-13,Neuron_Ex_Frontal
ulm,ZNF746,avg_log2FC,-2.23093308784933,0.0257079674795758,Neuron_Ex_Frontal
ulm,ZNF766,avg_log2FC,-5.02603066639501,5.09532822632179e-07,Neuron_Ex_Frontal
ulm,ZNF768,avg_log2FC,-0.168123986002093,0.866489188742536,Neuron_Ex_Frontal
ulm,ZNF774,avg_log2FC,1.38716038145386,0.165424223474089,Neuron_Ex_Frontal
ulm,ZNF776,avg_log2FC,-0.559199129821968,0.576038530197411,Neuron_Ex_Frontal
ulm,ZNF777,avg_log2FC,0.605206384215206,0.545055805631354,Neuron_Ex_Frontal
ulm,ZNF781,avg_log2FC,0.862954011596792,0.388183745764841,Neuron_Ex_Frontal
ulm,ZNF784,avg_log2FC,-2.56297627680332,0.010392622913405,Neuron_Ex_Frontal
ulm,ZNF785,avg_log2FC,-0.0742472043229186,0.940815192312109,Neuron_Ex_Frontal
ulm,ZNF791,avg_log2FC,0.0551945110654848,0.955984620320049,Neuron_Ex_Frontal
ulm,ZNF8,avg_log2FC,-3.49972329158183,0.000467798439621321,Neuron_Ex_Frontal
ulm,ZNF816,avg_log2FC,-1.12997483420403,0.258514321536476,Neuron_Ex_Frontal
ulm,ZNF830,avg_log2FC,-3.90572402892541,9.45706795363212e-05,Neuron_Ex_Frontal
ulm,ZNF843,avg_log2FC,-2.48613685087287,0.0129302632601117,Neuron_Ex_Frontal
ulm,ZNF85,avg_log2FC,-3.35892729757197,0.000785422258453773,Neuron_Ex_Frontal
ulm,ZNF92,avg_log2FC,-0.288381329743075,0.773060920672723,Neuron_Ex_Frontal
ulm,ZSCAN18,avg_log2FC,-1.37471227626185,0.169251909649127,Neuron_Ex_Frontal
ulm,ZSCAN2,avg_log2FC,-2.4013705436116,0.0163521868914563,Neuron_Ex_Frontal
ulm,ZSCAN21,avg_log2FC,-1.23394437082333,0.217253050768671,Neuron_Ex_Frontal
ulm,ZSCAN23,avg_log2FC,-1.47314477945494,0.14074392863085,Neuron_Ex_Frontal
ulm,ZSCAN30,avg_log2FC,-3.05338691203173,0.00226877243027889,Neuron_Ex_Frontal
ulm,ZSCAN31,avg_log2FC,-2.63090557309381,0.00852901689519194,Neuron_Ex_Frontal
ulm,ZSCAN4,avg_log2FC,-0.215494757069283,0.829386057423081,Neuron_Ex_Frontal
ulm,ZSCAN5B,avg_log2FC,-1.880285217922,0.0600986765764046,Neuron_Ex_Frontal
ulm,ZSCAN5C,avg_log2FC,-0.0964820577911297,0.923139684508801,Neuron_Ex_Frontal
ulm,ZSCAN5DP,avg_log2FC,-5.29098511809732,1.24270353099627e-07,Neuron_Ex_Frontal
ulm,ZZZ3,avg_log2FC,-0.965998164949142,0.334068796169633,Neuron_Ex_Frontal
ulm,ADA2,avg_log2FC,-0.822055444199863,0.411064328507114,Neuron_Ex_Hippo
ulm,ADNP,avg_log2FC,-1.65951107662703,0.0970432260495593,Neuron_Ex_Hippo
ulm,AEBP2,avg_log2FC,-1.52192298579972,0.128059008388915,Neuron_Ex_Hippo
ulm,AHRR,avg_log2FC,-2.01583249366547,0.0438433535723843,Neuron_Ex_Hippo
ulm,ALKBH3,avg_log2FC,-0.97408060236357,0.330039344291235,Neuron_Ex_Hippo
ulm,ALX4,avg_log2FC,-0.219027434835002,0.826633006806265,Neuron_Ex_Hippo
ulm,ARHGAP35,avg_log2FC,-1.13959028240142,0.254483477207195,Neuron_Ex_Hippo
ulm,ARID3B,avg_log2FC,-0.219868829976721,0.825977659862307,Neuron_Ex_Hippo
ulm,ARID5B,avg_log2FC,-1.55516061814588,0.119938476226274,Neuron_Ex_Hippo
ulm,ARNT2,avg_log2FC,-4.20630600763264,2.61771554267752e-05,Neuron_Ex_Hippo
ulm,ASH1L,avg_log2FC,-1.94016971508649,0.0523862650057529,Neuron_Ex_Hippo
ulm,ASXL2,avg_log2FC,0.629172171298211,0.529250268089749,Neuron_Ex_Hippo
ulm,ATF5,avg_log2FC,-3.57895998439347,0.0003465462843808,Neuron_Ex_Hippo
ulm,ATF6,avg_log2FC,-3.73634748032933,0.000187719103436215,Neuron_Ex_Hippo
ulm,ATM,avg_log2FC,-0.394835506104877,0.69297244671166,Neuron_Ex_Hippo
ulm,ATOH8,avg_log2FC,-0.259729453780526,0.79507765084511,Neuron_Ex_Hippo
ulm,ATXN7L3,avg_log2FC,-4.43596837689503,9.26083404523211e-06,Neuron_Ex_Hippo
ulm,AUTS2,avg_log2FC,-3.14276053022393,0.00167836383640825,Neuron_Ex_Hippo
ulm,BAHD1,avg_log2FC,0.63107605077024,0.528004771448014,Neuron_Ex_Hippo
ulm,BANP,avg_log2FC,-3.51654099426113,0.000439086431763155,Neuron_Ex_Hippo
ulm,BARHL1,avg_log2FC,-4.62521815052606,3.78754198301733e-06,Neuron_Ex_Hippo
ulm,BARX1,avg_log2FC,-2.94742744894632,0.00321146973818785,Neuron_Ex_Hippo
ulm,BARX2,avg_log2FC,-2.85704451654674,0.00428460378738483,Neuron_Ex_Hippo
ulm,BCL6B,avg_log2FC,-0.667851946421757,0.504243034208291,Neuron_Ex_Hippo
ulm,BDP1,avg_log2FC,-0.18112850256214,0.856270268703589,Neuron_Ex_Hippo
ulm,BPTF,avg_log2FC,-0.273765387193707,0.784270401968065,Neuron_Ex_Hippo
ulm,BRCA2,avg_log2FC,-4.02446718425253,5.75121475500258e-05,Neuron_Ex_Hippo
ulm,BRF1,avg_log2FC,-0.737818277130512,0.460641656153854,Neuron_Ex_Hippo
ulm,CARM1,avg_log2FC,-0.638440298698275,0.523201268382598,Neuron_Ex_Hippo
ulm,CASP8AP2,avg_log2FC,0.377208009126544,0.706026782779381,Neuron_Ex_Hippo
ulm,CAVIN1,avg_log2FC,-0.294241469393404,0.768579310507992,Neuron_Ex_Hippo
ulm,CBX5,avg_log2FC,0.954844439636376,0.339678728836184,Neuron_Ex_Hippo
ulm,CBX7,avg_log2FC,-0.562675490623844,0.573668095553573,Neuron_Ex_Hippo
ulm,CC2D1A,avg_log2FC,-0.248780474688506,0.803535544385611,Neuron_Ex_Hippo
ulm,CDC5L,avg_log2FC,-1.24252736863022,0.214070272926608,Neuron_Ex_Hippo
ulm,CDC73,avg_log2FC,-3.71384321677846,0.000205210956320112,Neuron_Ex_Hippo
ulm,CDH4,avg_log2FC,-1.56178343344823,0.118369669503965,Neuron_Ex_Hippo
ulm,CDX1,avg_log2FC,-0.0725952893996732,0.942129581767786,Neuron_Ex_Hippo
ulm,CEBPE,avg_log2FC,0.371528001508476,0.710251928850868,Neuron_Ex_Hippo
ulm,CEBPZ,avg_log2FC,-2.25784300618265,0.0239762465510615,Neuron_Ex_Hippo
ulm,CENPT,avg_log2FC,-2.04946517672213,0.0404418660820526,Neuron_Ex_Hippo
ulm,CHAF1A,avg_log2FC,0.185510391840881,0.852832374892339,Neuron_Ex_Hippo
ulm,CHAF1B,avg_log2FC,-4.12318414869637,3.76596096868962e-05,Neuron_Ex_Hippo
ulm,CHAMP1,avg_log2FC,1.07597604264236,0.281963116797432,Neuron_Ex_Hippo
ulm,CIC,avg_log2FC,-3.6134986562988,0.00030352910212449,Neuron_Ex_Hippo
ulm,CIITA,avg_log2FC,-3.49783797130375,0.000471020263311773,Neuron_Ex_Hippo
ulm,COBLL1,avg_log2FC,-0.435269365986707,0.663376017889388,Neuron_Ex_Hippo
ulm,CREB3,avg_log2FC,-1.23637916276742,0.216345787314241,Neuron_Ex_Hippo
ulm,CREB3L2,avg_log2FC,-0.623496837141264,0.532971855605057,Neuron_Ex_Hippo
ulm,CREB3L4,avg_log2FC,-2.85423549766568,0.00432264431802216,Neuron_Ex_Hippo
ulm,CSHL1,avg_log2FC,-0.939613514511935,0.347437826274153,Neuron_Ex_Hippo
ulm,CTR9,avg_log2FC,-0.490462703246009,0.623816940158597,Neuron_Ex_Hippo
ulm,CUX1,avg_log2FC,-2.61786025042717,0.00886121708112786,Neuron_Ex_Hippo
ulm,DACH1,avg_log2FC,-2.24892571643801,0.0245382191323389,Neuron_Ex_Hippo
ulm,DBP,avg_log2FC,-6.04777447211623,1.51950099868243e-09,Neuron_Ex_Hippo
ulm,DICER1,avg_log2FC,-1.17484973586329,0.240081936758394,Neuron_Ex_Hippo
ulm,DIDO1,avg_log2FC,-2.07894126321198,0.0376473820524987,Neuron_Ex_Hippo
ulm,DLX2,avg_log2FC,0.598429553466048,0.549566480820126,Neuron_Ex_Hippo
ulm,DLX4,avg_log2FC,-2.20752307119726,0.0272994501000354,Neuron_Ex_Hippo
ulm,DLX6,avg_log2FC,-2.84035214242782,0.00451519216538246,Neuron_Ex_Hippo
ulm,DMRT1,avg_log2FC,-2.23587660434862,0.0253811420561272,Neuron_Ex_Hippo
ulm,DNMT1,avg_log2FC,0.0331263266415911,0.973574489085846,Neuron_Ex_Hippo
ulm,DNMT3A,avg_log2FC,-2.89844713487571,0.00375805095603907,Neuron_Ex_Hippo
ulm,DPPA3,avg_log2FC,0.599053152229234,0.54915058628029,Neuron_Ex_Hippo
ulm,DROSHA,avg_log2FC,-0.440501986810198,0.659582797201456,Neuron_Ex_Hippo
ulm,DYRK1A,avg_log2FC,-2.89209241892178,0.00383484681648402,Neuron_Ex_Hippo
ulm,E2F2,avg_log2FC,-2.57682672899981,0.00998494861221996,Neuron_Ex_Hippo
ulm,E2F5,avg_log2FC,-1.03808390954822,0.299255306008674,Neuron_Ex_Hippo
ulm,EBNA1BP2,avg_log2FC,0.236619725146629,0.812956511097521,Neuron_Ex_Hippo
ulm,EGFR,avg_log2FC,-4.20588294306482,2.62260939138282e-05,Neuron_Ex_Hippo
ulm,ELF2,avg_log2FC,-4.94552668683504,7.71344610165097e-07,Neuron_Ex_Hippo
ulm,ELF5,avg_log2FC,-2.06937149036789,0.0385360638215741,Neuron_Ex_Hippo
ulm,EMX1,avg_log2FC,-1.53214972770442,0.125516134246857,Neuron_Ex_Hippo
ulm,EPC1,avg_log2FC,-3.11830524554349,0.0018239454655436,Neuron_Ex_Hippo
ulm,ERCC8,avg_log2FC,0.215689131352462,0.829234335055991,Neuron_Ex_Hippo
ulm,EWSR1,avg_log2FC,-1.97380694991098,0.0484303204411171,Neuron_Ex_Hippo
ulm,F10,avg_log2FC,-2.16508447542528,0.0304040526122756,Neuron_Ex_Hippo
ulm,FEV,avg_log2FC,-3.94460823345703,8.04594148537671e-05,Neuron_Ex_Hippo
ulm,FOXC1,avg_log2FC,0.855459598027584,0.392316616255189,Neuron_Ex_Hippo
ulm,FOXD2,avg_log2FC,-4.23569384008113,2.29823696462242e-05,Neuron_Ex_Hippo
ulm,FOXD3,avg_log2FC,0.245275397923512,0.806248075269502,Neuron_Ex_Hippo
ulm,FOXE1,avg_log2FC,-4.68553082711491,2.82804365524493e-06,Neuron_Ex_Hippo
ulm,FOXG1,avg_log2FC,-3.01020231305111,0.00261704633205002,Neuron_Ex_Hippo
ulm,FOXJ2,avg_log2FC,1.44151111477226,0.149470673071371,Neuron_Ex_Hippo
ulm,FOXN3,avg_log2FC,0.902820649740961,0.36664215516302,Neuron_Ex_Hippo
ulm,FOXO4,avg_log2FC,-0.946233815937874,0.344051489665947,Neuron_Ex_Hippo
ulm,FOXQ1,avg_log2FC,-1.35611807829509,0.175091262929545,Neuron_Ex_Hippo
ulm,FOXR2,avg_log2FC,-2.27546366060175,0.0228985334754732,Neuron_Ex_Hippo
ulm,FXR1,avg_log2FC,-5.25028245384,1.54885103834155e-07,Neuron_Ex_Hippo
ulm,GLI1,avg_log2FC,1.07091493277618,0.284232717989561,Neuron_Ex_Hippo
ulm,GLI3,avg_log2FC,-1.7158047291829,0.0862277936322812,Neuron_Ex_Hippo
ulm,GLI4,avg_log2FC,-1.13339228134718,0.257075875298887,Neuron_Ex_Hippo
ulm,GREB1,avg_log2FC,0.829123426027612,0.407053739837853,Neuron_Ex_Hippo
ulm,GTF2A2,avg_log2FC,-6.31526495201063,2.80798335129247e-10,Neuron_Ex_Hippo
ulm,GTF2E2,avg_log2FC,-4.84420284992144,1.28969062714116e-06,Neuron_Ex_Hippo
ulm,GTF3A,avg_log2FC,0.161168039908198,0.871964206341409,Neuron_Ex_Hippo
ulm,GUCY1B1,avg_log2FC,-4.68441205231506,2.84350031739689e-06,Neuron_Ex_Hippo
ulm,H1_6,avg_log2FC,-2.11756507237049,0.0342357608087813,Neuron_Ex_Hippo
ulm,HAND1,avg_log2FC,-1.20170450536223,0.22950560247067,Neuron_Ex_Hippo
ulm,HBZ,avg_log2FC,1.01651573531109,0.30940768147025,Neuron_Ex_Hippo
ulm,HDAC4,avg_log2FC,-0.25815163328586,0.796295030290033,Neuron_Ex_Hippo
ulm,HDAC8,avg_log2FC,-1.89645095644251,0.0579283313124167,Neuron_Ex_Hippo
ulm,HDGF,avg_log2FC,-5.38830353253514,7.26906504538191e-08,Neuron_Ex_Hippo
ulm,HES2,avg_log2FC,0.441293510069976,0.659009766232724,Neuron_Ex_Hippo
ulm,HES4,avg_log2FC,-2.9768374965716,0.00291914068936285,Neuron_Ex_Hippo
ulm,HEY2,avg_log2FC,0.12331435889224,0.901860571545695,Neuron_Ex_Hippo
ulm,HHEX,avg_log2FC,-2.54136283371475,0.0110566292794372,Neuron_Ex_Hippo
ulm,HJURP,avg_log2FC,-2.29115011249091,0.0219747842013368,Neuron_Ex_Hippo
ulm,HMG20B,avg_log2FC,0.41457846612493,0.678459129363111,Neuron_Ex_Hippo
ulm,HMGA1,avg_log2FC,4.52629852482834,6.0697322581596e-06,Neuron_Ex_Hippo
ulm,HMGB2,avg_log2FC,-1.04693001945952,0.295156367262989,Neuron_Ex_Hippo
ulm,HOXA1,avg_log2FC,-1.87469694560359,0.060862641123602,Neuron_Ex_Hippo
ulm,HOXA10,avg_log2FC,-1.08178929182559,0.279371435422722,Neuron_Ex_Hippo
ulm,HOXA13,avg_log2FC,-1.39103787838845,0.164243920850449,Neuron_Ex_Hippo
ulm,HOXA7,avg_log2FC,-0.630033887655192,0.528686357791226,Neuron_Ex_Hippo
ulm,HOXB4,avg_log2FC,-2.74349932344574,0.0060893107457834,Neuron_Ex_Hippo
ulm,HOXB6,avg_log2FC,-2.43501895477358,0.0149078293872207,Neuron_Ex_Hippo
ulm,HOXB7,avg_log2FC,0.417978313373506,0.675971667097678,Neuron_Ex_Hippo
ulm,HOXC11,avg_log2FC,-2.11549830021317,0.0344113845917001,Neuron_Ex_Hippo
ulm,HOXC13,avg_log2FC,-0.781717151759084,0.434398747695487,Neuron_Ex_Hippo
ulm,HOXC6,avg_log2FC,-3.42398892731326,0.000619490050208107,Neuron_Ex_Hippo
ulm,HOXD1,avg_log2FC,-0.999232695947016,0.317705401962024,Neuron_Ex_Hippo
ulm,HOXD11,avg_log2FC,-1.80655750114256,0.0708604094166222,Neuron_Ex_Hippo
ulm,HSD17B8,avg_log2FC,1.51739042074146,0.12919876257685,Neuron_Ex_Hippo
ulm,HSF2,avg_log2FC,-4.15080908910219,3.33962537939617e-05,Neuron_Ex_Hippo
ulm,HSF4,avg_log2FC,-0.822541778165885,0.410787618291222,Neuron_Ex_Hippo
ulm,ID1,avg_log2FC,-2.58978277434715,0.00961713913472314,Neuron_Ex_Hippo
ulm,ID2,avg_log2FC,-3.9074035970044,9.38887646401034e-05,Neuron_Ex_Hippo
ulm,IGLV5_37,avg_log2FC,1.43929457278111,0.150097400563774,Neuron_Ex_Hippo
ulm,ILK,avg_log2FC,-1.6406422702997,0.100902160943223,Neuron_Ex_Hippo
ulm,INSM2,avg_log2FC,-2.54811206683164,0.0108451269073736,Neuron_Ex_Hippo
ulm,IRF5,avg_log2FC,-2.35435502253056,0.0185735073438701,Neuron_Ex_Hippo
ulm,IRX2,avg_log2FC,-0.649039055308507,0.516327571481951,Neuron_Ex_Hippo
ulm,IRX3,avg_log2FC,-2.23985756415666,0.0251213697639042,Neuron_Ex_Hippo
ulm,KAT2A,avg_log2FC,-4.57915632867844,4.72316864586332e-06,Neuron_Ex_Hippo
ulm,KAT5,avg_log2FC,-5.92751589876828,3.17396313327433e-09,Neuron_Ex_Hippo
ulm,KDM1B,avg_log2FC,0.0994136245090649,0.920811795924478,Neuron_Ex_Hippo
ulm,KLF14,avg_log2FC,-2.09712351429616,0.0360069067012032,Neuron_Ex_Hippo
ulm,KLF7,avg_log2FC,-3.4737450529025,0.000515353740771245,Neuron_Ex_Hippo
ulm,KMT2D,avg_log2FC,-1.62990995170363,0.103151039666152,Neuron_Ex_Hippo
ulm,LCORL,avg_log2FC,-1.28459117441596,0.198964009514067,Neuron_Ex_Hippo
ulm,LHX2,avg_log2FC,-2.11528000067818,0.0344299794489969,Neuron_Ex_Hippo
ulm,LHX3,avg_log2FC,0.215325645971181,0.829517689789895,Neuron_Ex_Hippo
ulm,LHX9,avg_log2FC,-2.07618001712161,0.0379019927625455,Neuron_Ex_Hippo
ulm,LMNB2,avg_log2FC,-0.833750715398015,0.404440764125958,Neuron_Ex_Hippo
ulm,LMTK3,avg_log2FC,-0.264435862875067,0.791449359206952,Neuron_Ex_Hippo
ulm,LMX1B,avg_log2FC,-0.0943668544093366,0.924819576120019,Neuron_Ex_Hippo
ulm,MAFG,avg_log2FC,-1.02484520487827,0.305460247097525,Neuron_Ex_Hippo
ulm,MAML1,avg_log2FC,-1.18126671865073,0.237523997483954,Neuron_Ex_Hippo
ulm,MAP2K1,avg_log2FC,-1.05331754945781,0.29222013177703,Neuron_Ex_Hippo
ulm,MAPK3,avg_log2FC,-4.36181595841314,1.30239281618325e-05,Neuron_Ex_Hippo
ulm,MCM2,avg_log2FC,-0.511238631357325,0.609194904989188,Neuron_Ex_Hippo
ulm,MCM3,avg_log2FC,-2.35246675528881,0.0186680265465341,Neuron_Ex_Hippo
ulm,MCRS1,avg_log2FC,0.112034467335107,0.910798255888027,Neuron_Ex_Hippo
ulm,MDM2,avg_log2FC,-3.29935424495222,0.000972357541065383,Neuron_Ex_Hippo
ulm,MED16,avg_log2FC,-2.6564949560214,0.00790790546260176,Neuron_Ex_Hippo
ulm,MED25,avg_log2FC,-1.91904088830302,0.0550067002179652,Neuron_Ex_Hippo
ulm,MEF2C,avg_log2FC,-1.78051838054127,0.0750205658359218,Neuron_Ex_Hippo
ulm,MEF2D,avg_log2FC,-2.22792951503623,0.0259066786462328,Neuron_Ex_Hippo
ulm,METHYLCYTOSINE_DIOXYGENASE_TET_UNIPROT_A0A023HHK9_UNREVIEWED,avg_log2FC,0.950382324160469,0.34194027153647,Neuron_Ex_Hippo
ulm,METTL14,avg_log2FC,-1.15130158366026,0.249634850763698,Neuron_Ex_Hippo
ulm,MIER1,avg_log2FC,-0.152765371000727,0.878586292767733,Neuron_Ex_Hippo
ulm,MSX1,avg_log2FC,-2.53662701480754,0.011207216989338,Neuron_Ex_Hippo
ulm,MSX2,avg_log2FC,-1.23756685526725,0.215904858447007,Neuron_Ex_Hippo
ulm,MTHFD1,avg_log2FC,-0.361065010181073,0.71805823781035,Neuron_Ex_Hippo
ulm,MXD1,avg_log2FC,-1.64973900580609,0.0990267531683924,Neuron_Ex_Hippo
ulm,MYBL1,avg_log2FC,-1.41695012349501,0.156527687878008,Neuron_Ex_Hippo
ulm,MYF6,avg_log2FC,0.476890573443113,0.633450139624718,Neuron_Ex_Hippo
ulm,MYOCD,avg_log2FC,0.617614330815315,0.53684321915426,Neuron_Ex_Hippo
ulm,MZF1,avg_log2FC,-3.47430113224979,0.000514288055691551,Neuron_Ex_Hippo
ulm,NAB2,avg_log2FC,-5.97218000002468,2.41823413257377e-09,Neuron_Ex_Hippo
ulm,NCOA2,avg_log2FC,-1.89066198257267,0.0586974597356946,Neuron_Ex_Hippo
ulm,NCOA4,avg_log2FC,-3.61273656270513,0.000304421749677926,Neuron_Ex_Hippo
ulm,NCOA6,avg_log2FC,-0.744956762320722,0.456314818088421,Neuron_Ex_Hippo
ulm,NEUROG3,avg_log2FC,-0.962772497264509,0.33568425691408,Neuron_Ex_Hippo
ulm,NFE2L1,avg_log2FC,-5.05083642718513,4.47399571245403e-07,Neuron_Ex_Hippo
ulm,NFKBIA,avg_log2FC,1.48029653033496,0.138824646285391,Neuron_Ex_Hippo
ulm,NFXL1,avg_log2FC,0.288181692163343,0.773213447751293,Neuron_Ex_Hippo
ulm,NKX2_2,avg_log2FC,-2.9066719795033,0.00366073099426319,Neuron_Ex_Hippo
ulm,NKX2_3,avg_log2FC,-3.00819000447429,0.00263442318710288,Neuron_Ex_Hippo
ulm,NKX2_5,avg_log2FC,-4.05975837587013,4.94860677015516e-05,Neuron_Ex_Hippo
ulm,NKX2_8,avg_log2FC,-0.833025701758969,0.404849506464954,Neuron_Ex_Hippo
ulm,NKX6_1,avg_log2FC,-0.479608066953451,0.631516269721001,Neuron_Ex_Hippo
ulm,NME2,avg_log2FC,0.449421277045204,0.653137220729916,Neuron_Ex_Hippo
ulm,NOTCH3,avg_log2FC,-0.0166665881714902,0.986702924323023,Neuron_Ex_Hippo
ulm,NPAT,avg_log2FC,-2.09186329850379,0.0364751171387642,Neuron_Ex_Hippo
ulm,NPM1,avg_log2FC,-3.45199691954172,0.000558683743792856,Neuron_Ex_Hippo
ulm,NR0B1,avg_log2FC,-0.49501156397941,0.620602493222803,Neuron_Ex_Hippo
ulm,NR1D1,avg_log2FC,-1.09382494443377,0.274057284400536,Neuron_Ex_Hippo
ulm,NR1H4,avg_log2FC,-0.18360959353887,0.854323342669319,Neuron_Ex_Hippo
ulm,NR1I2,avg_log2FC,-2.46207224819555,0.0138299048684037,Neuron_Ex_Hippo
ulm,NR2E3,avg_log2FC,-0.855879687742871,0.392084196511938,Neuron_Ex_Hippo
ulm,NR5A1,avg_log2FC,-0.609338686292453,0.542313379581989,Neuron_Ex_Hippo
ulm,NUFIP1,avg_log2FC,-0.291607679540392,0.770592462405679,Neuron_Ex_Hippo
ulm,OVOL3,avg_log2FC,-1.30960766463422,0.190357739111018,Neuron_Ex_Hippo
ulm,PAF1,avg_log2FC,-1.24915862714769,0.211635384764151,Neuron_Ex_Hippo
ulm,PAX3,avg_log2FC,3.45575228960766,0.000550967140355332,Neuron_Ex_Hippo
ulm,PAX6,avg_log2FC,-1.06773236628923,0.285666222539697,Neuron_Ex_Hippo
ulm,PAX7,avg_log2FC,2.03547972894184,0.0418281130628993,Neuron_Ex_Hippo
ulm,PAX8,avg_log2FC,-0.200155488851114,0.841362920176633,Neuron_Ex_Hippo
ulm,PBXIP1,avg_log2FC,0.15449241947809,0.877224508054114,Neuron_Ex_Hippo
ulm,PCGF1,avg_log2FC,-2.82814920874728,0.00469081597013722,Neuron_Ex_Hippo
ulm,PCGF6,avg_log2FC,-0.459778066379014,0.645685211012448,Neuron_Ex_Hippo
ulm,PER1,avg_log2FC,-1.45879962960869,0.144650689584779,Neuron_Ex_Hippo
ulm,PGBD5,avg_log2FC,0.0184850260105618,0.985252280281027,Neuron_Ex_Hippo
ulm,PGM3,avg_log2FC,-2.66952396080949,0.00760777265084305,Neuron_Ex_Hippo
ulm,PHB2,avg_log2FC,-0.672450556584124,0.501311957461509,Neuron_Ex_Hippo
ulm,PHF21A,avg_log2FC,0.167785393631427,0.86675540053945,Neuron_Ex_Hippo
ulm,PIAS4,avg_log2FC,-2.32835703537376,0.0199123662931886,Neuron_Ex_Hippo
ulm,PITX1,avg_log2FC,-2.54642215225699,0.0108977438660993,Neuron_Ex_Hippo
ulm,POU2AF1,avg_log2FC,-2.59353728657358,0.00951283432756856,Neuron_Ex_Hippo
ulm,PPARA,avg_log2FC,-1.61411314061936,0.106533451223405,Neuron_Ex_Hippo
ulm,PPARGC1A,avg_log2FC,-5.6554582172494,1.59565272655004e-08,Neuron_Ex_Hippo
ulm,PRDM12,avg_log2FC,1.87477754153284,0.0608515467112598,Neuron_Ex_Hippo
ulm,PRDM4,avg_log2FC,-1.27653250726472,0.201796059201104,Neuron_Ex_Hippo
ulm,PRDM5,avg_log2FC,2.10960378683777,0.0349165050045981,Neuron_Ex_Hippo
ulm,PRKDC,avg_log2FC,-1.26746039770194,0.205019305168246,Neuron_Ex_Hippo
ulm,PRMT5,avg_log2FC,-1.03960898804375,0.298545947849293,Neuron_Ex_Hippo
ulm,PSIP1,avg_log2FC,-1.46550912339992,0.142812521451683,Neuron_Ex_Hippo
ulm,PSMB5,avg_log2FC,-10.0312793439494,1.42395849480218e-23,Neuron_Ex_Hippo
ulm,PTPRA,avg_log2FC,-1.26925593314537,0.204378412753635,Neuron_Ex_Hippo
ulm,PTTG1,avg_log2FC,-0.19697696162921,0.843849444377292,Neuron_Ex_Hippo
ulm,RAG1,avg_log2FC,-2.41254040462267,0.0158591021500678,Neuron_Ex_Hippo
ulm,RAX2,avg_log2FC,-2.28986443213392,0.0220492566005234,Neuron_Ex_Hippo
ulm,RBL1,avg_log2FC,-1.20016179056045,0.23010405295048,Neuron_Ex_Hippo
ulm,RBM15,avg_log2FC,-1.02684859935836,0.304515820833219,Neuron_Ex_Hippo
ulm,RBM17,avg_log2FC,0.459341335829493,0.645998740723681,Neuron_Ex_Hippo
ulm,RBM34,avg_log2FC,-1.22732120085069,0.219729877768775,Neuron_Ex_Hippo
ulm,RFX7,avg_log2FC,-3.44867267515852,0.000565598345317231,Neuron_Ex_Hippo
ulm,RLF,avg_log2FC,0.191251815284305,0.848332071286205,Neuron_Ex_Hippo
ulm,RORA,avg_log2FC,0.108471677201077,0.913623654440933,Neuron_Ex_Hippo
ulm,RPA1,avg_log2FC,-0.38259944484101,0.702024658851989,Neuron_Ex_Hippo
ulm,RUVBL1,avg_log2FC,-1.70325393470846,0.0885506578867936,Neuron_Ex_Hippo
ulm,RUVBL2,avg_log2FC,-2.15876424931807,0.0308914329926512,Neuron_Ex_Hippo
ulm,RYBP,avg_log2FC,-2.33157074373711,0.0197424251987331,Neuron_Ex_Hippo
ulm,SAFB2,avg_log2FC,-2.05857652909615,0.0395598610106686,Neuron_Ex_Hippo
ulm,SALL4,avg_log2FC,-4.59719433154686,4.3330428178119e-06,Neuron_Ex_Hippo
ulm,SETBP1,avg_log2FC,-1.90006935116601,0.0574518561090993,Neuron_Ex_Hippo
ulm,SETD1A,avg_log2FC,-4.14814727745253,3.37861812083885e-05,Neuron_Ex_Hippo
ulm,SETD7,avg_log2FC,-7.53225500627809,5.40460530150216e-14,Neuron_Ex_Hippo
ulm,SFMBT1,avg_log2FC,-2.31937857969095,0.0203939336527464,Neuron_Ex_Hippo
ulm,SIGMAR1,avg_log2FC,-0.275305822524105,0.783086801562073,Neuron_Ex_Hippo
ulm,SIPA1,avg_log2FC,0.879007324044179,0.37941776451867,Neuron_Ex_Hippo
ulm,SIRT3,avg_log2FC,0.233514660293207,0.815366417132223,Neuron_Ex_Hippo
ulm,SIX1,avg_log2FC,0.0635487226378093,0.949330792970982,Neuron_Ex_Hippo
ulm,SIX4,avg_log2FC,-0.314243683544956,0.753342317402806,Neuron_Ex_Hippo
ulm,SKIL,avg_log2FC,-3.24845464472501,0.00116404724844022,Neuron_Ex_Hippo
ulm,SKP2,avg_log2FC,-1.02682419421249,0.304527314058985,Neuron_Ex_Hippo
ulm,SMARCA1,avg_log2FC,-2.26956978570777,0.0232542338982083,Neuron_Ex_Hippo
ulm,SMCHD1,avg_log2FC,0.856842613885301,0.391551761190935,Neuron_Ex_Hippo
ulm,SMN1_SMN2,avg_log2FC,-1.34818994041336,0.177626879808242,Neuron_Ex_Hippo
ulm,SNAI1,avg_log2FC,-1.36455383010383,0.172423068131298,Neuron_Ex_Hippo
ulm,SNAPC4,avg_log2FC,1.03603698618305,0.300209155911876,Neuron_Ex_Hippo
ulm,SNIP1,avg_log2FC,-2.14306480092919,0.0321312015892737,Neuron_Ex_Hippo
ulm,SNRNP70,avg_log2FC,-5.2678508748968,1.40810069656109e-07,Neuron_Ex_Hippo
ulm,SOX10,avg_log2FC,-0.144707396140992,0.884944724316079,Neuron_Ex_Hippo
ulm,SOX11,avg_log2FC,-0.579098102503154,0.562535615874202,Neuron_Ex_Hippo
ulm,SOX3,avg_log2FC,-1.90049168951589,0.057396455031846,Neuron_Ex_Hippo
ulm,SQSTM1,avg_log2FC,-0.862000965831612,0.388707009429764,Neuron_Ex_Hippo
ulm,SRPK1,avg_log2FC,-1.46514681928566,0.142911320009423,Neuron_Ex_Hippo
ulm,SRPK2,avg_log2FC,0.955893073787882,0.339148642733806,Neuron_Ex_Hippo
ulm,SRSF9,avg_log2FC,1.62923758292747,0.103293245883187,Neuron_Ex_Hippo
ulm,SS18_SSX1_FUSION_UNIPROT_Q8IZH1_UNREVIEWED,avg_log2FC,2.27723253998324,0.0227927065192658,Neuron_Ex_Hippo
ulm,STN1,avg_log2FC,-3.84882399722938,0.000119401777806742,Neuron_Ex_Hippo
ulm,SUMO1,avg_log2FC,-2.82552797511863,0.00472933827088065,Neuron_Ex_Hippo
ulm,SUPT16H,avg_log2FC,-4.3731166438138,1.23685902905084e-05,Neuron_Ex_Hippo
ulm,SUPT20H,avg_log2FC,-2.80031284712902,0.00511479866983883,Neuron_Ex_Hippo
ulm,SVIL,avg_log2FC,-0.631669034627606,0.52761715337989,Neuron_Ex_Hippo
ulm,SYNCRIP,avg_log2FC,-1.02186146555214,0.306870418954381,Neuron_Ex_Hippo
ulm,TAF9B,avg_log2FC,-2.47509196195724,0.0133361222304827,Neuron_Ex_Hippo
ulm,TAFAZZIN,avg_log2FC,-1.54650177819736,0.122014084927133,Neuron_Ex_Hippo
ulm,TASOR,avg_log2FC,-2.47399401717382,0.0133771524852319,Neuron_Ex_Hippo
ulm,TBPL1,avg_log2FC,1.13929757398329,0.254605495758085,Neuron_Ex_Hippo
ulm,TBX1,avg_log2FC,-0.75027120797929,0.453108479119197,Neuron_Ex_Hippo
ulm,TBX3,avg_log2FC,-2.24045332155973,0.0250826930965244,Neuron_Ex_Hippo
ulm,TCOF1,avg_log2FC,0.511762206749621,0.60882839048216,Neuron_Ex_Hippo
ulm,TEAD2,avg_log2FC,-3.38936886560521,0.000703159053194807,Neuron_Ex_Hippo
ulm,TERF1,avg_log2FC,-0.0191233308374156,0.98474308909799,Neuron_Ex_Hippo
ulm,TERF2,avg_log2FC,0.930683686168424,0.352038974549858,Neuron_Ex_Hippo
ulm,TERT,avg_log2FC,-1.61191360442106,0.107011311503746,Neuron_Ex_Hippo
ulm,TET1,avg_log2FC,-1.30126313948319,0.193197441123184,Neuron_Ex_Hippo
ulm,TFCP2,avg_log2FC,-0.411284725792551,0.680872306145947,Neuron_Ex_Hippo
ulm,TFEB,avg_log2FC,-6.10440357842401,1.06895903182956e-09,Neuron_Ex_Hippo
ulm,THRA,avg_log2FC,1.08493196335268,0.277977126170687,Neuron_Ex_Hippo
ulm,THRAP3,avg_log2FC,0.0491103033058451,0.960832342554179,Neuron_Ex_Hippo
ulm,TOP2B,avg_log2FC,-1.87714267194239,0.0605267206842095,Neuron_Ex_Hippo
ulm,TOX4,avg_log2FC,-1.7005154989215,0.0890641241067095,Neuron_Ex_Hippo
ulm,TRIP13,avg_log2FC,0.210103394884073,0.833591122332887,Neuron_Ex_Hippo
ulm,TSHZ1,avg_log2FC,0.298687242575596,0.765184704005325,Neuron_Ex_Hippo
ulm,UBE2I,avg_log2FC,-0.475727688910717,0.634278458597586,Neuron_Ex_Hippo
ulm,UBN1,avg_log2FC,-3.75564265368347,0.000173847524837048,Neuron_Ex_Hippo
ulm,VRTN,avg_log2FC,-2.11005026460479,0.0348780244439353,Neuron_Ex_Hippo
ulm,WDHD1,avg_log2FC,0.122001016161565,0.90290058824637,Neuron_Ex_Hippo
ulm,WIZ,avg_log2FC,1.72612641190263,0.0843545946587666,Neuron_Ex_Hippo
ulm,WRN,avg_log2FC,-1.04586182831591,0.295649318470006,Neuron_Ex_Hippo
ulm,WRNIP1,avg_log2FC,-3.11618371443997,0.00183710685742493,Neuron_Ex_Hippo
ulm,XPO1,avg_log2FC,-1.81420083622812,0.0696758285544038,Neuron_Ex_Hippo
ulm,YBX1,avg_log2FC,-0.605180380904904,0.545072453175986,Neuron_Ex_Hippo
ulm,YBX3,avg_log2FC,-0.01782026066708,0.98578258604186,Neuron_Ex_Hippo
ulm,ZA_UNIPROT_Q9UM89_UNREVIEWED_GENES,avg_log2FC,-1.4569312297909,0.14516578021568,Neuron_Ex_Hippo
ulm,ZBED4,avg_log2FC,-0.262267539282603,0.7931204194086,Neuron_Ex_Hippo
ulm,ZBED5,avg_log2FC,-1.59512957439914,0.110713875421162,Neuron_Ex_Hippo
ulm,ZBTB1,avg_log2FC,-0.795830163684852,0.426149056267635,Neuron_Ex_Hippo
ulm,ZBTB12,avg_log2FC,-2.98393469342234,0.00285233520499691,Neuron_Ex_Hippo
ulm,ZBTB18,avg_log2FC,-1.73841575605917,0.0821673978508821,Neuron_Ex_Hippo
ulm,ZBTB44,avg_log2FC,-2.4104486454385,0.015950281658723,Neuron_Ex_Hippo
ulm,ZBTB49,avg_log2FC,-1.74540745082652,0.0809437217618189,Neuron_Ex_Hippo
ulm,ZBTB5,avg_log2FC,-0.677622882779184,0.498026019884241,Neuron_Ex_Hippo
ulm,ZC3H11A,avg_log2FC,-1.76001529302961,0.0784348264960587,Neuron_Ex_Hippo
ulm,ZFHX3,avg_log2FC,-3.95174293014558,7.81009300797598e-05,Neuron_Ex_Hippo
ulm,ZFP28,avg_log2FC,1.45444507630179,0.145853353785077,Neuron_Ex_Hippo
ulm,ZFP3,avg_log2FC,0.058599914005342,0.953271913431192,Neuron_Ex_Hippo
ulm,ZFP36L1,avg_log2FC,-0.347065414814103,0.728549250275903,Neuron_Ex_Hippo
ulm,ZFP82,avg_log2FC,0.610762285296617,0.541370411568842,Neuron_Ex_Hippo
ulm,ZFP91,avg_log2FC,-0.721451016209919,0.47064840735319,Neuron_Ex_Hippo
ulm,ZIM3,avg_log2FC,2.02953064985552,0.0424298709706611,Neuron_Ex_Hippo
ulm,ZMYM2,avg_log2FC,-0.376826656008595,0.706310175250077,Neuron_Ex_Hippo
ulm,ZMYND11,avg_log2FC,-3.58718364746794,0.000335815100936325,Neuron_Ex_Hippo
ulm,ZNF10,avg_log2FC,-1.21511085365951,0.224351605221825,Neuron_Ex_Hippo
ulm,ZNF101,avg_log2FC,-1.95723747370263,0.0503464645325873,Neuron_Ex_Hippo
ulm,ZNF133,avg_log2FC,2.30620413137556,0.0211189412192885,Neuron_Ex_Hippo
ulm,ZNF134,avg_log2FC,-1.58621510695886,0.112721150743319,Neuron_Ex_Hippo
ulm,ZNF136,avg_log2FC,0.663720767132606,0.506883867463866,Neuron_Ex_Hippo
ulm,ZNF140,avg_log2FC,-0.835568661278667,0.403416943615851,Neuron_Ex_Hippo
ulm,ZNF146,avg_log2FC,-0.999445398671089,0.317602403250761,Neuron_Ex_Hippo
ulm,ZNF157,avg_log2FC,1.75858192405661,0.0786781723633482,Neuron_Ex_Hippo
ulm,ZNF16,avg_log2FC,1.51281395671552,0.130357535146433,Neuron_Ex_Hippo
ulm,ZNF165,avg_log2FC,0.960215797583676,0.336969107032343,Neuron_Ex_Hippo
ulm,ZNF169,avg_log2FC,0.703253408722434,0.481913700362853,Neuron_Ex_Hippo
ulm,ZNF175,avg_log2FC,-3.08910691221153,0.00201292548686688,Neuron_Ex_Hippo
ulm,ZNF184,avg_log2FC,-2.08790807742198,0.0368305788909407,Neuron_Ex_Hippo
ulm,ZNF19,avg_log2FC,-0.882260698156421,0.377656387589309,Neuron_Ex_Hippo
ulm,ZNF197,avg_log2FC,-0.72964000238516,0.465626819043985,Neuron_Ex_Hippo
ulm,ZNF2,avg_log2FC,-1.16584495173982,0.243704074272411,Neuron_Ex_Hippo
ulm,ZNF20,avg_log2FC,-0.472333634727372,0.636698650882596,Neuron_Ex_Hippo
ulm,ZNF202,avg_log2FC,-0.418843543600319,0.675339193520947,Neuron_Ex_Hippo
ulm,ZNF213,avg_log2FC,-1.87542526800125,0.0607624449257527,Neuron_Ex_Hippo
ulm,ZNF214,avg_log2FC,0.785029885103443,0.432454062233248,Neuron_Ex_Hippo
ulm,ZNF22,avg_log2FC,1.62012689067388,0.105235566562296,Neuron_Ex_Hippo
ulm,ZNF223,avg_log2FC,0.942575237632338,0.345920268357027,Neuron_Ex_Hippo
ulm,ZNF224,avg_log2FC,-2.257191225474,0.0240169406432094,Neuron_Ex_Hippo
ulm,ZNF23,avg_log2FC,2.41351049667749,0.0158169717954479,Neuron_Ex_Hippo
ulm,ZNF236,avg_log2FC,-1.87959689945057,0.0601911789258248,Neuron_Ex_Hippo
ulm,ZNF239,avg_log2FC,0.383212542908298,0.701570069613923,Neuron_Ex_Hippo
ulm,ZNF250,avg_log2FC,-0.687632524530683,0.491699670190063,Neuron_Ex_Hippo
ulm,ZNF257,avg_log2FC,-1.54838033424775,0.121561407722191,Neuron_Ex_Hippo
ulm,ZNF26,avg_log2FC,-1.31433899189362,0.188761353240538,Neuron_Ex_Hippo
ulm,ZNF260,avg_log2FC,0.370143098867278,0.71128346438018,Neuron_Ex_Hippo
ulm,ZNF274,avg_log2FC,1.0941655725696,0.273907897481781,Neuron_Ex_Hippo
ulm,ZNF282,avg_log2FC,-4.83877069075299,1.32535720219879e-06,Neuron_Ex_Hippo
ulm,ZNF292,avg_log2FC,0.583404058738691,0.559634071481458,Neuron_Ex_Hippo
ulm,ZNF30,avg_log2FC,-1.07488877038197,0.282449652705871,Neuron_Ex_Hippo
ulm,ZNF318,avg_log2FC,-3.93203275064231,8.47812045963716e-05,Neuron_Ex_Hippo
ulm,ZNF320,avg_log2FC,0.974425504167681,0.329868143768035,Neuron_Ex_Hippo
ulm,ZNF322,avg_log2FC,-1.29617007020402,0.194945875267999,Neuron_Ex_Hippo
ulm,ZNF329,avg_log2FC,0.131538011937398,0.895352281990701,Neuron_Ex_Hippo
ulm,ZNF331,avg_log2FC,0.928890572574345,0.352967518219249,Neuron_Ex_Hippo
ulm,ZNF33A,avg_log2FC,0.318914064757682,0.749798131073166,Neuron_Ex_Hippo
ulm,ZNF34,avg_log2FC,1.90138083821417,0.0572799644036256,Neuron_Ex_Hippo
ulm,ZNF350,avg_log2FC,-0.924098874849517,0.355456438778276,Neuron_Ex_Hippo
ulm,ZNF354A,avg_log2FC,0.214921063144819,0.829833108086134,Neuron_Ex_Hippo
ulm,ZNF354B,avg_log2FC,-3.13594242883773,0.00171783805250538,Neuron_Ex_Hippo
ulm,ZNF362,avg_log2FC,-1.27106187438382,0.203735277673447,Neuron_Ex_Hippo
ulm,ZNF37A,avg_log2FC,-1.58257747059627,0.113548436256491,Neuron_Ex_Hippo
ulm,ZNF391,avg_log2FC,-2.34886530534917,0.0188494683367413,Neuron_Ex_Hippo
ulm,ZNF394,avg_log2FC,-0.379061565688222,0.704649942560913,Neuron_Ex_Hippo
ulm,ZNF404,avg_log2FC,-0.0658019749836178,0.947536758055362,Neuron_Ex_Hippo
ulm,ZNF407,avg_log2FC,-4.09533385482663,4.24776675954212e-05,Neuron_Ex_Hippo
ulm,ZNF41,avg_log2FC,1.35373710149988,0.17584990420664,Neuron_Ex_Hippo
ulm,ZNF410,avg_log2FC,-1.98650718308638,0.0470034325665692,Neuron_Ex_Hippo
ulm,ZNF418,avg_log2FC,-0.547147880448677,0.584288967437217,Neuron_Ex_Hippo
ulm,ZNF423,avg_log2FC,-0.886045002820088,0.375613916759031,Neuron_Ex_Hippo
ulm,ZNF426,avg_log2FC,2.50249377116863,0.0123475170983606,Neuron_Ex_Hippo
ulm,ZNF433,avg_log2FC,0.887675013222467,0.374736271366351,Neuron_Ex_Hippo
ulm,ZNF436,avg_log2FC,-1.12029932286142,0.262612293392093,Neuron_Ex_Hippo
ulm,ZNF445,avg_log2FC,2.93511418208526,0.00334159803822472,Neuron_Ex_Hippo
ulm,ZNF454,avg_log2FC,-0.933107132311112,0.350786480722291,Neuron_Ex_Hippo
ulm,ZNF486,avg_log2FC,1.14343874877863,0.252882987491988,Neuron_Ex_Hippo
ulm,ZNF488,avg_log2FC,1.67068454875547,0.0948143163264934,Neuron_Ex_Hippo
ulm,ZNF490,avg_log2FC,1.51306743568528,0.130293143331262,Neuron_Ex_Hippo
ulm,ZNF501,avg_log2FC,-0.26105649663153,0.794054146896475,Neuron_Ex_Hippo
ulm,ZNF502,avg_log2FC,-0.977391682441855,0.328398182860848,Neuron_Ex_Hippo
ulm,ZNF507,avg_log2FC,-4.65059678183473,3.3508592737986e-06,Neuron_Ex_Hippo
ulm,ZNF510,avg_log2FC,0.336776013725698,0.7362926022057,Neuron_Ex_Hippo
ulm,ZNF512,avg_log2FC,-0.121984203655335,0.902913902905834,Neuron_Ex_Hippo
ulm,ZNF512B,avg_log2FC,-0.915310879700615,0.360049829011712,Neuron_Ex_Hippo
ulm,ZNF513,avg_log2FC,-1.04421428998337,0.296410708453997,Neuron_Ex_Hippo
ulm,ZNF524,avg_log2FC,-0.378633238677482,0.704968022343769,Neuron_Ex_Hippo
ulm,ZNF528,avg_log2FC,-0.53326943773759,0.593858560943851,Neuron_Ex_Hippo
ulm,ZNF529,avg_log2FC,-0.480806253210096,0.630664395163018,Neuron_Ex_Hippo
ulm,ZNF530,avg_log2FC,1.53243516099773,0.125445730076763,Neuron_Ex_Hippo
ulm,ZNF532,avg_log2FC,-1.71543978526131,0.0862946345546014,Neuron_Ex_Hippo
ulm,ZNF547,avg_log2FC,-1.29691449065548,0.194689596314225,Neuron_Ex_Hippo
ulm,ZNF548,avg_log2FC,-0.00525012943928694,0.995811123470576,Neuron_Ex_Hippo
ulm,ZNF549,avg_log2FC,0.836138468803836,0.403096362464976,Neuron_Ex_Hippo
ulm,ZNF555,avg_log2FC,2.62022071748346,0.00880015317956957,Neuron_Ex_Hippo
ulm,ZNF558,avg_log2FC,-0.177888303899258,0.858814186877983,Neuron_Ex_Hippo
ulm,ZNF560,avg_log2FC,-1.05225017139447,0.292709416260386,Neuron_Ex_Hippo
ulm,ZNF561,avg_log2FC,-1.79846015290064,0.0721333204351268,Neuron_Ex_Hippo
ulm,ZNF563,avg_log2FC,-1.58572006343254,0.112833455354706,Neuron_Ex_Hippo
ulm,ZNF577,avg_log2FC,1.31372054051492,0.188969460678404,Neuron_Ex_Hippo
ulm,ZNF579,avg_log2FC,-3.040936011422,0.00236435455994645,Neuron_Ex_Hippo
ulm,ZNF581,avg_log2FC,-2.91204589772004,0.00359838835609683,Neuron_Ex_Hippo
ulm,ZNF582,avg_log2FC,-0.182134912922761,0.855480426676904,Neuron_Ex_Hippo
ulm,ZNF584,avg_log2FC,-1.02780615606339,0.304065101664488,Neuron_Ex_Hippo
ulm,ZNF585B,avg_log2FC,-0.142346621334038,0.886809000899107,Neuron_Ex_Hippo
ulm,ZNF586,avg_log2FC,0.212867357273488,0.83143462721333,Neuron_Ex_Hippo
ulm,ZNF589,avg_log2FC,-1.45626173424168,0.145350691942612,Neuron_Ex_Hippo
ulm,ZNF592,avg_log2FC,-4.32002633233085,1.5746998943222e-05,Neuron_Ex_Hippo
ulm,ZNF595,avg_log2FC,-0.385099506890224,0.700171627367967,Neuron_Ex_Hippo
ulm,ZNF596,avg_log2FC,3.53905024270675,0.000403335309132618,Neuron_Ex_Hippo
ulm,ZNF597,avg_log2FC,-1.49401779094148,0.135201533458098,Neuron_Ex_Hippo
ulm,ZNF610,avg_log2FC,-2.04925510076627,0.0404623971404796,Neuron_Ex_Hippo
ulm,ZNF618,avg_log2FC,-0.975314270861963,0.329427247606314,Neuron_Ex_Hippo
ulm,ZNF622,avg_log2FC,0.353449801256491,0.723758473534492,Neuron_Ex_Hippo
ulm,ZNF623,avg_log2FC,1.55599013088658,0.119741094379689,Neuron_Ex_Hippo
ulm,ZNF626,avg_log2FC,0.670405303660588,0.502614451801034,Neuron_Ex_Hippo
ulm,ZNF660,avg_log2FC,-2.47038203764078,0.0135129208110512,Neuron_Ex_Hippo
ulm,ZNF664,avg_log2FC,-0.958473914872137,0.337846285881954,Neuron_Ex_Hippo
ulm,ZNF667,avg_log2FC,-0.0999559124480756,0.920381267854402,Neuron_Ex_Hippo
ulm,ZNF669,avg_log2FC,-0.0858034853566802,0.931624299813897,Neuron_Ex_Hippo
ulm,ZNF677,avg_log2FC,0.623341251341475,0.533074066774006,Neuron_Ex_Hippo
ulm,ZNF680,avg_log2FC,1.8301908661155,0.0672502215025671,Neuron_Ex_Hippo
ulm,ZNF697,avg_log2FC,2.41219448260475,0.0158741491338438,Neuron_Ex_Hippo
ulm,ZNF7,avg_log2FC,-2.06724972289401,0.0387354954196735,Neuron_Ex_Hippo
ulm,ZNF704,avg_log2FC,-1.09021634810717,0.27564330091557,Neuron_Ex_Hippo
ulm,ZNF707,avg_log2FC,0.555628101405106,0.578477157725693,Neuron_Ex_Hippo
ulm,ZNF708,avg_log2FC,0.835696324075824,0.403345105587686,Neuron_Ex_Hippo
ulm,ZNF711,avg_log2FC,-3.02323724855377,0.00250700072215337,Neuron_Ex_Hippo
ulm,ZNF740,avg_log2FC,-4.53486464932924,5.82900082533503e-06,Neuron_Ex_Hippo
ulm,ZNF746,avg_log2FC,-2.45306104920404,0.0141810496315308,Neuron_Ex_Hippo
ulm,ZNF766,avg_log2FC,-3.27220660573467,0.00107062095706434,Neuron_Ex_Hippo
ulm,ZNF768,avg_log2FC,-0.664743174325788,0.506229623174017,Neuron_Ex_Hippo
ulm,ZNF774,avg_log2FC,0.665179579002957,0.50595050063346,Neuron_Ex_Hippo
ulm,ZNF777,avg_log2FC,1.26863098712143,0.2046013133177,Neuron_Ex_Hippo
ulm,ZNF781,avg_log2FC,2.58208475615637,0.00983419366648534,Neuron_Ex_Hippo
ulm,ZNF784,avg_log2FC,-0.975695354387999,0.329238318087566,Neuron_Ex_Hippo
ulm,ZNF785,avg_log2FC,-0.313585089623918,0.753842521342305,Neuron_Ex_Hippo
ulm,ZNF791,avg_log2FC,1.68262409495605,0.0924781257659443,Neuron_Ex_Hippo
ulm,ZNF8,avg_log2FC,-1.48113698841653,0.138600593718114,Neuron_Ex_Hippo
ulm,ZNF816,avg_log2FC,-0.419948949448845,0.674531487754369,Neuron_Ex_Hippo
ulm,ZNF830,avg_log2FC,-1.63466244140494,0.102150321043039,Neuron_Ex_Hippo
ulm,ZNF837,avg_log2FC,-1.77424643339409,0.0760518650341796,Neuron_Ex_Hippo
ulm,ZNF843,avg_log2FC,0.46235889879215,0.643833713229746,Neuron_Ex_Hippo
ulm,ZNF85,avg_log2FC,-2.6482527940391,0.00810320477029708,Neuron_Ex_Hippo
ulm,ZNF92,avg_log2FC,-2.18697037482818,0.0287670492583009,Neuron_Ex_Hippo
ulm,ZSCAN18,avg_log2FC,-1.68818563354953,0.0914058056560247,Neuron_Ex_Hippo
ulm,ZSCAN2,avg_log2FC,0.198347298463943,0.84277725370311,Neuron_Ex_Hippo
ulm,ZSCAN21,avg_log2FC,-0.402847759193348,0.687068566662539,Neuron_Ex_Hippo
ulm,ZSCAN23,avg_log2FC,0.466658115867997,0.640754348385258,Neuron_Ex_Hippo
ulm,ZSCAN30,avg_log2FC,-0.817318328386543,0.413765397693336,Neuron_Ex_Hippo
ulm,ZSCAN31,avg_log2FC,-1.56329222723399,0.118014528742626,Neuron_Ex_Hippo
ulm,ZSCAN4,avg_log2FC,0.624502917188683,0.532311156707551,Neuron_Ex_Hippo
ulm,ZSCAN5B,avg_log2FC,-1.00406557820604,0.315370540052337,Neuron_Ex_Hippo
ulm,ZSCAN5C,avg_log2FC,-0.0205378773985755,0.983614693578987,Neuron_Ex_Hippo
ulm,ZSCAN5DP,avg_log2FC,-2.7752586726992,0.00552570614564086,Neuron_Ex_Hippo
ulm,ZZZ3,avg_log2FC,0.462398145303928,0.643805574671906,Neuron_Ex_Hippo
ulm,ADA2,avg_log2FC,-1.16394404488377,0.244485564382613,Neuron_Inh_Frontal
ulm,ADNP,avg_log2FC,2.10780085327292,0.0350829688516027,Neuron_Inh_Frontal
ulm,AEBP2,avg_log2FC,-0.648625118500238,0.516601566978779,Neuron_Inh_Frontal
ulm,AHRR,avg_log2FC,-2.26552096536231,0.0235105390861815,Neuron_Inh_Frontal
ulm,ALKBH3,avg_log2FC,-0.016777950120495,0.986614229265457,Neuron_Inh_Frontal
ulm,ALX4,avg_log2FC,-0.558572845997585,0.576470784877042,Neuron_Inh_Frontal
ulm,ARHGAP35,avg_log2FC,-1.14386829899032,0.252716591060485,Neuron_Inh_Frontal
ulm,ARID3B,avg_log2FC,-0.843867077325896,0.398771946431088,Neuron_Inh_Frontal
ulm,ARID5B,avg_log2FC,-0.865521749657201,0.386781551537971,Neuron_Inh_Frontal
ulm,ARNT2,avg_log2FC,-2.61417130177481,0.00896319123199199,Neuron_Inh_Frontal
ulm,ASH1L,avg_log2FC,1.1692470673729,0.242343118792135,Neuron_Inh_Frontal
ulm,ASXL2,avg_log2FC,0.936679790167997,0.34895496202242,Neuron_Inh_Frontal
ulm,ATF5,avg_log2FC,-3.4492376655279,0.000565419189114323,Neuron_Inh_Frontal
ulm,ATF6,avg_log2FC,-2.54923411129127,0.0108167006398123,Neuron_Inh_Frontal
ulm,ATOH8,avg_log2FC,-1.87650505533932,0.060626698139645,Neuron_Inh_Frontal
ulm,ATXN7L3,avg_log2FC,-3.68545522425761,0.00022998455666723,Neuron_Inh_Frontal
ulm,AUTS2,avg_log2FC,-1.71285507755279,0.0867826011536819,Neuron_Inh_Frontal
ulm,BAHD1,avg_log2FC,0.0386820051285239,0.969145001496909,Neuron_Inh_Frontal
ulm,BANP,avg_log2FC,-0.666172014347511,0.505322672062344,Neuron_Inh_Frontal
ulm,BARHL1,avg_log2FC,-2.60020918771949,0.00933587994599337,Neuron_Inh_Frontal
ulm,BARX1,avg_log2FC,-1.1459065252382,0.251872218590126,Neuron_Inh_Frontal
ulm,BARX2,avg_log2FC,0.457256243525423,0.647500782565066,Neuron_Inh_Frontal
ulm,BCL6B,avg_log2FC,0.114405059065494,0.908919919228421,Neuron_Inh_Frontal
ulm,BDP1,avg_log2FC,0.125924318938408,0.899795376149578,Neuron_Inh_Frontal
ulm,BPTF,avg_log2FC,-1.36154017153494,0.173385990417317,Neuron_Inh_Frontal
ulm,BRCA2,avg_log2FC,-1.81517727125212,0.0695385897014806,Neuron_Inh_Frontal
ulm,BRF1,avg_log2FC,-0.59119450664391,0.554408809886271,Neuron_Inh_Frontal
ulm,CARM1,avg_log2FC,-0.37775987045047,0.705620211386057,Neuron_Inh_Frontal
ulm,CASP8AP2,avg_log2FC,0.254422269631701,0.799176671894984,Neuron_Inh_Frontal
ulm,CAVIN1,avg_log2FC,0.172713507724501,0.862881519076119,Neuron_Inh_Frontal
ulm,CBX5,avg_log2FC,1.34195392055206,0.179653591140464,Neuron_Inh_Frontal
ulm,CBX7,avg_log2FC,1.26622107679767,0.205475235465094,Neuron_Inh_Frontal
ulm,CC2D1A,avg_log2FC,-0.793110078012879,0.427740034145599,Neuron_Inh_Frontal
ulm,CDC5L,avg_log2FC,0.158994989342676,0.873677316523692,Neuron_Inh_Frontal
ulm,CDC73,avg_log2FC,-2.52596191293055,0.0115596359497115,Neuron_Inh_Frontal
ulm,CDH4,avg_log2FC,-1.66349884085699,0.0962564902257497,Neuron_Inh_Frontal
ulm,CDX1,avg_log2FC,0.712383189115613,0.4762507904256,Neuron_Inh_Frontal
ulm,CEBPE,avg_log2FC,-0.699651186327662,0.484167951255259,Neuron_Inh_Frontal
ulm,CEBPZ,avg_log2FC,1.97471039787655,0.048339474071446,Neuron_Inh_Frontal
ulm,CENPT,avg_log2FC,-1.29496809056897,0.195373091547535,Neuron_Inh_Frontal
ulm,CHAF1A,avg_log2FC,-0.86056506853518,0.389506515199813,Neuron_Inh_Frontal
ulm,CHAF1B,avg_log2FC,-1.26742466452076,0.205044801663968,Neuron_Inh_Frontal
ulm,CHAMP1,avg_log2FC,-0.912972884933666,0.361287615374787,Neuron_Inh_Frontal
ulm,CIC,avg_log2FC,-1.60636050658456,0.108238924826765,Neuron_Inh_Frontal
ulm,CIITA,avg_log2FC,-1.95128476576696,0.0510622168554186,Neuron_Inh_Frontal
ulm,COBLL1,avg_log2FC,0.158575946232733,0.87400746394576,Neuron_Inh_Frontal
ulm,CREB3,avg_log2FC,-0.583747742490847,0.559408473241629,Neuron_Inh_Frontal
ulm,CREB3L2,avg_log2FC,-1.85683154436383,0.0633762625152966,Neuron_Inh_Frontal
ulm,CREB3L4,avg_log2FC,-2.1754893385299,0.0296261456427867,Neuron_Inh_Frontal
ulm,CSHL1,avg_log2FC,-0.213069974300134,0.831278464402422,Neuron_Inh_Frontal
ulm,CTR9,avg_log2FC,-1.02049901452287,0.307526417495407,Neuron_Inh_Frontal
ulm,CUX1,avg_log2FC,-1.5698254139989,0.116500026516771,Neuron_Inh_Frontal
ulm,DACH1,avg_log2FC,0.124100683478118,0.9012390488859,Neuron_Inh_Frontal
ulm,DBP,avg_log2FC,-2.56606424772392,0.0103061857620147,Neuron_Inh_Frontal
ulm,DICER1,avg_log2FC,0.484330024871977,0.628166520180649,Neuron_Inh_Frontal
ulm,DIDO1,avg_log2FC,-0.182998436433138,0.854804439098208,Neuron_Inh_Frontal
ulm,DLX2,avg_log2FC,-0.821763986475675,0.411238661571562,Neuron_Inh_Frontal
ulm,DLX4,avg_log2FC,-2.36358148527223,0.0181258675191253,Neuron_Inh_Frontal
ulm,DLX6,avg_log2FC,-3.08315357734376,0.00205600539614116,Neuron_Inh_Frontal
ulm,DMRT1,avg_log2FC,-1.01641821794683,0.309464699385682,Neuron_Inh_Frontal
ulm,DNMT1,avg_log2FC,0.478609445787209,0.632231146209123,Neuron_Inh_Frontal
ulm,DNMT3A,avg_log2FC,-1.99389935559283,0.0462010104516376,Neuron_Inh_Frontal
ulm,DPPA3,avg_log2FC,0.723888174891299,0.469158096383649,Neuron_Inh_Frontal
ulm,DROSHA,avg_log2FC,1.67817189510704,0.0933572915143139,Neuron_Inh_Frontal
ulm,DYRK1A,avg_log2FC,-0.654079316783141,0.513081762927212,Neuron_Inh_Frontal
ulm,E2F2,avg_log2FC,-1.13201611842237,0.257665657948735,Neuron_Inh_Frontal
ulm,E2F5,avg_log2FC,-0.58323761964688,0.559751762557841,Neuron_Inh_Frontal
ulm,EBNA1BP2,avg_log2FC,0.857939123055752,0.390954865092676,Neuron_Inh_Frontal
ulm,EGFR,avg_log2FC,-1.54658402925732,0.122007883827528,Neuron_Inh_Frontal
ulm,ELF2,avg_log2FC,-1.73850581660797,0.0821648139664312,Neuron_Inh_Frontal
ulm,ELF5,avg_log2FC,-0.812786864256887,0.416367356360458,Neuron_Inh_Frontal
ulm,EMX1,avg_log2FC,-1.69249937373252,0.0905944102670508,Neuron_Inh_Frontal
ulm,EPC1,avg_log2FC,-0.621488251719074,0.53429825508613,Neuron_Inh_Frontal
ulm,ERCC8,avg_log2FC,0.643744113470285,0.519762046657067,Neuron_Inh_Frontal
ulm,EWSR1,avg_log2FC,-0.948728519232476,0.342790801043272,Neuron_Inh_Frontal
ulm,F10,avg_log2FC,-1.17159203190283,0.24139996617039,Neuron_Inh_Frontal
ulm,FEV,avg_log2FC,-1.92305065815258,0.0545133977854972,Neuron_Inh_Frontal
ulm,FOXC1,avg_log2FC,0.0699527730099795,0.944233207366997,Neuron_Inh_Frontal
ulm,FOXD2,avg_log2FC,-2.27215425485718,0.0231067906189731,Neuron_Inh_Frontal
ulm,FOXD3,avg_log2FC,0.602627032242392,0.546775963495627,Neuron_Inh_Frontal
ulm,FOXE1,avg_log2FC,-2.8916697654645,0.0038435688777788,Neuron_Inh_Frontal
ulm,FOXG1,avg_log2FC,-1.16313238677446,0.244814647927679,Neuron_Inh_Frontal
ulm,FOXJ2,avg_log2FC,0.512993810573618,0.607971514392128,Neuron_Inh_Frontal
ulm,FOXN3,avg_log2FC,1.77155970061193,0.0765103021097541,Neuron_Inh_Frontal
ulm,FOXO4,avg_log2FC,-0.461284071667705,0.644608856679382,Neuron_Inh_Frontal
ulm,FOXQ1,avg_log2FC,-0.829503246780695,0.406847419656622,Neuron_Inh_Frontal
ulm,FOXR2,avg_log2FC,-0.770813883757117,0.440842751261613,Neuron_Inh_Frontal
ulm,FXR1,avg_log2FC,-2.45526896016484,0.0141015831660136,Neuron_Inh_Frontal
ulm,GLI1,avg_log2FC,0.161016535303643,0.872084930815822,Neuron_Inh_Frontal
ulm,GLI3,avg_log2FC,-0.615563727170946,0.538202109309852,Neuron_Inh_Frontal
ulm,GLI4,avg_log2FC,0.445109016941403,0.656254460511158,Neuron_Inh_Frontal
ulm,GREB1,avg_log2FC,1.01534223845291,0.309977106293704,Neuron_Inh_Frontal
ulm,GTF2A2,avg_log2FC,-2.8314610965827,0.0046465429419842,Neuron_Inh_Frontal
ulm,GTF2E2,avg_log2FC,-2.31442507920483,0.0206726389122557,Neuron_Inh_Frontal
ulm,GTF3A,avg_log2FC,0.066837625781321,0.94671283991423,Neuron_Inh_Frontal
ulm,GUCY1B1,avg_log2FC,-2.10495116867483,0.0353303936458852,Neuron_Inh_Frontal
ulm,H1_6,avg_log2FC,1.19240001986119,0.233144042323769,Neuron_Inh_Frontal
ulm,HAND1,avg_log2FC,0.326260793564754,0.744236606946787,Neuron_Inh_Frontal
ulm,HBZ,avg_log2FC,0.305207654288295,0.76021689590698,Neuron_Inh_Frontal
ulm,HDAC4,avg_log2FC,-0.352161826583786,0.724727292495154,Neuron_Inh_Frontal
ulm,HDAC8,avg_log2FC,1.73880664086018,0.0821118641126971,Neuron_Inh_Frontal
ulm,HDGF,avg_log2FC,-0.313904686921739,0.753602597099865,Neuron_Inh_Frontal
ulm,HES2,avg_log2FC,-0.344500308807554,0.73048020564829,Neuron_Inh_Frontal
ulm,HES4,avg_log2FC,-1.44048951735578,0.149772782459612,Neuron_Inh_Frontal
ulm,HEY2,avg_log2FC,1.17399106855127,0.240437743199681,Neuron_Inh_Frontal
ulm,HHEX,avg_log2FC,-1.18247649839246,0.237056044278957,Neuron_Inh_Frontal
ulm,HJURP,avg_log2FC,-1.84317679972614,0.0653446056072733,Neuron_Inh_Frontal
ulm,HMG20B,avg_log2FC,0.0357961767734085,0.971445881852749,Neuron_Inh_Frontal
ulm,HMGA1,avg_log2FC,0.727891759599965,0.466703706570835,Neuron_Inh_Frontal
ulm,HMGB2,avg_log2FC,-3.21872189625794,0.00129338673721573,Neuron_Inh_Frontal
ulm,HOXA1,avg_log2FC,-1.50420268496973,0.132573398436117,Neuron_Inh_Frontal
ulm,HOXA10,avg_log2FC,-0.719928739609183,0.471592427105898,Neuron_Inh_Frontal
ulm,HOXA13,avg_log2FC,-1.56973211594521,0.11652173949651,Neuron_Inh_Frontal
ulm,HOXA7,avg_log2FC,-0.669949188785862,0.502911837946624,Neuron_Inh_Frontal
ulm,HOXB4,avg_log2FC,-1.16308790850407,0.244832690447109,Neuron_Inh_Frontal
ulm,HOXB6,avg_log2FC,-1.37275633384806,0.169871205736112,Neuron_Inh_Frontal
ulm,HOXB7,avg_log2FC,1.23289328633903,0.217656154238553,Neuron_Inh_Frontal
ulm,HOXC11,avg_log2FC,-1.33165771846451,0.183015180889832,Neuron_Inh_Frontal
ulm,HOXC13,avg_log2FC,0.400678836790901,0.688668577645312,Neuron_Inh_Frontal
ulm,HOXC6,avg_log2FC,-1.31871730365349,0.187305917011987,Neuron_Inh_Frontal
ulm,HOXD1,avg_log2FC,-0.500583215360443,0.616679900412269,Neuron_Inh_Frontal
ulm,HOXD11,avg_log2FC,-1.76987325403699,0.0767909102012349,Neuron_Inh_Frontal
ulm,HSD17B8,avg_log2FC,-0.322982680374193,0.74671781270241,Neuron_Inh_Frontal
ulm,HSF2,avg_log2FC,-3.30945767826672,0.000939398668293324,Neuron_Inh_Frontal
ulm,HSF4,avg_log2FC,-0.784090206435353,0.433013181349895,Neuron_Inh_Frontal
ulm,ID1,avg_log2FC,-1.63992311230923,0.10106518799666,Neuron_Inh_Frontal
ulm,ID2,avg_log2FC,-1.32863432210747,0.184011085553893,Neuron_Inh_Frontal
ulm,IGLV5_37,avg_log2FC,0.748061878657421,0.454447462185482,Neuron_Inh_Frontal
ulm,ILK,avg_log2FC,-0.59500731493799,0.55185742929515,Neuron_Inh_Frontal
ulm,INSM2,avg_log2FC,-1.8405941778538,0.0657225053395417,Neuron_Inh_Frontal
ulm,IRF5,avg_log2FC,-1.80909767080548,0.0704778548435671,Neuron_Inh_Frontal
ulm,IRX2,avg_log2FC,-2.72577521490753,0.00643070496340756,Neuron_Inh_Frontal
ulm,IRX3,avg_log2FC,-0.327295662519918,0.743453863794604,Neuron_Inh_Frontal
ulm,KAT2A,avg_log2FC,-1.81743467451625,0.069192460959402,Neuron_Inh_Frontal
ulm,KAT5,avg_log2FC,-2.51335363052401,0.0119807679106817,Neuron_Inh_Frontal
ulm,KDM1B,avg_log2FC,-0.0252377405231965,0.97986603893664,Neuron_Inh_Frontal
ulm,KLF14,avg_log2FC,-0.391930915999844,0.695120951486548,Neuron_Inh_Frontal
ulm,KLF7,avg_log2FC,-0.0406038726429693,0.967612831575023,Neuron_Inh_Frontal
ulm,KMT2D,avg_log2FC,-2.02490976871391,0.0429137556325319,Neuron_Inh_Frontal
ulm,LCORL,avg_log2FC,-1.07282754367966,0.283384742670347,Neuron_Inh_Frontal
ulm,LHX2,avg_log2FC,-0.895957531455009,0.370305637583759,Neuron_Inh_Frontal
ulm,LHX3,avg_log2FC,-0.355534937963733,0.722199373948269,Neuron_Inh_Frontal
ulm,LHX9,avg_log2FC,-0.46237489845018,0.64382658019493,Neuron_Inh_Frontal
ulm,LMNB2,avg_log2FC,1.16449114002502,0.244263922155191,Neuron_Inh_Frontal
ulm,LMTK3,avg_log2FC,0.828848194005045,0.407218007933256,Neuron_Inh_Frontal
ulm,LMX1B,avg_log2FC,-1.08070299222282,0.279865737342514,Neuron_Inh_Frontal
ulm,MAFG,avg_log2FC,-1.63136077250738,0.102858300938967,Neuron_Inh_Frontal
ulm,MAML1,avg_log2FC,0.507939370040631,0.611511547565863,Neuron_Inh_Frontal
ulm,MAP2K1,avg_log2FC,-1.72456437051554,0.0846492701016297,Neuron_Inh_Frontal
ulm,MAPK3,avg_log2FC,-2.99826352276131,0.00272457649976084,Neuron_Inh_Frontal
ulm,MCM2,avg_log2FC,-0.946083971759668,0.344137760305458,Neuron_Inh_Frontal
ulm,MCM3,avg_log2FC,-1.36487747494335,0.172334552366946,Neuron_Inh_Frontal
ulm,MCRS1,avg_log2FC,0.405955708534609,0.684787304404928,Neuron_Inh_Frontal
ulm,MDM2,avg_log2FC,-2.45669883736481,0.0140456341920415,Neuron_Inh_Frontal
ulm,MED16,avg_log2FC,-0.686534375716125,0.492398479799278,Neuron_Inh_Frontal
ulm,MED25,avg_log2FC,-1.85012670375585,0.0643365601859189,Neuron_Inh_Frontal
ulm,MEF2C,avg_log2FC,-0.464559521351002,0.642261084718835,Neuron_Inh_Frontal
ulm,MEF2D,avg_log2FC,-1.0867500091938,0.277183976779331,Neuron_Inh_Frontal
ulm,METHYLCYTOSINE_DIOXYGENASE_TET_UNIPROT_A0A023HHK9_UNREVIEWED,avg_log2FC,-0.180133306279015,0.857053025477805,Neuron_Inh_Frontal
ulm,METTL14,avg_log2FC,0.887202861240893,0.374999562687562,Neuron_Inh_Frontal
ulm,MIER1,avg_log2FC,-0.955860505852354,0.339175062401205,Neuron_Inh_Frontal
ulm,MSX1,avg_log2FC,-1.90802013674902,0.0564286666317701,Neuron_Inh_Frontal
ulm,MSX2,avg_log2FC,-2.21911668074086,0.0265100887311808,Neuron_Inh_Frontal
ulm,MTHFD1,avg_log2FC,-0.828377166080407,0.407484610751361,Neuron_Inh_Frontal
ulm,MXD1,avg_log2FC,-1.82321349410224,0.0683128374622874,Neuron_Inh_Frontal
ulm,MYBL1,avg_log2FC,-0.81309693259581,0.416189585018288,Neuron_Inh_Frontal
ulm,MYF6,avg_log2FC,-0.018956907175435,0.984876011783327,Neuron_Inh_Frontal
ulm,MYOCD,avg_log2FC,0.125167110396267,0.900394776876238,Neuron_Inh_Frontal
ulm,MZF1,avg_log2FC,-3.08057287197306,0.00207388290900377,Neuron_Inh_Frontal
ulm,NAB2,avg_log2FC,-1.62386708964093,0.104448301695581,Neuron_Inh_Frontal
ulm,NCOA2,avg_log2FC,-0.377783946115726,0.705602325531469,Neuron_Inh_Frontal
ulm,NCOA4,avg_log2FC,-3.89159758307742,0.000100491906604583,Neuron_Inh_Frontal
ulm,NCOA6,avg_log2FC,-0.70530421907202,0.480643933791802,Neuron_Inh_Frontal
ulm,NEUROG3,avg_log2FC,-0.578319302356922,0.563066796953074,Neuron_Inh_Frontal
ulm,NFE2L1,avg_log2FC,-2.08743149053054,0.0368844999852892,Neuron_Inh_Frontal
ulm,NFKBIA,avg_log2FC,1.04422969233468,0.296414469715685,Neuron_Inh_Frontal
ulm,NFXL1,avg_log2FC,0.190070799240455,0.849259052784934,Neuron_Inh_Frontal
ulm,NKX2_2,avg_log2FC,-2.65414819447852,0.0079685072265199,Neuron_Inh_Frontal
ulm,NKX2_3,avg_log2FC,-1.79526949061854,0.0726530297166184,Neuron_Inh_Frontal
ulm,NKX2_5,avg_log2FC,-0.951045361146184,0.341613527301116,Neuron_Inh_Frontal
ulm,NKX2_8,avg_log2FC,-1.73455926845779,0.0828620374860867,Neuron_Inh_Frontal
ulm,NKX6_1,avg_log2FC,0.0985637734035149,0.92148740020826,Neuron_Inh_Frontal
ulm,NME2,avg_log2FC,-0.752378313342432,0.451848376664821,Neuron_Inh_Frontal
ulm,NOTCH3,avg_log2FC,-0.227692834692257,0.81989156002872,Neuron_Inh_Frontal
ulm,NPAT,avg_log2FC,-0.894873662561407,0.370884779583789,Neuron_Inh_Frontal
ulm,NPM1,avg_log2FC,-1.82724378388024,0.0677048257345661,Neuron_Inh_Frontal
ulm,NR0B1,avg_log2FC,-0.243225009312414,0.807838078019894,Neuron_Inh_Frontal
ulm,NR1D1,avg_log2FC,-0.464466435635886,0.642327757364358,Neuron_Inh_Frontal
ulm,NR1H4,avg_log2FC,-0.608840338051582,0.542649634697575,Neuron_Inh_Frontal
ulm,NR1I2,avg_log2FC,-0.546178440364439,0.584960342454346,Neuron_Inh_Frontal
ulm,NR2E3,avg_log2FC,1.02717844755487,0.304371226419744,Neuron_Inh_Frontal
ulm,NR5A1,avg_log2FC,-1.20924437926875,0.226608995028427,Neuron_Inh_Frontal
ulm,NUFIP1,avg_log2FC,0.979980555755589,0.32712890610339,Neuron_Inh_Frontal
ulm,OVOL3,avg_log2FC,-0.343632421325778,0.731132853084512,Neuron_Inh_Frontal
ulm,PAF1,avg_log2FC,0.249169409263445,0.803236905303588,Neuron_Inh_Frontal
ulm,PAX3,avg_log2FC,-0.510768309177416,0.60952908714961,Neuron_Inh_Frontal
ulm,PAX6,avg_log2FC,-1.61174859080239,0.107060839469203,Neuron_Inh_Frontal
ulm,PAX7,avg_log2FC,0.377699056234659,0.705665391099737,Neuron_Inh_Frontal
ulm,PAX8,avg_log2FC,-0.606028593909124,0.544515022642145,Neuron_Inh_Frontal
ulm,PBXIP1,avg_log2FC,-0.227815783123792,0.819795976633987,Neuron_Inh_Frontal
ulm,PCGF1,avg_log2FC,-0.832162439779322,0.405345080994315,Neuron_Inh_Frontal
ulm,PCGF6,avg_log2FC,1.55626202239246,0.119690100524109,Neuron_Inh_Frontal
ulm,PER1,avg_log2FC,-1.68366604097604,0.092289922888916,Neuron_Inh_Frontal
ulm,PGBD5,avg_log2FC,-0.68436394613615,0.493767579289973,Neuron_Inh_Frontal
ulm,PGM3,avg_log2FC,-1.37516912278101,0.169122146366426,Neuron_Inh_Frontal
ulm,PHB2,avg_log2FC,0.68240621843893,0.495004253124362,Neuron_Inh_Frontal
ulm,PHF21A,avg_log2FC,-0.375999647525727,0.70692832431634,Neuron_Inh_Frontal
ulm,PIAS4,avg_log2FC,-1.14293671565864,0.253103172658607,Neuron_Inh_Frontal
ulm,PITX1,avg_log2FC,-1.44546671150737,0.148370706262861,Neuron_Inh_Frontal
ulm,POU2AF1,avg_log2FC,-2.38728433231887,0.0169992096810071,Neuron_Inh_Frontal
ulm,PPARA,avg_log2FC,-1.31329164854528,0.189126875583352,Neuron_Inh_Frontal
ulm,PPARGC1A,avg_log2FC,-3.50097635690553,0.000466387918407421,Neuron_Inh_Frontal
ulm,PRDM12,avg_log2FC,1.00762513650057,0.313668588284134,Neuron_Inh_Frontal
ulm,PRDM4,avg_log2FC,-1.22027440933887,0.222401151266454,Neuron_Inh_Frontal
ulm,PRDM5,avg_log2FC,1.63013275014121,0.103117534105941,Neuron_Inh_Frontal
ulm,PRKDC,avg_log2FC,1.61552757969641,0.106240656510826,Neuron_Inh_Frontal
ulm,PRMT5,avg_log2FC,0.0271825140354652,0.978314921681172,Neuron_Inh_Frontal
ulm,PSIP1,avg_log2FC,-0.663056217756811,0.507315945473783,Neuron_Inh_Frontal
ulm,PSMB5,avg_log2FC,-5.61882566007286,1.99498600122746e-08,Neuron_Inh_Frontal
ulm,PTPRA,avg_log2FC,-1.6977537189667,0.0895978124646416,Neuron_Inh_Frontal
ulm,PTTG1,avg_log2FC,0.154730909588989,0.877037832766968,Neuron_Inh_Frontal
ulm,RAG1,avg_log2FC,-2.00358115464169,0.0451526467405266,Neuron_Inh_Frontal
ulm,RAX2,avg_log2FC,-1.916031981561,0.0554008962841514,Neuron_Inh_Frontal
ulm,RBL1,avg_log2FC,-1.57542471900998,0.115202727799285,Neuron_Inh_Frontal
ulm,RBM15,avg_log2FC,-1.74322802802319,0.0813368178419137,Neuron_Inh_Frontal
ulm,RBM17,avg_log2FC,-0.301611082594886,0.762957338597781,Neuron_Inh_Frontal
ulm,RBM34,avg_log2FC,-1.87589936286954,0.0607098497777272,Neuron_Inh_Frontal
ulm,RFX7,avg_log2FC,-1.99622553684565,0.0459472739763585,Neuron_Inh_Frontal
ulm,RLF,avg_log2FC,0.665168255538003,0.505964357465627,Neuron_Inh_Frontal
ulm,RORA,avg_log2FC,-0.174469125405062,0.861501737479844,Neuron_Inh_Frontal
ulm,RPA1,avg_log2FC,-0.380951366797638,0.703250665151571,Neuron_Inh_Frontal
ulm,RUVBL1,avg_log2FC,-0.574462871220295,0.565672708874284,Neuron_Inh_Frontal
ulm,RUVBL2,avg_log2FC,-0.82940953083379,0.406900425993614,Neuron_Inh_Frontal
ulm,RYBP,avg_log2FC,0.656237341345275,0.511692564414635,Neuron_Inh_Frontal
ulm,SAFB2,avg_log2FC,-0.937136021335695,0.348720277867676,Neuron_Inh_Frontal
ulm,SALL4,avg_log2FC,-1.51580072062169,0.129613999059018,Neuron_Inh_Frontal
ulm,SETBP1,avg_log2FC,-0.481597378028939,0.630106742758027,Neuron_Inh_Frontal
ulm,SETD1A,avg_log2FC,-0.134307058338768,0.893163555949162,Neuron_Inh_Frontal
ulm,SETD7,avg_log2FC,-6.09684879105393,1.13812575222656e-09,Neuron_Inh_Frontal
ulm,SFMBT1,avg_log2FC,-1.06312679422387,0.287760394172781,Neuron_Inh_Frontal
ulm,SIGMAR1,avg_log2FC,-1.93699098398363,0.05278582729152,Neuron_Inh_Frontal
ulm,SIPA1,avg_log2FC,0.234551836801511,0.814563318031842,Neuron_Inh_Frontal
ulm,SIRT3,avg_log2FC,-0.369692826741113,0.711622336628429,Neuron_Inh_Frontal
ulm,SIX1,avg_log2FC,0.346645539804059,0.728867839861272,Neuron_Inh_Frontal
ulm,SIX4,avg_log2FC,-0.426770542385767,0.669559326093703,Neuron_Inh_Frontal
ulm,SKIL,avg_log2FC,-1.61067065019076,0.107295710671926,Neuron_Inh_Frontal
ulm,SKP2,avg_log2FC,1.03228560989515,0.30197328949449,Neuron_Inh_Frontal
ulm,SMARCA1,avg_log2FC,-0.523873913513244,0.600382493188223,Neuron_Inh_Frontal
ulm,SMCHD1,avg_log2FC,-0.505143967400943,0.613473306864949,Neuron_Inh_Frontal
ulm,SMN1_SMN2,avg_log2FC,-0.266010323670936,0.790238935703047,Neuron_Inh_Frontal
ulm,SNAI1,avg_log2FC,0.71154049061728,0.476772604609749,Neuron_Inh_Frontal
ulm,SNAPC4,avg_log2FC,-0.0895353106471874,0.928659002649984,Neuron_Inh_Frontal
ulm,SNIP1,avg_log2FC,-0.236921665210214,0.812724356020025,Neuron_Inh_Frontal
ulm,SNRNP70,avg_log2FC,-3.05539148568284,0.00225596143895566,Neuron_Inh_Frontal
ulm,SOX10,avg_log2FC,0.466886208811575,0.640595532706629,Neuron_Inh_Frontal
ulm,SOX11,avg_log2FC,-0.200917694409018,0.840768652154895,Neuron_Inh_Frontal
ulm,SOX3,avg_log2FC,-0.941594929470112,0.346431909152993,Neuron_Inh_Frontal
ulm,SQSTM1,avg_log2FC,1.09009194485534,0.275709416253784,Neuron_Inh_Frontal
ulm,SRPK1,avg_log2FC,-0.592717405673207,0.553389054070455,Neuron_Inh_Frontal
ulm,SRPK2,avg_log2FC,-0.069706319193669,0.9444293632845,Neuron_Inh_Frontal
ulm,SRSF9,avg_log2FC,-1.95711688496364,0.050372620853524,Neuron_Inh_Frontal
ulm,SS18_SSX1_FUSION_UNIPROT_Q8IZH1_UNREVIEWED,avg_log2FC,-0.241082471263415,0.809498117519882,Neuron_Inh_Frontal
ulm,STN1,avg_log2FC,-2.70477304642902,0.00685131245727142,Neuron_Inh_Frontal
ulm,SUMO1,avg_log2FC,-0.51892903377,0.603826306440527,Neuron_Inh_Frontal
ulm,SUPT16H,avg_log2FC,-4.2492800571478,2.17184455545501e-05,Neuron_Inh_Frontal
ulm,SUPT20H,avg_log2FC,0.545657897191432,0.585318157204226,Neuron_Inh_Frontal
ulm,SVIL,avg_log2FC,-0.952320033303239,0.340966923806472,Neuron_Inh_Frontal
ulm,SYNCRIP,avg_log2FC,-0.0772661896450714,0.938413951290694,Neuron_Inh_Frontal
ulm,TAF9B,avg_log2FC,-0.62332708394932,0.533089505097901,Neuron_Inh_Frontal
ulm,TAFAZZIN,avg_log2FC,0.917347778959911,0.358991399433209,Neuron_Inh_Frontal
ulm,TASOR,avg_log2FC,-1.70312889595832,0.0885874518725642,Neuron_Inh_Frontal
ulm,TBPL1,avg_log2FC,-0.309021924038023,0.757313862211278,Neuron_Inh_Frontal
ulm,TBX1,avg_log2FC,-0.162128389470766,0.871209336139482,Neuron_Inh_Frontal
ulm,TBX3,avg_log2FC,-0.508035009636492,0.611444478740264,Neuron_Inh_Frontal
ulm,TCOF1,avg_log2FC,-0.497778605448754,0.618655420704505,Neuron_Inh_Frontal
ulm,TEAD2,avg_log2FC,-2.45130034117741,0.0142579013502878,Neuron_Inh_Frontal
ulm,TERF1,avg_log2FC,-0.749250883929234,0.453730678195069,Neuron_Inh_Frontal
ulm,TERF2,avg_log2FC,1.07778377402974,0.281166658189225,Neuron_Inh_Frontal
ulm,TERT,avg_log2FC,-1.10026630834467,0.271253184918379,Neuron_Inh_Frontal
ulm,TET1,avg_log2FC,-1.31034481182664,0.190121346780387,Neuron_Inh_Frontal
ulm,TFCP2,avg_log2FC,-0.686779609668442,0.49224391519285,Neuron_Inh_Frontal
ulm,TFEB,avg_log2FC,-2.68524744286904,0.00726435543656446,Neuron_Inh_Frontal
ulm,THRA,avg_log2FC,-0.285441473885869,0.775314213215737,Neuron_Inh_Frontal
ulm,TOP2B,avg_log2FC,-0.926316682201691,0.354312724172976,Neuron_Inh_Frontal
ulm,TOX4,avg_log2FC,-0.707343008256824,0.479376420525946,Neuron_Inh_Frontal
ulm,TRIP13,avg_log2FC,0.430222879138809,0.667046499691701,Neuron_Inh_Frontal
ulm,TSHZ1,avg_log2FC,-0.282654793901003,0.777449662745728,Neuron_Inh_Frontal
ulm,UBE2I,avg_log2FC,-0.958997176058514,0.33759262604031,Neuron_Inh_Frontal
ulm,UBN1,avg_log2FC,-3.58554199013825,0.000338625170977141,Neuron_Inh_Frontal
ulm,WDHD1,avg_log2FC,0.986907504760528,0.323721412525371,Neuron_Inh_Frontal
ulm,WIZ,avg_log2FC,1.15575552119881,0.247819827333423,Neuron_Inh_Frontal
ulm,WRN,avg_log2FC,-1.05248800323779,0.292611313843794,Neuron_Inh_Frontal
ulm,WRNIP1,avg_log2FC,0.1462720752042,0.883710737125897,Neuron_Inh_Frontal
ulm,XPO1,avg_log2FC,-0.747482815965007,0.454796777310661,Neuron_Inh_Frontal
ulm,YBX1,avg_log2FC,-0.719129077220851,0.472084917756224,Neuron_Inh_Frontal
ulm,YBX3,avg_log2FC,-0.0116325120527547,0.990719132403694,Neuron_Inh_Frontal
ulm,ZA_UNIPROT_Q9UM89_UNREVIEWED_GENES,avg_log2FC,-0.453135375430743,0.65046502743067,Neuron_Inh_Frontal
ulm,ZBED4,avg_log2FC,0.74358502636261,0.457152021669654,Neuron_Inh_Frontal
ulm,ZBED5,avg_log2FC,-0.364817065817168,0.715258765308376,Neuron_Inh_Frontal
ulm,ZBTB1,avg_log2FC,-2.06960689100682,0.038525042054063,Neuron_Inh_Frontal
ulm,ZBTB12,avg_log2FC,-1.57315642894049,0.115726890214769,Neuron_Inh_Frontal
ulm,ZBTB18,avg_log2FC,-0.0357103888578402,0.971514284570846,Neuron_Inh_Frontal
ulm,ZBTB44,avg_log2FC,-3.00592155693912,0.00265697474260718,Neuron_Inh_Frontal
ulm,ZBTB5,avg_log2FC,-0.40383808896186,0.686343874622591,Neuron_Inh_Frontal
ulm,ZC3H11A,avg_log2FC,-0.933491954624423,0.350597575452875,Neuron_Inh_Frontal
ulm,ZFHX3,avg_log2FC,-2.47420577308744,0.0133763355239478,Neuron_Inh_Frontal
ulm,ZFP28,avg_log2FC,-0.39798820549762,0.690650773681323,Neuron_Inh_Frontal
ulm,ZFP3,avg_log2FC,-0.858328672728674,0.390739801110736,Neuron_Inh_Frontal
ulm,ZFP36L1,avg_log2FC,-0.172428388526812,0.863105640629898,Neuron_Inh_Frontal
ulm,ZFP82,avg_log2FC,0.230310518083195,0.817857083312925,Neuron_Inh_Frontal
ulm,ZFP91,avg_log2FC,1.20332627840169,0.228889963255931,Neuron_Inh_Frontal
ulm,ZIM3,avg_log2FC,0.0328595136034404,0.973787536905257,Neuron_Inh_Frontal
ulm,ZMYM2,avg_log2FC,-1.09025650252753,0.275636947095066,Neuron_Inh_Frontal
ulm,ZMYND11,avg_log2FC,-2.16425238725139,0.0304780142352054,Neuron_Inh_Frontal
ulm,ZNF10,avg_log2FC,0.233205921870343,0.815608189849606,Neuron_Inh_Frontal
ulm,ZNF101,avg_log2FC,-0.897117050426272,0.369686695968024,Neuron_Inh_Frontal
ulm,ZNF133,avg_log2FC,1.33077393812363,0.183305883357226,Neuron_Inh_Frontal
ulm,ZNF134,avg_log2FC,0.803633574271903,0.421635368803371,Neuron_Inh_Frontal
ulm,ZNF140,avg_log2FC,0.42429479083961,0.671363615604018,Neuron_Inh_Frontal
ulm,ZNF146,avg_log2FC,0.00897363503277414,0.992840421843471,Neuron_Inh_Frontal
ulm,ZNF157,avg_log2FC,1.97964952501909,0.0477812495164978,Neuron_Inh_Frontal
ulm,ZNF16,avg_log2FC,1.29644502871922,0.194864088756388,Neuron_Inh_Frontal
ulm,ZNF165,avg_log2FC,-0.322401196747474,0.747158213183396,Neuron_Inh_Frontal
ulm,ZNF169,avg_log2FC,0.490160638964425,0.624035285800247,Neuron_Inh_Frontal
ulm,ZNF175,avg_log2FC,-1.28577843576748,0.198562078392581,Neuron_Inh_Frontal
ulm,ZNF184,avg_log2FC,-0.200095224998721,0.841411803927121,Neuron_Inh_Frontal
ulm,ZNF19,avg_log2FC,-0.569180711247328,0.56925140577285,Neuron_Inh_Frontal
ulm,ZNF197,avg_log2FC,-0.2388314292443,0.811243149870057,Neuron_Inh_Frontal
ulm,ZNF2,avg_log2FC,-0.552312518785318,0.58075153570919,Neuron_Inh_Frontal
ulm,ZNF202,avg_log2FC,-0.8418489516145,0.399900690910484,Neuron_Inh_Frontal
ulm,ZNF213,avg_log2FC,-1.38380403636238,0.166461704884865,Neuron_Inh_Frontal
ulm,ZNF214,avg_log2FC,0.479905824447482,0.631309053811469,Neuron_Inh_Frontal
ulm,ZNF22,avg_log2FC,1.47356213159632,0.140643588574801,Neuron_Inh_Frontal
ulm,ZNF223,avg_log2FC,-1.54664652969426,0.121992803809057,Neuron_Inh_Frontal
ulm,ZNF224,avg_log2FC,-0.463393672689912,0.643096331795138,Neuron_Inh_Frontal
ulm,ZNF23,avg_log2FC,1.38679843787285,0.165546508699751,Neuron_Inh_Frontal
ulm,ZNF236,avg_log2FC,-1.55318085223351,0.120424236917926,Neuron_Inh_Frontal
ulm,ZNF239,avg_log2FC,0.607036265330442,0.54384613958806,Neuron_Inh_Frontal
ulm,ZNF250,avg_log2FC,0.924406668345163,0.35530585063753,Neuron_Inh_Frontal
ulm,ZNF257,avg_log2FC,-0.800320619258334,0.423551675725764,Neuron_Inh_Frontal
ulm,ZNF26,avg_log2FC,-0.55638162444887,0.577967426793344,Neuron_Inh_Frontal
ulm,ZNF260,avg_log2FC,1.210252665461,0.226222001576465,Neuron_Inh_Frontal
ulm,ZNF274,avg_log2FC,0.833131856687528,0.404798224696276,Neuron_Inh_Frontal
ulm,ZNF282,avg_log2FC,-1.70892353946038,0.087508553751332,Neuron_Inh_Frontal
ulm,ZNF30,avg_log2FC,2.00190616262132,0.0453325697028072,Neuron_Inh_Frontal
ulm,ZNF318,avg_log2FC,-2.471806759443,0.0134663515958449,Neuron_Inh_Frontal
ulm,ZNF320,avg_log2FC,1.53181047199838,0.125613495798888,Neuron_Inh_Frontal
ulm,ZNF322,avg_log2FC,0.452878133044869,0.650650252554646,Neuron_Inh_Frontal
ulm,ZNF329,avg_log2FC,0.276551808046738,0.782132274828947,Neuron_Inh_Frontal
ulm,ZNF331,avg_log2FC,-0.0177151132389384,0.9858666186894,Neuron_Inh_Frontal
ulm,ZNF33A,avg_log2FC,1.44137327080737,0.149523093570348,Neuron_Inh_Frontal
ulm,ZNF34,avg_log2FC,1.51200923126831,0.130575752265643,Neuron_Inh_Frontal
ulm,ZNF350,avg_log2FC,0.294526049431685,0.768364519778028,Neuron_Inh_Frontal
ulm,ZNF354A,avg_log2FC,1.05222182773556,0.292733380773041,Neuron_Inh_Frontal
ulm,ZNF354B,avg_log2FC,-0.883586770057252,0.37694906055553,Neuron_Inh_Frontal
ulm,ZNF362,avg_log2FC,0.232548024137161,0.816119053943662,Neuron_Inh_Frontal
ulm,ZNF37A,avg_log2FC,-0.889991639025701,0.373500348606564,Neuron_Inh_Frontal
ulm,ZNF391,avg_log2FC,-0.0949824873220994,0.924331401378048,Neuron_Inh_Frontal
ulm,ZNF394,avg_log2FC,-0.830741311552213,0.40614754917948,Neuron_Inh_Frontal
ulm,ZNF404,avg_log2FC,0.763307778905149,0.445305072662157,Neuron_Inh_Frontal
ulm,ZNF407,avg_log2FC,-1.27373426820249,0.202799051409654,Neuron_Inh_Frontal
ulm,ZNF41,avg_log2FC,0.178463053672532,0.858364395329394,Neuron_Inh_Frontal
ulm,ZNF410,avg_log2FC,1.11809128370997,0.263565610282022,Neuron_Inh_Frontal
ulm,ZNF418,avg_log2FC,0.342564859504781,0.731935921707086,Neuron_Inh_Frontal
ulm,ZNF423,avg_log2FC,-1.14897457114707,0.250604938143211,Neuron_Inh_Frontal
ulm,ZNF426,avg_log2FC,1.21911310127357,0.222841524604282,Neuron_Inh_Frontal
ulm,ZNF433,avg_log2FC,0.922715782801462,0.356186504257565,Neuron_Inh_Frontal
ulm,ZNF436,avg_log2FC,1.45411649306102,0.14595794753697,Neuron_Inh_Frontal
ulm,ZNF445,avg_log2FC,0.368440021478317,0.712556078676076,Neuron_Inh_Frontal
ulm,ZNF454,avg_log2FC,-0.0685328062827318,0.945363424070659,Neuron_Inh_Frontal
ulm,ZNF486,avg_log2FC,-0.377934956287299,0.705490143517145,Neuron_Inh_Frontal
ulm,ZNF488,avg_log2FC,-0.102266555199425,0.91854797177646,Neuron_Inh_Frontal
ulm,ZNF490,avg_log2FC,-0.705103610132658,0.48076875078997,Neuron_Inh_Frontal
ulm,ZNF501,avg_log2FC,0.945816940636096,0.344273956046548,Neuron_Inh_Frontal
ulm,ZNF502,avg_log2FC,-1.24091910321805,0.214676387896326,Neuron_Inh_Frontal
ulm,ZNF507,avg_log2FC,-2.07278297026215,0.0382282602447295,Neuron_Inh_Frontal
ulm,ZNF510,avg_log2FC,1.15813033617569,0.246849572182729,Neuron_Inh_Frontal
ulm,ZNF512,avg_log2FC,-0.806374951393767,0.420053531000734,Neuron_Inh_Frontal
ulm,ZNF512B,avg_log2FC,0.0606459146878306,0.951642902799705,Neuron_Inh_Frontal
ulm,ZNF513,avg_log2FC,-1.21469818613208,0.224521377240313,Neuron_Inh_Frontal
ulm,ZNF524,avg_log2FC,-0.0804808635420402,0.935857070204079,Neuron_Inh_Frontal
ulm,ZNF528,avg_log2FC,1.10836322303126,0.267742298760069,Neuron_Inh_Frontal
ulm,ZNF529,avg_log2FC,0.345696140176518,0.72958126564764,Neuron_Inh_Frontal
ulm,ZNF530,avg_log2FC,0.400795488088844,0.688582688513659,Neuron_Inh_Frontal
ulm,ZNF532,avg_log2FC,-1.38406256759676,0.166382538736343,Neuron_Inh_Frontal
ulm,ZNF547,avg_log2FC,1.07735653066515,0.281357398836035,Neuron_Inh_Frontal
ulm,ZNF548,avg_log2FC,-0.425422193464646,0.67054174625064,Neuron_Inh_Frontal
ulm,ZNF549,avg_log2FC,0.841390429629558,0.400157411428212,Neuron_Inh_Frontal
ulm,ZNF555,avg_log2FC,1.60728547456364,0.108035957437911,Neuron_Inh_Frontal
ulm,ZNF558,avg_log2FC,0.406094778021918,0.684685127208412,Neuron_Inh_Frontal
ulm,ZNF560,avg_log2FC,-0.228928338937706,0.818931167933345,Neuron_Inh_Frontal
ulm,ZNF561,avg_log2FC,-1.04960677831011,0.29393444932883,Neuron_Inh_Frontal
ulm,ZNF563,avg_log2FC,0.627845812640711,0.530125022286409,Neuron_Inh_Frontal
ulm,ZNF577,avg_log2FC,1.54837768276908,0.121575692539879,Neuron_Inh_Frontal
ulm,ZNF579,avg_log2FC,-0.934920101770381,0.349861080829418,Neuron_Inh_Frontal
ulm,ZNF581,avg_log2FC,-0.212967684070187,0.831358246265353,Neuron_Inh_Frontal
ulm,ZNF582,avg_log2FC,-0.0641202571969295,0.948876266346635,Neuron_Inh_Frontal
ulm,ZNF584,avg_log2FC,-0.337237667592786,0.73594765263612,Neuron_Inh_Frontal
ulm,ZNF585B,avg_log2FC,0.247520275045702,0.804512716502905,Neuron_Inh_Frontal
ulm,ZNF586,avg_log2FC,0.941245095784637,0.346611101741255,Neuron_Inh_Frontal
ulm,ZNF589,avg_log2FC,-0.410666770479089,0.681329214124162,Neuron_Inh_Frontal
ulm,ZNF592,avg_log2FC,0.631306919529471,0.527860063985705,Neuron_Inh_Frontal
ulm,ZNF595,avg_log2FC,0.203632311267528,0.83864664209081,Neuron_Inh_Frontal
ulm,ZNF596,avg_log2FC,-0.779992606362133,0.435421071077029,Neuron_Inh_Frontal
ulm,ZNF597,avg_log2FC,-0.173761708807022,0.862057662366186,Neuron_Inh_Frontal
ulm,ZNF610,avg_log2FC,-0.579158152114254,0.562500727675167,Neuron_Inh_Frontal
ulm,ZNF618,avg_log2FC,-1.81070179532476,0.070229021097969,Neuron_Inh_Frontal
ulm,ZNF622,avg_log2FC,0.0125655425614625,0.989974762340307,Neuron_Inh_Frontal
ulm,ZNF623,avg_log2FC,-0.122356499622402,0.902620129943036,Neuron_Inh_Frontal
ulm,ZNF660,avg_log2FC,-0.285343844118225,0.775388998874359,Neuron_Inh_Frontal
ulm,ZNF664,avg_log2FC,0.23126691093975,0.817114075147847,Neuron_Inh_Frontal
ulm,ZNF667,avg_log2FC,0.602692485654791,0.546732414263208,Neuron_Inh_Frontal
ulm,ZNF669,avg_log2FC,0.403230775361106,0.686790530497768,Neuron_Inh_Frontal
ulm,ZNF677,avg_log2FC,-0.10191391602985,0.918827864685057,Neuron_Inh_Frontal
ulm,ZNF680,avg_log2FC,-0.212839028408284,0.831458594469056,Neuron_Inh_Frontal
ulm,ZNF697,avg_log2FC,1.25346958453385,0.21007588673049,Neuron_Inh_Frontal
ulm,ZNF7,avg_log2FC,-1.42195481878075,0.155083028901256,Neuron_Inh_Frontal
ulm,ZNF704,avg_log2FC,-1.97712114902671,0.048066328051265,Neuron_Inh_Frontal
ulm,ZNF707,avg_log2FC,0.501817318176231,0.615811496544437,Neuron_Inh_Frontal
ulm,ZNF708,avg_log2FC,0.616415414786703,0.537640025849919,Neuron_Inh_Frontal
ulm,ZNF711,avg_log2FC,-1.49043463432802,0.136154145960506,Neuron_Inh_Frontal
ulm,ZNF740,avg_log2FC,-2.57794141311877,0.00995893467834631,Neuron_Inh_Frontal
ulm,ZNF746,avg_log2FC,-2.88527738853876,0.00392239610959019,Neuron_Inh_Frontal
ulm,ZNF766,avg_log2FC,-1.76599850774202,0.0774388092444151,Neuron_Inh_Frontal
ulm,ZNF768,avg_log2FC,1.97267353342108,0.0485712727751686,Neuron_Inh_Frontal
ulm,ZNF774,avg_log2FC,1.3884489822394,0.165043665003604,Neuron_Inh_Frontal
ulm,ZNF777,avg_log2FC,1.3535737818527,0.175915224881652,Neuron_Inh_Frontal
ulm,ZNF781,avg_log2FC,1.20408744459076,0.228595680127644,Neuron_Inh_Frontal
ulm,ZNF784,avg_log2FC,0.705733244721364,0.480377057335851,Neuron_Inh_Frontal
ulm,ZNF785,avg_log2FC,1.31864351273408,0.18733059556155,Neuron_Inh_Frontal
ulm,ZNF791,avg_log2FC,0.229718925364106,0.818316765368204,Neuron_Inh_Frontal
ulm,ZNF8,avg_log2FC,0.848831335481803,0.396003596201409,Neuron_Inh_Frontal
ulm,ZNF816,avg_log2FC,-0.362272643098147,0.717159016603892,Neuron_Inh_Frontal
ulm,ZNF830,avg_log2FC,-1.80993379645491,0.0703480639042075,Neuron_Inh_Frontal
ulm,ZNF843,avg_log2FC,-1.01730534202075,0.309042651152086,Neuron_Inh_Frontal
ulm,ZNF85,avg_log2FC,-1.56374959897957,0.117920683655674,Neuron_Inh_Frontal
ulm,ZNF92,avg_log2FC,2.85904507446336,0.00426148969272436,Neuron_Inh_Frontal
ulm,ZSCAN18,avg_log2FC,-0.351883179071252,0.724936254653371,Neuron_Inh_Frontal
ulm,ZSCAN2,avg_log2FC,-0.406969140165891,0.684042847729533,Neuron_Inh_Frontal
ulm,ZSCAN21,avg_log2FC,0.770204382154847,0.441204136249092,Neuron_Inh_Frontal
ulm,ZSCAN23,avg_log2FC,0.186028488153302,0.852427703340756,Neuron_Inh_Frontal
ulm,ZSCAN30,avg_log2FC,-1.29782287844257,0.194390113010507,Neuron_Inh_Frontal
ulm,ZSCAN31,avg_log2FC,0.903565595603321,0.36625626163698,Neuron_Inh_Frontal
ulm,ZSCAN4,avg_log2FC,0.52345856650867,0.600671415617309,Neuron_Inh_Frontal
ulm,ZSCAN5B,avg_log2FC,-0.000333732831223507,0.999733729050937,Neuron_Inh_Frontal
ulm,ZSCAN5C,avg_log2FC,0.88927546356988,0.373885001528869,Neuron_Inh_Frontal
ulm,ZSCAN5DP,avg_log2FC,-0.860808843478489,0.389372226035273,Neuron_Inh_Frontal
ulm,ZZZ3,avg_log2FC,-0.725693522740529,0.46805044835806,Neuron_Inh_Frontal
ulm,ADA2,avg_log2FC,-2.78426334235065,0.00537663567029728,Neuron_Inh_Hippo
ulm,ADNP,avg_log2FC,2.01647775560546,0.0437809777407159,Neuron_Inh_Hippo
ulm,AEBP2,avg_log2FC,-4.53488250744735,5.841361788084e-06,Neuron_Inh_Hippo
ulm,AHRR,avg_log2FC,-3.88620700006844,0.000102585088802032,Neuron_Inh_Hippo
ulm,ALKBH3,avg_log2FC,-2.16905540715047,0.030105707510304,Neuron_Inh_Hippo
ulm,ALX4,avg_log2FC,-0.577532594334873,0.563594802075253,Neuron_Inh_Hippo
ulm,ARHGAP35,avg_log2FC,-1.72130154053688,0.0852319798289903,Neuron_Inh_Hippo
ulm,ARID3B,avg_log2FC,-0.647001788438578,0.517648003909013,Neuron_Inh_Hippo
ulm,ARID5B,avg_log2FC,-2.69867090240497,0.00697525617325344,Neuron_Inh_Hippo
ulm,ARNT2,avg_log2FC,-4.17139100139667,3.05712813098549e-05,Neuron_Inh_Hippo
ulm,ASH1L,avg_log2FC,-2.79393632692848,0.00521856194945333,Neuron_Inh_Hippo
ulm,ASXL2,avg_log2FC,0.190031039364646,0.849289279808966,Neuron_Inh_Hippo
ulm,ATF5,avg_log2FC,-4.23113117936443,2.34924894365251e-05,Neuron_Inh_Hippo
ulm,ATF6,avg_log2FC,-4.28212779033047,1.87119804611653e-05,Neuron_Inh_Hippo
ulm,ATM,avg_log2FC,-0.226732509539506,0.820637119636172,Neuron_Inh_Hippo
ulm,ATOH8,avg_log2FC,-2.55606188345535,0.0106034155283192,Neuron_Inh_Hippo
ulm,ATXN7L3,avg_log2FC,-4.66668537953939,3.10712349814117e-06,Neuron_Inh_Hippo
ulm,AUTS2,avg_log2FC,-2.25252078361783,0.0243144156522365,Neuron_Inh_Hippo
ulm,BAHD1,avg_log2FC,0.826933018324835,0.408297903808751,Neuron_Inh_Hippo
ulm,BANP,avg_log2FC,-2.95425789144107,0.0031426861081116,Neuron_Inh_Hippo
ulm,BARHL1,avg_log2FC,-4.96968992335791,6.835012928571e-07,Neuron_Inh_Hippo
ulm,BARX1,avg_log2FC,-3.70850340501936,0.000209796091265608,Neuron_Inh_Hippo
ulm,BARX2,avg_log2FC,-3.55531865265696,0.000379543204544949,Neuron_Inh_Hippo
ulm,BCL6B,avg_log2FC,-0.523464552002864,0.600664461386332,Neuron_Inh_Hippo
ulm,BDP1,avg_log2FC,-0.974971996997533,0.329601493843338,Neuron_Inh_Hippo
ulm,BPTF,avg_log2FC,-2.51677050700339,0.0118615832878646,Neuron_Inh_Hippo
ulm,BRCA2,avg_log2FC,-4.78974253712394,1.69779736386279e-06,Neuron_Inh_Hippo
ulm,BRF1,avg_log2FC,-0.773264648644885,0.439386964114551,Neuron_Inh_Hippo
ulm,CARM1,avg_log2FC,-0.714966080491916,0.474649354270419,Neuron_Inh_Hippo
ulm,CASP8AP2,avg_log2FC,-1.38068442435202,0.167411788797612,Neuron_Inh_Hippo
ulm,CAVIN1,avg_log2FC,0.575307658482556,0.565098250570943,Neuron_Inh_Hippo
ulm,CBX5,avg_log2FC,-0.432105307832857,0.665675679150375,Neuron_Inh_Hippo
ulm,CBX7,avg_log2FC,-1.56975373740398,0.116509096727857,Neuron_Inh_Hippo
ulm,CC2D1A,avg_log2FC,-2.02907439648745,0.0424813645033172,Neuron_Inh_Hippo
ulm,CDC5L,avg_log2FC,-0.681752595134126,0.495413709764904,Neuron_Inh_Hippo
ulm,CDC73,avg_log2FC,-4.06029383993164,4.94443633679697e-05,Neuron_Inh_Hippo
ulm,CDH4,avg_log2FC,-0.345194392202026,0.729956652059712,Neuron_Inh_Hippo
ulm,CDX1,avg_log2FC,0.817490173174882,0.413670943989632,Neuron_Inh_Hippo
ulm,CEBPE,avg_log2FC,0.842823038477349,0.399350792334053,Neuron_Inh_Hippo
ulm,CEBPZ,avg_log2FC,-3.09549115327231,0.00197116867292974,Neuron_Inh_Hippo
ulm,CENPT,avg_log2FC,-1.47311607026272,0.140756232368035,Neuron_Inh_Hippo
ulm,CHAF1A,avg_log2FC,-1.7117942761229,0.0869705371171341,Neuron_Inh_Hippo
ulm,CHAF1B,avg_log2FC,-4.89164709216707,1.0180459970408e-06,Neuron_Inh_Hippo
ulm,CHAMP1,avg_log2FC,-0.254654400721735,0.798996109385072,Neuron_Inh_Hippo
ulm,CIC,avg_log2FC,-3.31620612403726,0.000916255213852987,Neuron_Inh_Hippo
ulm,CIITA,avg_log2FC,-4.02499067157272,5.74649280172647e-05,Neuron_Inh_Hippo
ulm,COBLL1,avg_log2FC,0.0162331479850039,0.987048766145591,Neuron_Inh_Hippo
ulm,CREB3,avg_log2FC,-0.940712314138985,0.346878651914842,Neuron_Inh_Hippo
ulm,CREB3L2,avg_log2FC,-0.287959785659981,0.773384440670432,Neuron_Inh_Hippo
ulm,CREB3L4,avg_log2FC,-4.13278449743786,3.6178466927401e-05,Neuron_Inh_Hippo
ulm,CSHL1,avg_log2FC,-1.80368430544552,0.0713156907761108,Neuron_Inh_Hippo
ulm,CTR9,avg_log2FC,-2.04258440620781,0.0411239370967762,Neuron_Inh_Hippo
ulm,CUX1,avg_log2FC,-3.86519291816963,0.00011181567207417,Neuron_Inh_Hippo
ulm,DACH1,avg_log2FC,-2.25166845190815,0.0243682893237413,Neuron_Inh_Hippo
ulm,DBP,avg_log2FC,-6.51670821785597,7.5895172189379e-11,Neuron_Inh_Hippo
ulm,DICER1,avg_log2FC,-1.17522828399007,0.23993583904788,Neuron_Inh_Hippo
ulm,DIDO1,avg_log2FC,-2.80322201444259,0.00507078055785197,Neuron_Inh_Hippo
ulm,DLX2,avg_log2FC,-1.23358360017289,0.217391722333141,Neuron_Inh_Hippo
ulm,DLX4,avg_log2FC,-3.1753268993669,0.00150194485873475,Neuron_Inh_Hippo
ulm,DLX6,avg_log2FC,-4.00652996418479,6.21352248886511e-05,Neuron_Inh_Hippo
ulm,DMRT1,avg_log2FC,-2.13535202945344,0.0327603561070341,Neuron_Inh_Hippo
ulm,DNMT1,avg_log2FC,0.403849702684539,0.686333256976757,Neuron_Inh_Hippo
ulm,DNMT3A,avg_log2FC,-2.84638074621501,0.00443236390251694,Neuron_Inh_Hippo
ulm,DPPA3,avg_log2FC,0.0387944427611745,0.969055173398966,Neuron_Inh_Hippo
ulm,DROSHA,avg_log2FC,0.721239243632716,0.470781879881957,Neuron_Inh_Hippo
ulm,DYRK1A,avg_log2FC,-2.40704709456076,0.0161029742287094,Neuron_Inh_Hippo
ulm,E2F2,avg_log2FC,-3.2989700404141,0.000974335468909993,Neuron_Inh_Hippo
ulm,E2F5,avg_log2FC,-2.81508126766641,0.00488754658457117,Neuron_Inh_Hippo
ulm,EBNA1BP2,avg_log2FC,0.135774462940651,0.892002748272231,Neuron_Inh_Hippo
ulm,EGFR,avg_log2FC,-2.77594233446066,0.00551606173187686,Neuron_Inh_Hippo
ulm,ELF2,avg_log2FC,-5.04920059828877,4.52741291338913e-07,Neuron_Inh_Hippo
ulm,ELF5,avg_log2FC,-2.14702124529131,0.0318193847140768,Neuron_Inh_Hippo
ulm,EMX1,avg_log2FC,-2.50472218546764,0.0122730609396128,Neuron_Inh_Hippo
ulm,EPC1,avg_log2FC,-2.9029682960655,0.0037058092099732,Neuron_Inh_Hippo
ulm,ERCC8,avg_log2FC,-0.217735139428453,0.827640633832561,Neuron_Inh_Hippo
ulm,EWSR1,avg_log2FC,-4.15204831613777,3.32685181569353e-05,Neuron_Inh_Hippo
ulm,F10,avg_log2FC,-3.01578022169893,0.00257065461847469,Neuron_Inh_Hippo
ulm,FEV,avg_log2FC,-4.71837619864554,2.41474619848434e-06,Neuron_Inh_Hippo
ulm,FOXC1,avg_log2FC,-0.97685202743161,0.328669811566038,Neuron_Inh_Hippo
ulm,FOXD2,avg_log2FC,-4.36318692861478,1.29673221552492e-05,Neuron_Inh_Hippo
ulm,FOXD3,avg_log2FC,-0.730957988240644,0.464824670480501,Neuron_Inh_Hippo
ulm,FOXE1,avg_log2FC,-5.2567628670035,1.50123920499412e-07,Neuron_Inh_Hippo
ulm,FOXG1,avg_log2FC,-3.24156553449558,0.0011932656047265,Neuron_Inh_Hippo
ulm,FOXJ2,avg_log2FC,-2.57277649528713,0.0101052003852919,Neuron_Inh_Hippo
ulm,FOXN3,avg_log2FC,-0.231200328730071,0.817164658803271,Neuron_Inh_Hippo
ulm,FOXO4,avg_log2FC,-1.65452344580366,0.0980575896691245,Neuron_Inh_Hippo
ulm,FOXQ1,avg_log2FC,-0.11076397938593,0.91180608700535,Neuron_Inh_Hippo
ulm,FOXR2,avg_log2FC,-1.776357338655,0.0757092811981909,Neuron_Inh_Hippo
ulm,FXR1,avg_log2FC,-5.01959318649333,5.28166317013007e-07,Neuron_Inh_Hippo
ulm,GLI1,avg_log2FC,0.821235718157691,0.41153471327741,Neuron_Inh_Hippo
ulm,GLI3,avg_log2FC,-2.14450613350579,0.0320202128812038,Neuron_Inh_Hippo
ulm,GLI4,avg_log2FC,-1.89764809991498,0.0577758152068132,Neuron_Inh_Hippo
ulm,GREB1,avg_log2FC,-1.32035119859373,0.186752825196679,Neuron_Inh_Hippo
ulm,GTF2A2,avg_log2FC,-5.99058355317083,2.1746570555958e-09,Neuron_Inh_Hippo
ulm,GTF2E2,avg_log2FC,-3.26427144995053,0.00110173657426833,Neuron_Inh_Hippo
ulm,GTF3A,avg_log2FC,-0.212611763011823,0.831634820088376,Neuron_Inh_Hippo
ulm,GUCY1B1,avg_log2FC,-4.23894985163522,2.26907878235344e-05,Neuron_Inh_Hippo
ulm,H1_6,avg_log2FC,-0.434059328379818,0.664256216192946,Neuron_Inh_Hippo
ulm,HAND1,avg_log2FC,-0.862762846651918,0.388291858855667,Neuron_Inh_Hippo
ulm,HBZ,avg_log2FC,-1.44824394670792,0.147585187863688,Neuron_Inh_Hippo
ulm,HDAC4,avg_log2FC,-2.44145357052178,0.0146482301099031,Neuron_Inh_Hippo
ulm,HDAC8,avg_log2FC,0.611103582345754,0.541147112833126,Neuron_Inh_Hippo
ulm,HDGF,avg_log2FC,-3.46664344991401,0.000529568680700542,Neuron_Inh_Hippo
ulm,HES2,avg_log2FC,0.0278693523154251,0.977766997031649,Neuron_Inh_Hippo
ulm,HES4,avg_log2FC,-3.00160506082818,0.00269329136879883,Neuron_Inh_Hippo
ulm,HEY2,avg_log2FC,0.349514059658697,0.726711950592372,Neuron_Inh_Hippo
ulm,HHEX,avg_log2FC,-3.40832185730743,0.000656627647064402,Neuron_Inh_Hippo
ulm,HJURP,avg_log2FC,-1.29676616574991,0.194746345831439,Neuron_Inh_Hippo
ulm,HMG20B,avg_log2FC,-2.43705793799536,0.014827384314838,Neuron_Inh_Hippo
ulm,HMGA1,avg_log2FC,-0.0679634854412411,0.945816276835966,Neuron_Inh_Hippo
ulm,HMGB2,avg_log2FC,-2.29027331669536,0.0220295003555824,Neuron_Inh_Hippo
ulm,HOXA1,avg_log2FC,-1.9789743849629,0.0478506445752701,Neuron_Inh_Hippo
ulm,HOXA10,avg_log2FC,-1.53347872137577,0.125194623285954,Neuron_Inh_Hippo
ulm,HOXA13,avg_log2FC,-0.849124053389662,0.395835834082895,Neuron_Inh_Hippo
ulm,HOXA7,avg_log2FC,-2.56869384794331,0.0102249289389138,Neuron_Inh_Hippo
ulm,HOXB4,avg_log2FC,-3.32158089951919,0.000898810923140875,Neuron_Inh_Hippo
ulm,HOXB6,avg_log2FC,-1.88336278349486,0.0596848376716212,Neuron_Inh_Hippo
ulm,HOXB7,avg_log2FC,0.352940122170488,0.724141955641615,Neuron_Inh_Hippo
ulm,HOXC11,avg_log2FC,-0.84942118620691,0.395670544303578,Neuron_Inh_Hippo
ulm,HOXC13,avg_log2FC,-2.35754450162487,0.0184184593053913,Neuron_Inh_Hippo
ulm,HOXC6,avg_log2FC,-3.28834123991829,0.00101183185496285,Neuron_Inh_Hippo
ulm,HOXD1,avg_log2FC,0.195605136866227,0.844923847109947,Neuron_Inh_Hippo
ulm,HOXD11,avg_log2FC,-1.47091102069818,0.14135166228592,Neuron_Inh_Hippo
ulm,HSD17B8,avg_log2FC,1.88071813796782,0.0600439347766286,Neuron_Inh_Hippo
ulm,HSF2,avg_log2FC,-4.28760893773746,1.82572651070851e-05,Neuron_Inh_Hippo
ulm,HSF4,avg_log2FC,-1.25837387795062,0.208290636610519,Neuron_Inh_Hippo
ulm,ID1,avg_log2FC,-2.50962513561004,0.0121041117671475,Neuron_Inh_Hippo
ulm,ID2,avg_log2FC,-3.47531140811993,0.000512770579509656,Neuron_Inh_Hippo
ulm,IGLV5_37,avg_log2FC,-0.494583906512724,0.62090646173302,Neuron_Inh_Hippo
ulm,ILK,avg_log2FC,0.0671348732799075,0.946475887745481,Neuron_Inh_Hippo
ulm,INSM2,avg_log2FC,-3.14060889201989,0.00169166789016363,Neuron_Inh_Hippo
ulm,IRF5,avg_log2FC,-3.52021888923844,0.000433416018102942,Neuron_Inh_Hippo
ulm,IRX2,avg_log2FC,-2.28294375262618,0.0224579015889792,Neuron_Inh_Hippo
ulm,IRX3,avg_log2FC,-1.77248281193516,0.0763497377510733,Neuron_Inh_Hippo
ulm,KAT2A,avg_log2FC,-4.37031884385964,1.2551830526583e-05,Neuron_Inh_Hippo
ulm,KAT5,avg_log2FC,-5.34708209678023,9.16713893774482e-08,Neuron_Inh_Hippo
ulm,KDM1B,avg_log2FC,-1.16681462849296,0.243317497256408,Neuron_Inh_Hippo
ulm,KLF14,avg_log2FC,-0.902095898391774,0.367031118005449,Neuron_Inh_Hippo
ulm,KLF7,avg_log2FC,-2.83214866390467,0.00463434952779545,Neuron_Inh_Hippo
ulm,KMT2D,avg_log2FC,-1.92480632255728,0.054286445177821,Neuron_Inh_Hippo
ulm,LCORL,avg_log2FC,-1.85863450617972,0.0631130022649614,Neuron_Inh_Hippo
ulm,LHX2,avg_log2FC,-2.98810224166151,0.00281506089561501,Neuron_Inh_Hippo
ulm,LHX3,avg_log2FC,-0.918846979601462,0.358201310508532,Neuron_Inh_Hippo
ulm,LHX9,avg_log2FC,-2.74995382981314,0.00597278626470131,Neuron_Inh_Hippo
ulm,LMNB2,avg_log2FC,0.767082338202651,0.443053558538766,Neuron_Inh_Hippo
ulm,LMTK3,avg_log2FC,-0.262738462258952,0.792758444713606,Neuron_Inh_Hippo
ulm,LMX1B,avg_log2FC,-1.28788152913338,0.19782175819531,Neuron_Inh_Hippo
ulm,MAFG,avg_log2FC,-2.0750462701297,0.0380118225966713,Neuron_Inh_Hippo
ulm,MAML1,avg_log2FC,0.281656537135625,0.778213641159882,Neuron_Inh_Hippo
ulm,MAP2K1,avg_log2FC,-2.26230439283221,0.0237033765197445,Neuron_Inh_Hippo
ulm,MAPK3,avg_log2FC,-3.89391211081436,9.93845305572492e-05,Neuron_Inh_Hippo
ulm,MCM2,avg_log2FC,-2.6228910063848,0.00873405110787073,Neuron_Inh_Hippo
ulm,MCM3,avg_log2FC,-1.66548437941336,0.095852474481662,Neuron_Inh_Hippo
ulm,MCRS1,avg_log2FC,-0.716421257810786,0.473750669923306,Neuron_Inh_Hippo
ulm,MDM2,avg_log2FC,-2.7267106731377,0.00640983920231942,Neuron_Inh_Hippo
ulm,MED16,avg_log2FC,-2.5878021304057,0.00967523798522363,Neuron_Inh_Hippo
ulm,MED25,avg_log2FC,-1.58789732813417,0.112346212920917,Neuron_Inh_Hippo
ulm,MEF2C,avg_log2FC,-3.36682086147757,0.000763724253944796,Neuron_Inh_Hippo
ulm,MEF2D,avg_log2FC,-1.21808862324468,0.223223616497857,Neuron_Inh_Hippo
ulm,METHYLCYTOSINE_DIOXYGENASE_TET_UNIPROT_A0A023HHK9_UNREVIEWED,avg_log2FC,-0.664626781701922,0.506307003725554,Neuron_Inh_Hippo
ulm,METTL14,avg_log2FC,-0.0712932915118462,0.943165987199823,Neuron_Inh_Hippo
ulm,MIER1,avg_log2FC,-0.599278273856606,0.549003073923467,Neuron_Inh_Hippo
ulm,MSX1,avg_log2FC,-2.76034497209132,0.00578623174660255,Neuron_Inh_Hippo
ulm,MSX2,avg_log2FC,-1.37683830818352,0.168597979588982,Neuron_Inh_Hippo
ulm,MTHFD1,avg_log2FC,-0.367847703973435,0.712995822805041,Neuron_Inh_Hippo
ulm,MXD1,avg_log2FC,-3.30598262937704,0.000950305537238019,Neuron_Inh_Hippo
ulm,MYBL1,avg_log2FC,-2.76854007575868,0.00564282741623701,Neuron_Inh_Hippo
ulm,MYF6,avg_log2FC,-0.152399550122602,0.878875376610618,Neuron_Inh_Hippo
ulm,MYOCD,avg_log2FC,-0.0681629846548985,0.945657472415513,Neuron_Inh_Hippo
ulm,MZF1,avg_log2FC,-5.19387469826879,2.10667132572862e-07,Neuron_Inh_Hippo
ulm,NAB2,avg_log2FC,-4.2374197201356,2.28456041079663e-05,Neuron_Inh_Hippo
ulm,NCOA2,avg_log2FC,-1.21032163986696,0.226188664400131,Neuron_Inh_Hippo
ulm,NCOA4,avg_log2FC,-4.8409806589949,1.31444744184126e-06,Neuron_Inh_Hippo
ulm,NCOA6,avg_log2FC,-3.1770682002281,0.0014929665076229,Neuron_Inh_Hippo
ulm,NEUROG3,avg_log2FC,-0.287269062449569,0.773913210481687,Neuron_Inh_Hippo
ulm,NFE2L1,avg_log2FC,-3.47895951473948,0.00050585036622263,Neuron_Inh_Hippo
ulm,NFKBIA,avg_log2FC,1.09478722327263,0.273640436370466,Neuron_Inh_Hippo
ulm,NFXL1,avg_log2FC,-0.0706105413658391,0.943709357607831,Neuron_Inh_Hippo
ulm,NKX2_2,avg_log2FC,-5.40107462687015,6.80065432456268e-08,Neuron_Inh_Hippo
ulm,NKX2_3,avg_log2FC,-3.33381454633537,0.000860247224331104,Neuron_Inh_Hippo
ulm,NKX2_5,avg_log2FC,-2.74546018496631,0.00605512745236079,Neuron_Inh_Hippo
ulm,NKX2_8,avg_log2FC,-0.3254242109461,0.744867927927769,Neuron_Inh_Hippo
ulm,NKX6_1,avg_log2FC,-0.740490683729174,0.459022469004042,Neuron_Inh_Hippo
ulm,NME2,avg_log2FC,1.3458686574271,0.178380253330444,Neuron_Inh_Hippo
ulm,NOTCH3,avg_log2FC,-2.96880399734026,0.00299783391136716,Neuron_Inh_Hippo
ulm,NPAT,avg_log2FC,-1.47658869564225,0.139822431982532,Neuron_Inh_Hippo
ulm,NPM1,avg_log2FC,-3.63661827387217,0.000277851228793423,Neuron_Inh_Hippo
ulm,NR0B1,avg_log2FC,-0.965520894784044,0.334311046131309,Neuron_Inh_Hippo
ulm,NR1D1,avg_log2FC,-1.4237498527987,0.154555070557311,Neuron_Inh_Hippo
ulm,NR1H4,avg_log2FC,-0.571538800901329,0.567649359563363,Neuron_Inh_Hippo
ulm,NR1I2,avg_log2FC,-2.36298790989801,0.0181503233893333,Neuron_Inh_Hippo
ulm,NR2E3,avg_log2FC,-0.576770814587842,0.56410933985101,Neuron_Inh_Hippo
ulm,NR5A1,avg_log2FC,-1.57774324212086,0.114661280709137,Neuron_Inh_Hippo
ulm,NUFIP1,avg_log2FC,0.042984540875075,0.965714852068124,Neuron_Inh_Hippo
ulm,OVOL3,avg_log2FC,-1.04286792207363,0.297038697264945,Neuron_Inh_Hippo
ulm,PAF1,avg_log2FC,0.396382041897651,0.691833017880352,Neuron_Inh_Hippo
ulm,PAX3,avg_log2FC,-1.62885841593968,0.103379515661061,Neuron_Inh_Hippo
ulm,PAX6,avg_log2FC,-3.08882280303147,0.00201590115131961,Neuron_Inh_Hippo
ulm,PAX7,avg_log2FC,-0.0351816493126551,0.971935709039689,Neuron_Inh_Hippo
ulm,PAX8,avg_log2FC,-1.02313001050405,0.306275074179506,Neuron_Inh_Hippo
ulm,PBXIP1,avg_log2FC,2.48294242709985,0.0130490817942939,Neuron_Inh_Hippo
ulm,PCGF1,avg_log2FC,-0.885746691208296,0.375778735501388,Neuron_Inh_Hippo
ulm,PCGF6,avg_log2FC,-0.249270088582373,0.803157802734898,Neuron_Inh_Hippo
ulm,PER1,avg_log2FC,-2.61185762457529,0.00902077750571714,Neuron_Inh_Hippo
ulm,PGBD5,avg_log2FC,-0.265686722764172,0.790486839760418,Neuron_Inh_Hippo
ulm,PGM3,avg_log2FC,-2.19155871726386,0.0284380314931578,Neuron_Inh_Hippo
ulm,PHB2,avg_log2FC,-1.12437440852133,0.260885514715896,Neuron_Inh_Hippo
ulm,PHF21A,avg_log2FC,-1.99379041451341,0.0462063997800121,Neuron_Inh_Hippo
ulm,PIAS4,avg_log2FC,0.387995177235422,0.698029177905807,Neuron_Inh_Hippo
ulm,PITX1,avg_log2FC,-2.15056562603882,0.0315382050554585,Neuron_Inh_Hippo
ulm,POU2AF1,avg_log2FC,-2.50520699057982,0.0122562626010538,Neuron_Inh_Hippo
ulm,PPARA,avg_log2FC,-2.34351523132186,0.019125569705,Neuron_Inh_Hippo
ulm,PPARGC1A,avg_log2FC,-2.75014640231736,0.0059692802386245,Neuron_Inh_Hippo
ulm,PRDM12,avg_log2FC,2.19547477569786,0.0281561019771025,Neuron_Inh_Hippo
ulm,PRDM4,avg_log2FC,-2.16161236605953,0.0306754889147003,Neuron_Inh_Hippo
ulm,PRDM5,avg_log2FC,0.877009018063699,0.380506166255395,Neuron_Inh_Hippo
ulm,PRKDC,avg_log2FC,-2.72675548091069,0.00640896967434348,Neuron_Inh_Hippo
ulm,PRMT5,avg_log2FC,-0.711029911460943,0.477084927685418,Neuron_Inh_Hippo
ulm,PSIP1,avg_log2FC,-3.73214943412155,0.000191072970955855,Neuron_Inh_Hippo
ulm,PSMB5,avg_log2FC,-7.05842423682358,1.81431029494199e-12,Neuron_Inh_Hippo
ulm,PTPRA,avg_log2FC,-1.33451067917925,0.182071778057205,Neuron_Inh_Hippo
ulm,PTTG1,avg_log2FC,0.404441032089343,0.685898460763486,Neuron_Inh_Hippo
ulm,RAG1,avg_log2FC,-6.35185810979459,2.23490055391893e-10,Neuron_Inh_Hippo
ulm,RAX2,avg_log2FC,-2.1725296849886,0.0298428732547967,Neuron_Inh_Hippo
ulm,RBL1,avg_log2FC,-1.76799509885304,0.077097070051846,Neuron_Inh_Hippo
ulm,RBM15,avg_log2FC,-2.18153916932487,0.0291704673758548,Neuron_Inh_Hippo
ulm,RBM17,avg_log2FC,-0.368228555113671,0.71271185669661,Neuron_Inh_Hippo
ulm,RBM34,avg_log2FC,-1.87229002487502,0.0612002997775165,Neuron_Inh_Hippo
ulm,RFX7,avg_log2FC,-2.77027951148792,0.00561280510426787,Neuron_Inh_Hippo
ulm,RLF,avg_log2FC,-1.14434578348744,0.252512019268531,Neuron_Inh_Hippo
ulm,RORA,avg_log2FC,-1.48688002162747,0.137083055256287,Neuron_Inh_Hippo
ulm,RPA1,avg_log2FC,-0.562332980908707,0.573903785528055,Neuron_Inh_Hippo
ulm,RUVBL1,avg_log2FC,-2.03377511535735,0.042004818492626,Neuron_Inh_Hippo
ulm,RUVBL2,avg_log2FC,0.243378628942041,0.807717885763328,Neuron_Inh_Hippo
ulm,RYBP,avg_log2FC,-1.32414809741035,0.185488953324633,Neuron_Inh_Hippo
ulm,SAFB2,avg_log2FC,-3.28163407605618,0.00103617632737375,Neuron_Inh_Hippo
ulm,SALL4,avg_log2FC,-5.49953374014102,3.91680372939276e-08,Neuron_Inh_Hippo
ulm,SETBP1,avg_log2FC,-2.14480116863206,0.0319965986185695,Neuron_Inh_Hippo
ulm,SETD1A,avg_log2FC,-4.47168826120665,7.85970658885969e-06,Neuron_Inh_Hippo
ulm,SETD7,avg_log2FC,-8.26866782798545,1.55619175719959e-16,Neuron_Inh_Hippo
ulm,SFMBT1,avg_log2FC,-3.56793502529963,0.00036175848695757,Neuron_Inh_Hippo
ulm,SIGMAR1,avg_log2FC,-1.17758445389596,0.238994802739008,Neuron_Inh_Hippo
ulm,SIPA1,avg_log2FC,0.291968420095854,0.770317791676617,Neuron_Inh_Hippo
ulm,SIRT3,avg_log2FC,-0.994775224008841,0.31987350569402,Neuron_Inh_Hippo
ulm,SIX1,avg_log2FC,-1.28252621313077,0.199692582212263,Neuron_Inh_Hippo
ulm,SIX4,avg_log2FC,-0.377891330842876,0.705520621898942,Neuron_Inh_Hippo
ulm,SKIL,avg_log2FC,-4.35963413847171,1.31791667570534e-05,Neuron_Inh_Hippo
ulm,SKP2,avg_log2FC,0.474614395101628,0.635073860245106,Neuron_Inh_Hippo
ulm,SMARCA1,avg_log2FC,-1.87243365481897,0.0611804398632054,Neuron_Inh_Hippo
ulm,SMCHD1,avg_log2FC,-0.834217591475209,0.404181483385594,Neuron_Inh_Hippo
ulm,SMN1_SMN2,avg_log2FC,-0.080480710864511,0.935856804221214,Neuron_Inh_Hippo
ulm,SNAI1,avg_log2FC,-1.01328126415063,0.310954257915846,Neuron_Inh_Hippo
ulm,SNAPC4,avg_log2FC,0.0293113346909932,0.976616965178241,Neuron_Inh_Hippo
ulm,SNIP1,avg_log2FC,-2.08331492794356,0.0372519037990102,Neuron_Inh_Hippo
ulm,SNRNP70,avg_log2FC,-4.26947763896933,1.98029758351953e-05,Neuron_Inh_Hippo
ulm,SOX10,avg_log2FC,-2.39741897770617,0.0165321684847399,Neuron_Inh_Hippo
ulm,SOX11,avg_log2FC,-0.942990505633391,0.345712171634372,Neuron_Inh_Hippo
ulm,SOX3,avg_log2FC,-3.11418492230048,0.00185058134125553,Neuron_Inh_Hippo
ulm,SQSTM1,avg_log2FC,-0.149160635305766,0.881430368256952,Neuron_Inh_Hippo
ulm,SRPK1,avg_log2FC,-1.67971989854254,0.0930480433236729,Neuron_Inh_Hippo
ulm,SRPK2,avg_log2FC,-0.00652601847582371,0.994793178503373,Neuron_Inh_Hippo
ulm,SRSF9,avg_log2FC,-3.02905769419291,0.00246043851456824,Neuron_Inh_Hippo
ulm,SS18_SSX1_FUSION_UNIPROT_Q8IZH1_UNREVIEWED,avg_log2FC,-0.0237556829178228,0.981048039518214,Neuron_Inh_Hippo
ulm,STN1,avg_log2FC,-2.61801291534075,0.00885979894061106,Neuron_Inh_Hippo
ulm,SUMO1,avg_log2FC,-3.30150184018517,0.000965595611148515,Neuron_Inh_Hippo
ulm,SUPT16H,avg_log2FC,-6.2335135184523,4.77489309310247e-10,Neuron_Inh_Hippo
ulm,SUPT20H,avg_log2FC,-4.20783856744621,2.60436989000822e-05,Neuron_Inh_Hippo
ulm,SVIL,avg_log2FC,-0.320578659885091,0.748537478028849,Neuron_Inh_Hippo
ulm,SYNCRIP,avg_log2FC,-0.18288051203445,0.854896072556197,Neuron_Inh_Hippo
ulm,TAF9B,avg_log2FC,-3.00561618869691,0.00265805745195138,Neuron_Inh_Hippo
ulm,TAFAZZIN,avg_log2FC,-1.37434041551865,0.169371733327571,Neuron_Inh_Hippo
ulm,TASOR,avg_log2FC,-3.19816133007323,0.0013880663103913,Neuron_Inh_Hippo
ulm,TBPL1,avg_log2FC,0.0396561186570285,0.968368204212042,Neuron_Inh_Hippo
ulm,TBX1,avg_log2FC,-0.675253032101085,0.499533120315127,Neuron_Inh_Hippo
ulm,TBX3,avg_log2FC,-1.59265221911387,0.111274876668425,Neuron_Inh_Hippo
ulm,TCOF1,avg_log2FC,-0.838794930412036,0.40160764202133,Neuron_Inh_Hippo
ulm,TEAD2,avg_log2FC,-4.90799192284316,9.36999146814194e-07,Neuron_Inh_Hippo
ulm,TERF1,avg_log2FC,-0.135194621954265,0.892461153911626,Neuron_Inh_Hippo
ulm,TERF2,avg_log2FC,0.513154891980953,0.607856119646807,Neuron_Inh_Hippo
ulm,TERT,avg_log2FC,-0.746605456324207,0.45532210390627,Neuron_Inh_Hippo
ulm,TET1,avg_log2FC,-2.30453319311472,0.021216370098942,Neuron_Inh_Hippo
ulm,TFCP2,avg_log2FC,-0.438967830374395,0.660695842156757,Neuron_Inh_Hippo
ulm,TFEB,avg_log2FC,-4.10958238040479,4.0004489771495e-05,Neuron_Inh_Hippo
ulm,THRA,avg_log2FC,-0.330727525721839,0.740858342389317,Neuron_Inh_Hippo
ulm,THRAP3,avg_log2FC,-1.10430255856092,0.269492719682342,Neuron_Inh_Hippo
ulm,TOP2B,avg_log2FC,-3.41024117598661,0.000652029995500803,Neuron_Inh_Hippo
ulm,TOX4,avg_log2FC,-2.35287296995264,0.0186513320154493,Neuron_Inh_Hippo
ulm,TRIP13,avg_log2FC,1.56553204076927,0.117494896811039,Neuron_Inh_Hippo
ulm,TSHZ1,avg_log2FC,-0.862353551001036,0.388516968368952,Neuron_Inh_Hippo
ulm,UBE2I,avg_log2FC,-0.977067217525614,0.328563279345338,Neuron_Inh_Hippo
ulm,UBN1,avg_log2FC,-5.38882647714174,7.27906956581751e-08,Neuron_Inh_Hippo
ulm,WDHD1,avg_log2FC,-0.032163749078299,0.974342209484609,Neuron_Inh_Hippo
ulm,WIZ,avg_log2FC,1.49088504121598,0.136028248826732,Neuron_Inh_Hippo
ulm,WRN,avg_log2FC,-1.54600453212026,0.122140161722125,Neuron_Inh_Hippo
ulm,WRNIP1,avg_log2FC,-2.83924071714829,0.00453267777716331,Neuron_Inh_Hippo
ulm,XPO1,avg_log2FC,-0.358555504209591,0.719936414338861,Neuron_Inh_Hippo
ulm,YBX1,avg_log2FC,-0.689241308824214,0.490689966293679,Neuron_Inh_Hippo
ulm,YBX3,avg_log2FC,-0.197430268426217,0.843495497296646,Neuron_Inh_Hippo
ulm,ZA_UNIPROT_Q9UM89_UNREVIEWED_GENES,avg_log2FC,-0.492092094636455,0.62266676479707,Neuron_Inh_Hippo
ulm,ZBED4,avg_log2FC,-1.11562904066765,0.264612037633325,Neuron_Inh_Hippo
ulm,ZBED5,avg_log2FC,-3.28188986185426,0.00103523806477886,Neuron_Inh_Hippo
ulm,ZBTB1,avg_log2FC,-1.75662469975504,0.0790172824901393,Neuron_Inh_Hippo
ulm,ZBTB12,avg_log2FC,-4.0311316713447,5.59864851962931e-05,Neuron_Inh_Hippo
ulm,ZBTB18,avg_log2FC,-2.80368088400754,0.00506357675093836,Neuron_Inh_Hippo
ulm,ZBTB44,avg_log2FC,-3.51164153363148,0.000447625674323675,Neuron_Inh_Hippo
ulm,ZBTB5,avg_log2FC,-1.08856729305431,0.276375162026997,Neuron_Inh_Hippo
ulm,ZC3H11A,avg_log2FC,-2.74783139317498,0.00601155103637436,Neuron_Inh_Hippo
ulm,ZFHX3,avg_log2FC,-5.0806366372655,3.84057948871017e-07,Neuron_Inh_Hippo
ulm,ZFP28,avg_log2FC,1.1500700725611,0.250146897869142,Neuron_Inh_Hippo
ulm,ZFP3,avg_log2FC,-0.629068738209885,0.529320715977295,Neuron_Inh_Hippo
ulm,ZFP36L1,avg_log2FC,-1.06483847244878,0.286978840587541,Neuron_Inh_Hippo
ulm,ZFP82,avg_log2FC,-1.37121122684812,0.170344793597914,Neuron_Inh_Hippo
ulm,ZFP91,avg_log2FC,-1.48801396938341,0.136783767808017,Neuron_Inh_Hippo
ulm,ZIM3,avg_log2FC,-0.831734466402511,0.405581867630816,Neuron_Inh_Hippo
ulm,ZMYM2,avg_log2FC,-0.0328483658435181,0.973796268723294,Neuron_Inh_Hippo
ulm,ZMYND11,avg_log2FC,-2.01618792309821,0.0438112710578067,Neuron_Inh_Hippo
ulm,ZNF10,avg_log2FC,-1.72227861782933,0.0850549093538846,Neuron_Inh_Hippo
ulm,ZNF101,avg_log2FC,-2.18441255676705,0.0289587784510141,Neuron_Inh_Hippo
ulm,ZNF133,avg_log2FC,-0.206910983468202,0.836084262925816,Neuron_Inh_Hippo
ulm,ZNF134,avg_log2FC,-0.621394984984165,0.534356193334033,Neuron_Inh_Hippo
ulm,ZNF140,avg_log2FC,-1.76902743983369,0.0769246299067273,Neuron_Inh_Hippo
ulm,ZNF146,avg_log2FC,-2.92777095623292,0.00342293911090472,Neuron_Inh_Hippo
ulm,ZNF157,avg_log2FC,1.98352363036342,0.0473406276055886,Neuron_Inh_Hippo
ulm,ZNF16,avg_log2FC,1.23589773223391,0.216530238327581,Neuron_Inh_Hippo
ulm,ZNF165,avg_log2FC,-1.54655039098521,0.122008388790971,Neuron_Inh_Hippo
ulm,ZNF169,avg_log2FC,0.358137819088917,0.720248942435133,Neuron_Inh_Hippo
ulm,ZNF175,avg_log2FC,-4.10925319022748,4.00614407408664e-05,Neuron_Inh_Hippo
ulm,ZNF184,avg_log2FC,-3.71863358124938,0.000201573211330605,Neuron_Inh_Hippo
ulm,ZNF19,avg_log2FC,-1.31460685449019,0.188677020047958,Neuron_Inh_Hippo
ulm,ZNF197,avg_log2FC,-2.1107403802979,0.0348233387902322,Neuron_Inh_Hippo
ulm,ZNF2,avg_log2FC,-3.81893158499796,0.000134970352477719,Neuron_Inh_Hippo
ulm,ZNF202,avg_log2FC,1.51103712172503,0.130815627741329,Neuron_Inh_Hippo
ulm,ZNF213,avg_log2FC,-1.92091467905791,0.054775392029074,Neuron_Inh_Hippo
ulm,ZNF214,avg_log2FC,1.4815105257132,0.138507112880418,Neuron_Inh_Hippo
ulm,ZNF22,avg_log2FC,-0.67703123800573,0.498404292242991,Neuron_Inh_Hippo
ulm,ZNF223,avg_log2FC,-1.32202889747241,0.186193587992285,Neuron_Inh_Hippo
ulm,ZNF224,avg_log2FC,-3.15658684380079,0.00160176975235408,Neuron_Inh_Hippo
ulm,ZNF23,avg_log2FC,0.671341680039689,0.502020867201253,Neuron_Inh_Hippo
ulm,ZNF236,avg_log2FC,-3.35102813469193,0.000808579338469598,Neuron_Inh_Hippo
ulm,ZNF239,avg_log2FC,-0.365599510142827,0.714672906279174,Neuron_Inh_Hippo
ulm,ZNF250,avg_log2FC,-1.90123222455033,0.0573048980339845,Neuron_Inh_Hippo
ulm,ZNF257,avg_log2FC,-3.05731044770128,0.0022401665340181,Neuron_Inh_Hippo
ulm,ZNF26,avg_log2FC,-1.38374360673091,0.166472784337909,Neuron_Inh_Hippo
ulm,ZNF260,avg_log2FC,-1.86129340621315,0.0627367493676978,Neuron_Inh_Hippo
ulm,ZNF274,avg_log2FC,-2.04747924035145,0.0406412805346465,Neuron_Inh_Hippo
ulm,ZNF282,avg_log2FC,-4.02850179698732,5.66151593765005e-05,Neuron_Inh_Hippo
ulm,ZNF292,avg_log2FC,1.97438304724433,0.0483700555691736,Neuron_Inh_Hippo
ulm,ZNF30,avg_log2FC,-1.12171292834796,0.262015745240394,Neuron_Inh_Hippo
ulm,ZNF318,avg_log2FC,-4.24875262884331,2.17223995642884e-05,Neuron_Inh_Hippo
ulm,ZNF320,avg_log2FC,0.548349580106996,0.583466081918585,Neuron_Inh_Hippo
ulm,ZNF322,avg_log2FC,-1.14130427382788,0.253775010597262,Neuron_Inh_Hippo
ulm,ZNF329,avg_log2FC,-1.01651255209597,0.309413886368064,Neuron_Inh_Hippo
ulm,ZNF331,avg_log2FC,-0.285719987254343,0.775099456311371,Neuron_Inh_Hippo
ulm,ZNF33A,avg_log2FC,-0.0474907651700397,0.962123189903019,Neuron_Inh_Hippo
ulm,ZNF34,avg_log2FC,2.55354741504469,0.0106802259550733,Neuron_Inh_Hippo
ulm,ZNF350,avg_log2FC,-0.250370370784011,0.802306904099848,Neuron_Inh_Hippo
ulm,ZNF354A,avg_log2FC,2.25498292540637,0.0241593696213942,Neuron_Inh_Hippo
ulm,ZNF354B,avg_log2FC,-1.19442007494212,0.23234653367341,Neuron_Inh_Hippo
ulm,ZNF362,avg_log2FC,-2.04839054284417,0.0405519536400438,Neuron_Inh_Hippo
ulm,ZNF37A,avg_log2FC,-1.28134363816303,0.200107439115604,Neuron_Inh_Hippo
ulm,ZNF391,avg_log2FC,-2.9744848455726,0.0029429369589157,Neuron_Inh_Hippo
ulm,ZNF394,avg_log2FC,-1.18301549172818,0.23683561550232,Neuron_Inh_Hippo
ulm,ZNF404,avg_log2FC,1.33568958208267,0.181686000151509,Neuron_Inh_Hippo
ulm,ZNF407,avg_log2FC,-4.55350583886915,5.3482765251312e-06,Neuron_Inh_Hippo
ulm,ZNF41,avg_log2FC,0.969907697507718,0.332119700240728,Neuron_Inh_Hippo
ulm,ZNF410,avg_log2FC,0.529699838048674,0.59633369423834,Neuron_Inh_Hippo
ulm,ZNF418,avg_log2FC,-0.9439931597158,0.345199585661544,Neuron_Inh_Hippo
ulm,ZNF423,avg_log2FC,-2.74985706426539,0.00597454870440084,Neuron_Inh_Hippo
ulm,ZNF426,avg_log2FC,1.67640794927581,0.0936945541816719,Neuron_Inh_Hippo
ulm,ZNF433,avg_log2FC,1.54689211790951,0.121925950873422,Neuron_Inh_Hippo
ulm,ZNF436,avg_log2FC,0.767464831203107,0.442826203792962,Neuron_Inh_Hippo
ulm,ZNF445,avg_log2FC,2.66501045237634,0.00771292685567523,Neuron_Inh_Hippo
ulm,ZNF454,avg_log2FC,-1.18943375028187,0.234301768803732,Neuron_Inh_Hippo
ulm,ZNF486,avg_log2FC,-0.177549389883811,0.85908104324644,Neuron_Inh_Hippo
ulm,ZNF488,avg_log2FC,0.225670019197108,0.821463424700122,Neuron_Inh_Hippo
ulm,ZNF490,avg_log2FC,-1.28312342136767,0.199483315647266,Neuron_Inh_Hippo
ulm,ZNF501,avg_log2FC,-0.10621844308582,0.915411508486753,Neuron_Inh_Hippo
ulm,ZNF502,avg_log2FC,0.943159271295638,0.345625859771625,Neuron_Inh_Hippo
ulm,ZNF507,avg_log2FC,-3.14854217104962,0.00164646748135546,Neuron_Inh_Hippo
ulm,ZNF510,avg_log2FC,0.0461401559503477,0.963199608460362,Neuron_Inh_Hippo
ulm,ZNF512,avg_log2FC,-0.655297447791309,0.51229374052326,Neuron_Inh_Hippo
ulm,ZNF512B,avg_log2FC,-1.01978930803832,0.307856998354691,Neuron_Inh_Hippo
ulm,ZNF513,avg_log2FC,-2.24428496652006,0.0248393266523618,Neuron_Inh_Hippo
ulm,ZNF524,avg_log2FC,-1.83067777007532,0.0671831374957294,Neuron_Inh_Hippo
ulm,ZNF528,avg_log2FC,-0.914436467741305,0.360513109519209,Neuron_Inh_Hippo
ulm,ZNF529,avg_log2FC,-0.63917495827702,0.522726094972395,Neuron_Inh_Hippo
ulm,ZNF530,avg_log2FC,0.429346309926811,0.667681944224175,Neuron_Inh_Hippo
ulm,ZNF532,avg_log2FC,-2.32020690894799,0.0203529033102733,Neuron_Inh_Hippo
ulm,ZNF547,avg_log2FC,-1.69975099168195,0.089213830283492,Neuron_Inh_Hippo
ulm,ZNF548,avg_log2FC,-0.384267013914688,0.700790026968215,Neuron_Inh_Hippo
ulm,ZNF549,avg_log2FC,-1.06494692757833,0.28692975872827,Neuron_Inh_Hippo
ulm,ZNF555,avg_log2FC,2.06566335759344,0.0388900772864355,Neuron_Inh_Hippo
ulm,ZNF558,avg_log2FC,-0.761976926254065,0.446094610799981,Neuron_Inh_Hippo
ulm,ZNF560,avg_log2FC,0.0372074951428072,0.970320423575807,Neuron_Inh_Hippo
ulm,ZNF561,avg_log2FC,-3.23583320820137,0.00121745855583761,Neuron_Inh_Hippo
ulm,ZNF563,avg_log2FC,-1.1437736592366,0.252749259511971,Neuron_Inh_Hippo
ulm,ZNF577,avg_log2FC,0.520543330257384,0.602698297328462,Neuron_Inh_Hippo
ulm,ZNF579,avg_log2FC,-2.00402417231995,0.0450986835743108,Neuron_Inh_Hippo
ulm,ZNF581,avg_log2FC,-1.93409208875648,0.0531344782398264,Neuron_Inh_Hippo
ulm,ZNF582,avg_log2FC,-0.907960741507462,0.363924331326951,Neuron_Inh_Hippo
ulm,ZNF584,avg_log2FC,-0.94043743478192,0.347019564934069,Neuron_Inh_Hippo
ulm,ZNF585B,avg_log2FC,1.85372493898877,0.0638126422531193,Neuron_Inh_Hippo
ulm,ZNF586,avg_log2FC,3.15098987722599,0.00163274752482737,Neuron_Inh_Hippo
ulm,ZNF589,avg_log2FC,-2.46473067959028,0.0137309724065581,Neuron_Inh_Hippo
ulm,ZNF592,avg_log2FC,-2.55026811182492,0.0107811434209435,Neuron_Inh_Hippo
ulm,ZNF595,avg_log2FC,0.0817624800539662,0.934837489907445,Neuron_Inh_Hippo
ulm,ZNF596,avg_log2FC,-1.09767513802953,0.272377012705426,Neuron_Inh_Hippo
ulm,ZNF597,avg_log2FC,-1.84862688819938,0.064545910345785,Neuron_Inh_Hippo
ulm,ZNF610,avg_log2FC,-2.82237819678936,0.00477780223958453,Neuron_Inh_Hippo
ulm,ZNF618,avg_log2FC,-3.06331647626995,0.00219573497942241,Neuron_Inh_Hippo
ulm,ZNF622,avg_log2FC,-0.432375961511673,0.665478996026992,Neuron_Inh_Hippo
ulm,ZNF623,avg_log2FC,1.37567641825224,0.168957558961484,Neuron_Inh_Hippo
ulm,ZNF626,avg_log2FC,0.810507369818596,0.417670993565152,Neuron_Inh_Hippo
ulm,ZNF660,avg_log2FC,-2.238578032985,0.0252087912142642,Neuron_Inh_Hippo
ulm,ZNF664,avg_log2FC,-0.0968505932158039,0.922847295443596,Neuron_Inh_Hippo
ulm,ZNF667,avg_log2FC,-1.20233119763464,0.229268241514435,Neuron_Inh_Hippo
ulm,ZNF669,avg_log2FC,0.0371284429421784,0.970383452721805,Neuron_Inh_Hippo
ulm,ZNF677,avg_log2FC,1.1191856592151,0.263092109194354,Neuron_Inh_Hippo
ulm,ZNF680,avg_log2FC,-0.699268149950524,0.484403324196382,Neuron_Inh_Hippo
ulm,ZNF697,avg_log2FC,2.12553124951633,0.033570646557953,Neuron_Inh_Hippo
ulm,ZNF7,avg_log2FC,-2.53457989857621,0.0112757568847374,Neuron_Inh_Hippo
ulm,ZNF704,avg_log2FC,-1.54375576194227,0.12268419918753,Neuron_Inh_Hippo
ulm,ZNF707,avg_log2FC,-0.047451248385832,0.962154683311878,Neuron_Inh_Hippo
ulm,ZNF708,avg_log2FC,0.286708977072005,0.774342050081227,Neuron_Inh_Hippo
ulm,ZNF711,avg_log2FC,-5.22917899776891,1.74258574940105e-07,Neuron_Inh_Hippo
ulm,ZNF740,avg_log2FC,-4.28057357137682,1.88428690880211e-05,Neuron_Inh_Hippo
ulm,ZNF746,avg_log2FC,-2.08758049831279,0.0368649662499066,Neuron_Inh_Hippo
ulm,ZNF766,avg_log2FC,-3.64553790896246,0.00026840300291293,Neuron_Inh_Hippo
ulm,ZNF768,avg_log2FC,-1.61294565251797,0.106792900432578,Neuron_Inh_Hippo
ulm,ZNF774,avg_log2FC,1.14288540737233,0.253117894715046,Neuron_Inh_Hippo
ulm,ZNF777,avg_log2FC,0.590188645748025,0.555079645248649,Neuron_Inh_Hippo
ulm,ZNF781,avg_log2FC,1.4412196128498,0.149558952295959,Neuron_Inh_Hippo
ulm,ZNF784,avg_log2FC,-1.72662448446878,0.0842709328777207,Neuron_Inh_Hippo
ulm,ZNF785,avg_log2FC,0.153354974402821,0.878121937601531,Neuron_Inh_Hippo
ulm,ZNF791,avg_log2FC,1.57419804021754,0.115478350003414,Neuron_Inh_Hippo
ulm,ZNF8,avg_log2FC,-1.47173324889954,0.141129409904509,Neuron_Inh_Hippo
ulm,ZNF816,avg_log2FC,-0.665122223990245,0.505990105230607,Neuron_Inh_Hippo
ulm,ZNF830,avg_log2FC,-2.11695036451707,0.0342926120390717,Neuron_Inh_Hippo
ulm,ZNF837,avg_log2FC,-2.61735709817109,0.00887682742670914,Neuron_Inh_Hippo
ulm,ZNF843,avg_log2FC,-2.56407404018389,0.0103619322090233,Neuron_Inh_Hippo
ulm,ZNF85,avg_log2FC,-2.9204879254378,0.00350389096158048,Neuron_Inh_Hippo
ulm,ZNF92,avg_log2FC,0.424286332926808,0.671367587374577,Neuron_Inh_Hippo
ulm,ZSCAN18,avg_log2FC,-0.975765404606375,0.329208098215639,Neuron_Inh_Hippo
ulm,ZSCAN2,avg_log2FC,-2.02503907318227,0.0428940950904179,Neuron_Inh_Hippo
ulm,ZSCAN21,avg_log2FC,-1.0930688534546,0.274394098291134,Neuron_Inh_Hippo
ulm,ZSCAN23,avg_log2FC,-0.0645782642129544,0.948511287813483,Neuron_Inh_Hippo
ulm,ZSCAN30,avg_log2FC,-4.1283623613988,3.6879774202436e-05,Neuron_Inh_Hippo
ulm,ZSCAN31,avg_log2FC,-0.48975888952877,0.62431698079576,Neuron_Inh_Hippo
ulm,ZSCAN4,avg_log2FC,0.223904367363036,0.822837020503571,Neuron_Inh_Hippo
ulm,ZSCAN5B,avg_log2FC,-0.141740017188082,0.887288675301383,Neuron_Inh_Hippo
ulm,ZSCAN5C,avg_log2FC,-0.280985668204335,0.77872813225193,Neuron_Inh_Hippo
ulm,ZSCAN5DP,avg_log2FC,-3.40983297538158,0.000653005309554082,Neuron_Inh_Hippo
ulm,ZZZ3,avg_log2FC,-1.64501405618875,0.10000335287025,Neuron_Inh_Hippo
